device: cuda
train json: /home/opat90op/AMS_Project/datasets_new/airrc_patches/splits/train.json
val json: /home/opat90op/AMS_Project/datasets_new/airrc_patches/splits/val.json
distal lumen weight: 6.0
distal occupancy threshold: 0.12
train patches: 6503
val patches: 1625
resumed checkpoint: saved_model/wingsnet_best_checkpoint.pth
resume mode: resume training
start epoch: 97
end epoch: 120
starting epoch: 97
epoch: 97, iter: 0/3251, distal-aware loss: 0.3080, lumen dice: 0.9474, wall dice: 0.8475, distal recall: 0.7314
epoch: 97, iter: 10/3251, distal-aware loss: 0.2751, lumen dice: 0.9443, wall dice: 0.8627, distal recall: 0.8593
epoch: 97, iter: 20/3251, distal-aware loss: 0.3067, lumen dice: 0.9391, wall dice: 0.8510, distal recall: 0.8403
epoch: 97, iter: 30/3251, distal-aware loss: 0.3104, lumen dice: 0.9357, wall dice: 0.8459, distal recall: 0.8376
epoch: 97, iter: 40/3251, distal-aware loss: 0.3193, lumen dice: 0.9278, wall dice: 0.8326, distal recall: 0.8360
epoch: 97, iter: 50/3251, distal-aware loss: 0.3204, lumen dice: 0.9282, wall dice: 0.8352, distal recall: 0.8354
epoch: 97, iter: 60/3251, distal-aware loss: 0.3231, lumen dice: 0.9289, wall dice: 0.8358, distal recall: 0.8343
epoch: 97, iter: 70/3251, distal-aware loss: 0.3282, lumen dice: 0.9265, wall dice: 0.8350, distal recall: 0.8337
epoch: 97, iter: 80/3251, distal-aware loss: 0.3228, lumen dice: 0.9304, wall dice: 0.8382, distal recall: 0.8350
epoch: 97, iter: 90/3251, distal-aware loss: 0.3288, lumen dice: 0.9219, wall dice: 0.8373, distal recall: 0.8365
epoch: 97, iter: 100/3251, distal-aware loss: 0.3273, lumen dice: 0.9216, wall dice: 0.8362, distal recall: 0.8389
epoch: 97, iter: 110/3251, distal-aware loss: 0.3261, lumen dice: 0.9232, wall dice: 0.8365, distal recall: 0.8367
epoch: 97, iter: 120/3251, distal-aware loss: 0.3262, lumen dice: 0.9189, wall dice: 0.8357, distal recall: 0.8390
epoch: 97, iter: 130/3251, distal-aware loss: 0.3277, lumen dice: 0.9190, wall dice: 0.8336, distal recall: 0.8389
epoch: 97, iter: 140/3251, distal-aware loss: 0.3296, lumen dice: 0.9168, wall dice: 0.8329, distal recall: 0.8386
epoch: 97, iter: 150/3251, distal-aware loss: 0.3293, lumen dice: 0.9183, wall dice: 0.8332, distal recall: 0.8370
epoch: 97, iter: 160/3251, distal-aware loss: 0.3308, lumen dice: 0.9185, wall dice: 0.8311, distal recall: 0.8376
epoch: 97, iter: 170/3251, distal-aware loss: 0.3315, lumen dice: 0.9181, wall dice: 0.8306, distal recall: 0.8367
epoch: 97, iter: 180/3251, distal-aware loss: 0.3304, lumen dice: 0.9190, wall dice: 0.8312, distal recall: 0.8378
epoch: 97, iter: 190/3251, distal-aware loss: 0.3272, lumen dice: 0.9211, wall dice: 0.8327, distal recall: 0.8394
epoch: 97, iter: 200/3251, distal-aware loss: 0.3266, lumen dice: 0.9220, wall dice: 0.8337, distal recall: 0.8410
epoch: 97, iter: 210/3251, distal-aware loss: 0.3264, lumen dice: 0.9228, wall dice: 0.8337, distal recall: 0.8399
epoch: 97, iter: 220/3251, distal-aware loss: 0.3271, lumen dice: 0.9213, wall dice: 0.8337, distal recall: 0.8398
epoch: 97, iter: 230/3251, distal-aware loss: 0.3257, lumen dice: 0.9223, wall dice: 0.8348, distal recall: 0.8393
epoch: 97, iter: 240/3251, distal-aware loss: 0.3253, lumen dice: 0.9232, wall dice: 0.8346, distal recall: 0.8404
epoch: 97, iter: 250/3251, distal-aware loss: 0.3236, lumen dice: 0.9238, wall dice: 0.8352, distal recall: 0.8412
epoch: 97, iter: 260/3251, distal-aware loss: 0.3228, lumen dice: 0.9248, wall dice: 0.8355, distal recall: 0.8413
epoch: 97, iter: 270/3251, distal-aware loss: 0.3227, lumen dice: 0.9250, wall dice: 0.8353, distal recall: 0.8420
epoch: 97, iter: 280/3251, distal-aware loss: 0.3225, lumen dice: 0.9251, wall dice: 0.8357, distal recall: 0.8419
epoch: 97, iter: 290/3251, distal-aware loss: 0.3214, lumen dice: 0.9258, wall dice: 0.8363, distal recall: 0.8432
epoch: 97, iter: 300/3251, distal-aware loss: 0.3236, lumen dice: 0.9253, wall dice: 0.8340, distal recall: 0.8417
epoch: 97, iter: 310/3251, distal-aware loss: 0.3238, lumen dice: 0.9255, wall dice: 0.8340, distal recall: 0.8412
epoch: 97, iter: 320/3251, distal-aware loss: 0.3234, lumen dice: 0.9258, wall dice: 0.8346, distal recall: 0.8414
epoch: 97, iter: 330/3251, distal-aware loss: 0.3226, lumen dice: 0.9265, wall dice: 0.8349, distal recall: 0.8417
epoch: 97, iter: 340/3251, distal-aware loss: 0.3221, lumen dice: 0.9270, wall dice: 0.8351, distal recall: 0.8418
epoch: 97, iter: 350/3251, distal-aware loss: 0.3206, lumen dice: 0.9276, wall dice: 0.8362, distal recall: 0.8423
epoch: 97, iter: 360/3251, distal-aware loss: 0.3208, lumen dice: 0.9275, wall dice: 0.8360, distal recall: 0.8429
epoch: 97, iter: 370/3251, distal-aware loss: 0.3211, lumen dice: 0.9269, wall dice: 0.8362, distal recall: 0.8431
epoch: 97, iter: 380/3251, distal-aware loss: 0.3204, lumen dice: 0.9275, wall dice: 0.8367, distal recall: 0.8436
epoch: 97, iter: 390/3251, distal-aware loss: 0.3203, lumen dice: 0.9268, wall dice: 0.8366, distal recall: 0.8437
epoch: 97, iter: 400/3251, distal-aware loss: 0.3194, lumen dice: 0.9275, wall dice: 0.8370, distal recall: 0.8440
epoch: 97, iter: 410/3251, distal-aware loss: 0.3195, lumen dice: 0.9278, wall dice: 0.8371, distal recall: 0.8437
epoch: 97, iter: 420/3251, distal-aware loss: 0.3187, lumen dice: 0.9283, wall dice: 0.8376, distal recall: 0.8443
epoch: 97, iter: 430/3251, distal-aware loss: 0.3182, lumen dice: 0.9286, wall dice: 0.8376, distal recall: 0.8448
epoch: 97, iter: 440/3251, distal-aware loss: 0.3181, lumen dice: 0.9285, wall dice: 0.8379, distal recall: 0.8450
epoch: 97, iter: 450/3251, distal-aware loss: 0.3181, lumen dice: 0.9287, wall dice: 0.8379, distal recall: 0.8449
epoch: 97, iter: 460/3251, distal-aware loss: 0.3182, lumen dice: 0.9285, wall dice: 0.8377, distal recall: 0.8448
epoch: 97, iter: 470/3251, distal-aware loss: 0.3183, lumen dice: 0.9278, wall dice: 0.8374, distal recall: 0.8455
epoch: 97, iter: 480/3251, distal-aware loss: 0.3181, lumen dice: 0.9278, wall dice: 0.8377, distal recall: 0.8459
epoch: 97, iter: 490/3251, distal-aware loss: 0.3183, lumen dice: 0.9282, wall dice: 0.8377, distal recall: 0.8454
epoch: 97, iter: 500/3251, distal-aware loss: 0.3180, lumen dice: 0.9284, wall dice: 0.8379, distal recall: 0.8459
epoch: 97, iter: 510/3251, distal-aware loss: 0.3178, lumen dice: 0.9286, wall dice: 0.8380, distal recall: 0.8458
epoch: 97, iter: 520/3251, distal-aware loss: 0.3170, lumen dice: 0.9289, wall dice: 0.8386, distal recall: 0.8462
epoch: 97, iter: 530/3251, distal-aware loss: 0.3176, lumen dice: 0.9287, wall dice: 0.8381, distal recall: 0.8462
epoch: 97, iter: 540/3251, distal-aware loss: 0.3180, lumen dice: 0.9282, wall dice: 0.8372, distal recall: 0.8463
epoch: 97, iter: 550/3251, distal-aware loss: 0.3176, lumen dice: 0.9282, wall dice: 0.8374, distal recall: 0.8466
epoch: 97, iter: 560/3251, distal-aware loss: 0.3183, lumen dice: 0.9270, wall dice: 0.8377, distal recall: 0.8468
epoch: 97, iter: 570/3251, distal-aware loss: 0.3184, lumen dice: 0.9270, wall dice: 0.8369, distal recall: 0.8473
epoch: 97, iter: 580/3251, distal-aware loss: 0.3188, lumen dice: 0.9266, wall dice: 0.8366, distal recall: 0.8473
epoch: 97, iter: 590/3251, distal-aware loss: 0.3183, lumen dice: 0.9269, wall dice: 0.8370, distal recall: 0.8477
epoch: 97, iter: 600/3251, distal-aware loss: 0.3185, lumen dice: 0.9268, wall dice: 0.8370, distal recall: 0.8472
epoch: 97, iter: 610/3251, distal-aware loss: 0.3184, lumen dice: 0.9268, wall dice: 0.8372, distal recall: 0.8473
epoch: 97, iter: 620/3251, distal-aware loss: 0.3176, lumen dice: 0.9273, wall dice: 0.8376, distal recall: 0.8477
epoch: 97, iter: 630/3251, distal-aware loss: 0.3172, lumen dice: 0.9275, wall dice: 0.8378, distal recall: 0.8478
epoch: 97, iter: 640/3251, distal-aware loss: 0.3171, lumen dice: 0.9276, wall dice: 0.8376, distal recall: 0.8479
epoch: 97, iter: 650/3251, distal-aware loss: 0.3166, lumen dice: 0.9279, wall dice: 0.8378, distal recall: 0.8479
epoch: 97, iter: 660/3251, distal-aware loss: 0.3164, lumen dice: 0.9278, wall dice: 0.8378, distal recall: 0.8484
epoch: 97, iter: 670/3251, distal-aware loss: 0.3198, lumen dice: 0.9264, wall dice: 0.8362, distal recall: 0.8466
epoch: 97, iter: 680/3251, distal-aware loss: 0.3200, lumen dice: 0.9262, wall dice: 0.8360, distal recall: 0.8465
epoch: 97, iter: 690/3251, distal-aware loss: 0.3200, lumen dice: 0.9261, wall dice: 0.8360, distal recall: 0.8468
epoch: 97, iter: 700/3251, distal-aware loss: 0.3196, lumen dice: 0.9264, wall dice: 0.8364, distal recall: 0.8471
epoch: 97, iter: 710/3251, distal-aware loss: 0.3191, lumen dice: 0.9266, wall dice: 0.8368, distal recall: 0.8470
epoch: 97, iter: 720/3251, distal-aware loss: 0.3184, lumen dice: 0.9266, wall dice: 0.8371, distal recall: 0.8477
epoch: 97, iter: 730/3251, distal-aware loss: 0.3177, lumen dice: 0.9270, wall dice: 0.8372, distal recall: 0.8479
epoch: 97, iter: 740/3251, distal-aware loss: 0.3181, lumen dice: 0.9271, wall dice: 0.8372, distal recall: 0.8478
epoch: 97, iter: 750/3251, distal-aware loss: 0.3177, lumen dice: 0.9273, wall dice: 0.8375, distal recall: 0.8481
epoch: 97, iter: 760/3251, distal-aware loss: 0.3177, lumen dice: 0.9274, wall dice: 0.8376, distal recall: 0.8481
epoch: 97, iter: 770/3251, distal-aware loss: 0.3175, lumen dice: 0.9275, wall dice: 0.8378, distal recall: 0.8484
epoch: 97, iter: 780/3251, distal-aware loss: 0.3173, lumen dice: 0.9277, wall dice: 0.8380, distal recall: 0.8486
epoch: 97, iter: 790/3251, distal-aware loss: 0.3172, lumen dice: 0.9278, wall dice: 0.8381, distal recall: 0.8487
epoch: 97, iter: 800/3251, distal-aware loss: 0.3168, lumen dice: 0.9281, wall dice: 0.8385, distal recall: 0.8491
epoch: 97, iter: 810/3251, distal-aware loss: 0.3166, lumen dice: 0.9283, wall dice: 0.8387, distal recall: 0.8490
epoch: 97, iter: 820/3251, distal-aware loss: 0.3163, lumen dice: 0.9285, wall dice: 0.8389, distal recall: 0.8491
epoch: 97, iter: 830/3251, distal-aware loss: 0.3161, lumen dice: 0.9286, wall dice: 0.8391, distal recall: 0.8493
epoch: 97, iter: 840/3251, distal-aware loss: 0.3159, lumen dice: 0.9288, wall dice: 0.8392, distal recall: 0.8495
epoch: 97, iter: 850/3251, distal-aware loss: 0.3160, lumen dice: 0.9288, wall dice: 0.8392, distal recall: 0.8496
epoch: 97, iter: 860/3251, distal-aware loss: 0.3159, lumen dice: 0.9290, wall dice: 0.8393, distal recall: 0.8496
epoch: 97, iter: 870/3251, distal-aware loss: 0.3161, lumen dice: 0.9290, wall dice: 0.8391, distal recall: 0.8496
epoch: 97, iter: 880/3251, distal-aware loss: 0.3161, lumen dice: 0.9289, wall dice: 0.8391, distal recall: 0.8493
epoch: 97, iter: 890/3251, distal-aware loss: 0.3160, lumen dice: 0.9290, wall dice: 0.8393, distal recall: 0.8494
epoch: 97, iter: 900/3251, distal-aware loss: 0.3157, lumen dice: 0.9292, wall dice: 0.8394, distal recall: 0.8497
epoch: 97, iter: 910/3251, distal-aware loss: 0.3158, lumen dice: 0.9293, wall dice: 0.8394, distal recall: 0.8495
epoch: 97, iter: 920/3251, distal-aware loss: 0.3155, lumen dice: 0.9295, wall dice: 0.8396, distal recall: 0.8494
epoch: 97, iter: 930/3251, distal-aware loss: 0.3154, lumen dice: 0.9296, wall dice: 0.8396, distal recall: 0.8496
epoch: 97, iter: 940/3251, distal-aware loss: 0.3160, lumen dice: 0.9293, wall dice: 0.8392, distal recall: 0.8490
epoch: 97, iter: 950/3251, distal-aware loss: 0.3157, lumen dice: 0.9295, wall dice: 0.8394, distal recall: 0.8490
epoch: 97, iter: 960/3251, distal-aware loss: 0.3155, lumen dice: 0.9297, wall dice: 0.8395, distal recall: 0.8491
epoch: 97, iter: 970/3251, distal-aware loss: 0.3156, lumen dice: 0.9298, wall dice: 0.8394, distal recall: 0.8491
epoch: 97, iter: 980/3251, distal-aware loss: 0.3152, lumen dice: 0.9301, wall dice: 0.8397, distal recall: 0.8494
epoch: 97, iter: 990/3251, distal-aware loss: 0.3149, lumen dice: 0.9303, wall dice: 0.8400, distal recall: 0.8496
epoch: 97, iter: 1000/3251, distal-aware loss: 0.3149, lumen dice: 0.9302, wall dice: 0.8399, distal recall: 0.8498
epoch: 97, iter: 1010/3251, distal-aware loss: 0.3151, lumen dice: 0.9302, wall dice: 0.8398, distal recall: 0.8498
epoch: 97, iter: 1020/3251, distal-aware loss: 0.3148, lumen dice: 0.9304, wall dice: 0.8400, distal recall: 0.8500
epoch: 97, iter: 1030/3251, distal-aware loss: 0.3149, lumen dice: 0.9305, wall dice: 0.8397, distal recall: 0.8500
epoch: 97, iter: 1040/3251, distal-aware loss: 0.3144, lumen dice: 0.9308, wall dice: 0.8400, distal recall: 0.8501
epoch: 97, iter: 1050/3251, distal-aware loss: 0.3143, lumen dice: 0.9309, wall dice: 0.8401, distal recall: 0.8500
epoch: 97, iter: 1060/3251, distal-aware loss: 0.3141, lumen dice: 0.9310, wall dice: 0.8403, distal recall: 0.8503
epoch: 97, iter: 1070/3251, distal-aware loss: 0.3137, lumen dice: 0.9312, wall dice: 0.8402, distal recall: 0.8504
epoch: 97, iter: 1080/3251, distal-aware loss: 0.3136, lumen dice: 0.9313, wall dice: 0.8403, distal recall: 0.8506
epoch: 97, iter: 1090/3251, distal-aware loss: 0.3136, lumen dice: 0.9313, wall dice: 0.8403, distal recall: 0.8507
epoch: 97, iter: 1100/3251, distal-aware loss: 0.3133, lumen dice: 0.9314, wall dice: 0.8406, distal recall: 0.8509
epoch: 97, iter: 1110/3251, distal-aware loss: 0.3128, lumen dice: 0.9316, wall dice: 0.8408, distal recall: 0.8510
epoch: 97, iter: 1120/3251, distal-aware loss: 0.3130, lumen dice: 0.9316, wall dice: 0.8407, distal recall: 0.8508
epoch: 97, iter: 1130/3251, distal-aware loss: 0.3132, lumen dice: 0.9315, wall dice: 0.8406, distal recall: 0.8508
epoch: 97, iter: 1140/3251, distal-aware loss: 0.3133, lumen dice: 0.9316, wall dice: 0.8405, distal recall: 0.8506
epoch: 97, iter: 1150/3251, distal-aware loss: 0.3135, lumen dice: 0.9315, wall dice: 0.8405, distal recall: 0.8505
epoch: 97, iter: 1160/3251, distal-aware loss: 0.3132, lumen dice: 0.9316, wall dice: 0.8407, distal recall: 0.8505
epoch: 97, iter: 1170/3251, distal-aware loss: 0.3132, lumen dice: 0.9317, wall dice: 0.8408, distal recall: 0.8507
epoch: 97, iter: 1180/3251, distal-aware loss: 0.3130, lumen dice: 0.9319, wall dice: 0.8408, distal recall: 0.8508
epoch: 97, iter: 1190/3251, distal-aware loss: 0.3131, lumen dice: 0.9318, wall dice: 0.8408, distal recall: 0.8506
epoch: 97, iter: 1200/3251, distal-aware loss: 0.3132, lumen dice: 0.9318, wall dice: 0.8407, distal recall: 0.8506
epoch: 97, iter: 1210/3251, distal-aware loss: 0.3131, lumen dice: 0.9320, wall dice: 0.8407, distal recall: 0.8504
epoch: 97, iter: 1220/3251, distal-aware loss: 0.3130, lumen dice: 0.9319, wall dice: 0.8408, distal recall: 0.8505
epoch: 97, iter: 1230/3251, distal-aware loss: 0.3131, lumen dice: 0.9318, wall dice: 0.8407, distal recall: 0.8505
epoch: 97, iter: 1240/3251, distal-aware loss: 0.3128, lumen dice: 0.9319, wall dice: 0.8409, distal recall: 0.8505
epoch: 97, iter: 1250/3251, distal-aware loss: 0.3125, lumen dice: 0.9321, wall dice: 0.8410, distal recall: 0.8508
epoch: 97, iter: 1260/3251, distal-aware loss: 0.3123, lumen dice: 0.9322, wall dice: 0.8411, distal recall: 0.8509
epoch: 97, iter: 1270/3251, distal-aware loss: 0.3120, lumen dice: 0.9324, wall dice: 0.8412, distal recall: 0.8511
epoch: 97, iter: 1280/3251, distal-aware loss: 0.3118, lumen dice: 0.9325, wall dice: 0.8414, distal recall: 0.8513
epoch: 97, iter: 1290/3251, distal-aware loss: 0.3119, lumen dice: 0.9326, wall dice: 0.8413, distal recall: 0.8512
epoch: 97, iter: 1300/3251, distal-aware loss: 0.3123, lumen dice: 0.9325, wall dice: 0.8410, distal recall: 0.8509
epoch: 97, iter: 1310/3251, distal-aware loss: 0.3126, lumen dice: 0.9324, wall dice: 0.8409, distal recall: 0.8508
epoch: 97, iter: 1320/3251, distal-aware loss: 0.3127, lumen dice: 0.9322, wall dice: 0.8409, distal recall: 0.8508
epoch: 97, iter: 1330/3251, distal-aware loss: 0.3124, lumen dice: 0.9323, wall dice: 0.8410, distal recall: 0.8511
epoch: 97, iter: 1340/3251, distal-aware loss: 0.3123, lumen dice: 0.9324, wall dice: 0.8411, distal recall: 0.8510
epoch: 97, iter: 1350/3251, distal-aware loss: 0.3126, lumen dice: 0.9324, wall dice: 0.8410, distal recall: 0.8509
epoch: 97, iter: 1360/3251, distal-aware loss: 0.3125, lumen dice: 0.9324, wall dice: 0.8411, distal recall: 0.8511
epoch: 97, iter: 1370/3251, distal-aware loss: 0.3126, lumen dice: 0.9324, wall dice: 0.8411, distal recall: 0.8511
epoch: 97, iter: 1380/3251, distal-aware loss: 0.3126, lumen dice: 0.9325, wall dice: 0.8409, distal recall: 0.8512
epoch: 97, iter: 1390/3251, distal-aware loss: 0.3126, lumen dice: 0.9324, wall dice: 0.8408, distal recall: 0.8514
epoch: 97, iter: 1400/3251, distal-aware loss: 0.3124, lumen dice: 0.9325, wall dice: 0.8409, distal recall: 0.8515
epoch: 97, iter: 1410/3251, distal-aware loss: 0.3123, lumen dice: 0.9325, wall dice: 0.8410, distal recall: 0.8515
epoch: 97, iter: 1420/3251, distal-aware loss: 0.3121, lumen dice: 0.9326, wall dice: 0.8410, distal recall: 0.8516
epoch: 97, iter: 1430/3251, distal-aware loss: 0.3121, lumen dice: 0.9326, wall dice: 0.8411, distal recall: 0.8516
epoch: 97, iter: 1440/3251, distal-aware loss: 0.3120, lumen dice: 0.9328, wall dice: 0.8410, distal recall: 0.8519
epoch: 97, iter: 1450/3251, distal-aware loss: 0.3121, lumen dice: 0.9327, wall dice: 0.8409, distal recall: 0.8520
epoch: 97, iter: 1460/3251, distal-aware loss: 0.3121, lumen dice: 0.9328, wall dice: 0.8409, distal recall: 0.8518
epoch: 97, iter: 1470/3251, distal-aware loss: 0.3121, lumen dice: 0.9328, wall dice: 0.8408, distal recall: 0.8519
epoch: 97, iter: 1480/3251, distal-aware loss: 0.3118, lumen dice: 0.9329, wall dice: 0.8410, distal recall: 0.8519
epoch: 97, iter: 1490/3251, distal-aware loss: 0.3118, lumen dice: 0.9330, wall dice: 0.8410, distal recall: 0.8519
epoch: 97, iter: 1500/3251, distal-aware loss: 0.3117, lumen dice: 0.9331, wall dice: 0.8411, distal recall: 0.8521
epoch: 97, iter: 1510/3251, distal-aware loss: 0.3114, lumen dice: 0.9332, wall dice: 0.8413, distal recall: 0.8523
epoch: 97, iter: 1520/3251, distal-aware loss: 0.3114, lumen dice: 0.9332, wall dice: 0.8413, distal recall: 0.8523
epoch: 97, iter: 1530/3251, distal-aware loss: 0.3113, lumen dice: 0.9330, wall dice: 0.8414, distal recall: 0.8525
epoch: 97, iter: 1540/3251, distal-aware loss: 0.3113, lumen dice: 0.9330, wall dice: 0.8413, distal recall: 0.8526
epoch: 97, iter: 1550/3251, distal-aware loss: 0.3112, lumen dice: 0.9330, wall dice: 0.8413, distal recall: 0.8526
epoch: 97, iter: 1560/3251, distal-aware loss: 0.3109, lumen dice: 0.9331, wall dice: 0.8415, distal recall: 0.8528
epoch: 97, iter: 1570/3251, distal-aware loss: 0.3106, lumen dice: 0.9332, wall dice: 0.8417, distal recall: 0.8530
epoch: 97, iter: 1580/3251, distal-aware loss: 0.3107, lumen dice: 0.9332, wall dice: 0.8417, distal recall: 0.8532
epoch: 97, iter: 1590/3251, distal-aware loss: 0.3108, lumen dice: 0.9331, wall dice: 0.8417, distal recall: 0.8531
epoch: 97, iter: 1600/3251, distal-aware loss: 0.3108, lumen dice: 0.9331, wall dice: 0.8417, distal recall: 0.8531
epoch: 97, iter: 1610/3251, distal-aware loss: 0.3107, lumen dice: 0.9332, wall dice: 0.8418, distal recall: 0.8533
epoch: 97, iter: 1620/3251, distal-aware loss: 0.3106, lumen dice: 0.9333, wall dice: 0.8418, distal recall: 0.8533
epoch: 97, iter: 1630/3251, distal-aware loss: 0.3105, lumen dice: 0.9332, wall dice: 0.8419, distal recall: 0.8533
epoch: 97, iter: 1640/3251, distal-aware loss: 0.3105, lumen dice: 0.9332, wall dice: 0.8419, distal recall: 0.8533
epoch: 97, iter: 1650/3251, distal-aware loss: 0.3104, lumen dice: 0.9333, wall dice: 0.8420, distal recall: 0.8533
epoch: 97, iter: 1660/3251, distal-aware loss: 0.3102, lumen dice: 0.9334, wall dice: 0.8421, distal recall: 0.8535
epoch: 97, iter: 1670/3251, distal-aware loss: 0.3102, lumen dice: 0.9334, wall dice: 0.8421, distal recall: 0.8534
epoch: 97, iter: 1680/3251, distal-aware loss: 0.3101, lumen dice: 0.9335, wall dice: 0.8420, distal recall: 0.8536
epoch: 97, iter: 1690/3251, distal-aware loss: 0.3101, lumen dice: 0.9335, wall dice: 0.8420, distal recall: 0.8536
epoch: 97, iter: 1700/3251, distal-aware loss: 0.3100, lumen dice: 0.9336, wall dice: 0.8421, distal recall: 0.8537
epoch: 97, iter: 1710/3251, distal-aware loss: 0.3097, lumen dice: 0.9337, wall dice: 0.8422, distal recall: 0.8537
epoch: 97, iter: 1720/3251, distal-aware loss: 0.3097, lumen dice: 0.9337, wall dice: 0.8422, distal recall: 0.8538
epoch: 97, iter: 1730/3251, distal-aware loss: 0.3097, lumen dice: 0.9337, wall dice: 0.8423, distal recall: 0.8538
epoch: 97, iter: 1740/3251, distal-aware loss: 0.3095, lumen dice: 0.9338, wall dice: 0.8424, distal recall: 0.8541
epoch: 97, iter: 1750/3251, distal-aware loss: 0.3097, lumen dice: 0.9335, wall dice: 0.8423, distal recall: 0.8540
epoch: 97, iter: 1760/3251, distal-aware loss: 0.3097, lumen dice: 0.9336, wall dice: 0.8422, distal recall: 0.8541
epoch: 97, iter: 1770/3251, distal-aware loss: 0.3096, lumen dice: 0.9336, wall dice: 0.8422, distal recall: 0.8540
epoch: 97, iter: 1780/3251, distal-aware loss: 0.3095, lumen dice: 0.9337, wall dice: 0.8422, distal recall: 0.8542
epoch: 97, iter: 1790/3251, distal-aware loss: 0.3093, lumen dice: 0.9338, wall dice: 0.8423, distal recall: 0.8541
epoch: 97, iter: 1800/3251, distal-aware loss: 0.3092, lumen dice: 0.9339, wall dice: 0.8424, distal recall: 0.8542
epoch: 97, iter: 1810/3251, distal-aware loss: 0.3092, lumen dice: 0.9339, wall dice: 0.8423, distal recall: 0.8542
epoch: 97, iter: 1820/3251, distal-aware loss: 0.3093, lumen dice: 0.9339, wall dice: 0.8422, distal recall: 0.8541
epoch: 97, iter: 1830/3251, distal-aware loss: 0.3092, lumen dice: 0.9339, wall dice: 0.8423, distal recall: 0.8543
epoch: 97, iter: 1840/3251, distal-aware loss: 0.3090, lumen dice: 0.9339, wall dice: 0.8424, distal recall: 0.8544
epoch: 97, iter: 1850/3251, distal-aware loss: 0.3090, lumen dice: 0.9339, wall dice: 0.8424, distal recall: 0.8543
epoch: 97, iter: 1860/3251, distal-aware loss: 0.3089, lumen dice: 0.9338, wall dice: 0.8425, distal recall: 0.8545
epoch: 97, iter: 1870/3251, distal-aware loss: 0.3091, lumen dice: 0.9338, wall dice: 0.8425, distal recall: 0.8545
epoch: 97, iter: 1880/3251, distal-aware loss: 0.3092, lumen dice: 0.9336, wall dice: 0.8424, distal recall: 0.8544
epoch: 97, iter: 1890/3251, distal-aware loss: 0.3091, lumen dice: 0.9336, wall dice: 0.8425, distal recall: 0.8545
epoch: 97, iter: 1900/3251, distal-aware loss: 0.3092, lumen dice: 0.9336, wall dice: 0.8424, distal recall: 0.8545
epoch: 97, iter: 1910/3251, distal-aware loss: 0.3092, lumen dice: 0.9336, wall dice: 0.8424, distal recall: 0.8545
epoch: 97, iter: 1920/3251, distal-aware loss: 0.3091, lumen dice: 0.9336, wall dice: 0.8424, distal recall: 0.8545
epoch: 97, iter: 1930/3251, distal-aware loss: 0.3089, lumen dice: 0.9337, wall dice: 0.8426, distal recall: 0.8547
epoch: 97, iter: 1940/3251, distal-aware loss: 0.3087, lumen dice: 0.9338, wall dice: 0.8428, distal recall: 0.8548
epoch: 97, iter: 1950/3251, distal-aware loss: 0.3088, lumen dice: 0.9338, wall dice: 0.8427, distal recall: 0.8548
epoch: 97, iter: 1960/3251, distal-aware loss: 0.3087, lumen dice: 0.9338, wall dice: 0.8428, distal recall: 0.8549
epoch: 97, iter: 1970/3251, distal-aware loss: 0.3086, lumen dice: 0.9339, wall dice: 0.8428, distal recall: 0.8550
epoch: 97, iter: 1980/3251, distal-aware loss: 0.3088, lumen dice: 0.9338, wall dice: 0.8428, distal recall: 0.8549
epoch: 97, iter: 1990/3251, distal-aware loss: 0.3088, lumen dice: 0.9337, wall dice: 0.8427, distal recall: 0.8550
epoch: 97, iter: 2000/3251, distal-aware loss: 0.3087, lumen dice: 0.9337, wall dice: 0.8427, distal recall: 0.8550
epoch: 97, iter: 2010/3251, distal-aware loss: 0.3087, lumen dice: 0.9338, wall dice: 0.8428, distal recall: 0.8550
epoch: 97, iter: 2020/3251, distal-aware loss: 0.3087, lumen dice: 0.9337, wall dice: 0.8427, distal recall: 0.8550
epoch: 97, iter: 2030/3251, distal-aware loss: 0.3087, lumen dice: 0.9338, wall dice: 0.8427, distal recall: 0.8550
epoch: 97, iter: 2040/3251, distal-aware loss: 0.3087, lumen dice: 0.9338, wall dice: 0.8428, distal recall: 0.8550
epoch: 97, iter: 2050/3251, distal-aware loss: 0.3087, lumen dice: 0.9338, wall dice: 0.8428, distal recall: 0.8549
epoch: 97, iter: 2060/3251, distal-aware loss: 0.3088, lumen dice: 0.9339, wall dice: 0.8428, distal recall: 0.8549
epoch: 97, iter: 2070/3251, distal-aware loss: 0.3089, lumen dice: 0.9338, wall dice: 0.8427, distal recall: 0.8548
epoch: 97, iter: 2080/3251, distal-aware loss: 0.3088, lumen dice: 0.9339, wall dice: 0.8428, distal recall: 0.8549
epoch: 97, iter: 2090/3251, distal-aware loss: 0.3089, lumen dice: 0.9339, wall dice: 0.8426, distal recall: 0.8549
epoch: 97, iter: 2100/3251, distal-aware loss: 0.3088, lumen dice: 0.9339, wall dice: 0.8427, distal recall: 0.8550
epoch: 97, iter: 2110/3251, distal-aware loss: 0.3086, lumen dice: 0.9340, wall dice: 0.8428, distal recall: 0.8551
epoch: 97, iter: 2120/3251, distal-aware loss: 0.3085, lumen dice: 0.9341, wall dice: 0.8428, distal recall: 0.8551
epoch: 97, iter: 2130/3251, distal-aware loss: 0.3085, lumen dice: 0.9341, wall dice: 0.8428, distal recall: 0.8551
epoch: 97, iter: 2140/3251, distal-aware loss: 0.3082, lumen dice: 0.9341, wall dice: 0.8429, distal recall: 0.8552
epoch: 97, iter: 2150/3251, distal-aware loss: 0.3081, lumen dice: 0.9342, wall dice: 0.8430, distal recall: 0.8552
epoch: 97, iter: 2160/3251, distal-aware loss: 0.3082, lumen dice: 0.9342, wall dice: 0.8430, distal recall: 0.8553
epoch: 97, iter: 2170/3251, distal-aware loss: 0.3081, lumen dice: 0.9343, wall dice: 0.8431, distal recall: 0.8553
epoch: 97, iter: 2180/3251, distal-aware loss: 0.3080, lumen dice: 0.9343, wall dice: 0.8431, distal recall: 0.8553
epoch: 97, iter: 2190/3251, distal-aware loss: 0.3085, lumen dice: 0.9341, wall dice: 0.8427, distal recall: 0.8549
epoch: 97, iter: 2200/3251, distal-aware loss: 0.3087, lumen dice: 0.9341, wall dice: 0.8427, distal recall: 0.8544
epoch: 97, iter: 2210/3251, distal-aware loss: 0.3092, lumen dice: 0.9339, wall dice: 0.8424, distal recall: 0.8542
epoch: 97, iter: 2220/3251, distal-aware loss: 0.3094, lumen dice: 0.9337, wall dice: 0.8423, distal recall: 0.8540
epoch: 97, iter: 2230/3251, distal-aware loss: 0.3095, lumen dice: 0.9337, wall dice: 0.8422, distal recall: 0.8539
epoch: 97, iter: 2240/3251, distal-aware loss: 0.3102, lumen dice: 0.9332, wall dice: 0.8418, distal recall: 0.8538
epoch: 97, iter: 2250/3251, distal-aware loss: 0.3104, lumen dice: 0.9331, wall dice: 0.8416, distal recall: 0.8534
epoch: 97, iter: 2260/3251, distal-aware loss: 0.3104, lumen dice: 0.9331, wall dice: 0.8415, distal recall: 0.8534
epoch: 97, iter: 2270/3251, distal-aware loss: 0.3106, lumen dice: 0.9328, wall dice: 0.8414, distal recall: 0.8533
epoch: 97, iter: 2280/3251, distal-aware loss: 0.3106, lumen dice: 0.9329, wall dice: 0.8414, distal recall: 0.8532
epoch: 97, iter: 2290/3251, distal-aware loss: 0.3108, lumen dice: 0.9329, wall dice: 0.8412, distal recall: 0.8529
epoch: 97, iter: 2300/3251, distal-aware loss: 0.3109, lumen dice: 0.9329, wall dice: 0.8410, distal recall: 0.8529
epoch: 97, iter: 2310/3251, distal-aware loss: 0.3108, lumen dice: 0.9329, wall dice: 0.8410, distal recall: 0.8529
epoch: 97, iter: 2320/3251, distal-aware loss: 0.3107, lumen dice: 0.9329, wall dice: 0.8411, distal recall: 0.8529
epoch: 97, iter: 2330/3251, distal-aware loss: 0.3106, lumen dice: 0.9330, wall dice: 0.8412, distal recall: 0.8530
epoch: 97, iter: 2340/3251, distal-aware loss: 0.3106, lumen dice: 0.9329, wall dice: 0.8411, distal recall: 0.8530
epoch: 97, iter: 2350/3251, distal-aware loss: 0.3107, lumen dice: 0.9329, wall dice: 0.8410, distal recall: 0.8530
epoch: 97, iter: 2360/3251, distal-aware loss: 0.3107, lumen dice: 0.9327, wall dice: 0.8411, distal recall: 0.8530
epoch: 97, iter: 2370/3251, distal-aware loss: 0.3109, lumen dice: 0.9327, wall dice: 0.8410, distal recall: 0.8529
epoch: 97, iter: 2380/3251, distal-aware loss: 0.3110, lumen dice: 0.9327, wall dice: 0.8409, distal recall: 0.8528
epoch: 97, iter: 2390/3251, distal-aware loss: 0.3109, lumen dice: 0.9327, wall dice: 0.8410, distal recall: 0.8529
epoch: 97, iter: 2400/3251, distal-aware loss: 0.3109, lumen dice: 0.9327, wall dice: 0.8410, distal recall: 0.8529
epoch: 97, iter: 2410/3251, distal-aware loss: 0.3110, lumen dice: 0.9327, wall dice: 0.8409, distal recall: 0.8529
epoch: 97, iter: 2420/3251, distal-aware loss: 0.3109, lumen dice: 0.9328, wall dice: 0.8410, distal recall: 0.8528
epoch: 97, iter: 2430/3251, distal-aware loss: 0.3109, lumen dice: 0.9328, wall dice: 0.8410, distal recall: 0.8528
epoch: 97, iter: 2440/3251, distal-aware loss: 0.3108, lumen dice: 0.9329, wall dice: 0.8410, distal recall: 0.8528
epoch: 97, iter: 2450/3251, distal-aware loss: 0.3108, lumen dice: 0.9329, wall dice: 0.8410, distal recall: 0.8529
epoch: 97, iter: 2460/3251, distal-aware loss: 0.3107, lumen dice: 0.9329, wall dice: 0.8411, distal recall: 0.8529
epoch: 97, iter: 2470/3251, distal-aware loss: 0.3107, lumen dice: 0.9329, wall dice: 0.8411, distal recall: 0.8529
epoch: 97, iter: 2480/3251, distal-aware loss: 0.3107, lumen dice: 0.9330, wall dice: 0.8411, distal recall: 0.8529
epoch: 97, iter: 2490/3251, distal-aware loss: 0.3107, lumen dice: 0.9330, wall dice: 0.8411, distal recall: 0.8528
epoch: 97, iter: 2500/3251, distal-aware loss: 0.3108, lumen dice: 0.9329, wall dice: 0.8411, distal recall: 0.8528
epoch: 97, iter: 2510/3251, distal-aware loss: 0.3107, lumen dice: 0.9330, wall dice: 0.8412, distal recall: 0.8529
epoch: 97, iter: 2520/3251, distal-aware loss: 0.3106, lumen dice: 0.9330, wall dice: 0.8412, distal recall: 0.8530
epoch: 97, iter: 2530/3251, distal-aware loss: 0.3106, lumen dice: 0.9330, wall dice: 0.8412, distal recall: 0.8531
epoch: 97, iter: 2540/3251, distal-aware loss: 0.3107, lumen dice: 0.9330, wall dice: 0.8411, distal recall: 0.8531
epoch: 97, iter: 2550/3251, distal-aware loss: 0.3105, lumen dice: 0.9331, wall dice: 0.8413, distal recall: 0.8533
epoch: 97, iter: 2560/3251, distal-aware loss: 0.3105, lumen dice: 0.9330, wall dice: 0.8413, distal recall: 0.8533
epoch: 97, iter: 2570/3251, distal-aware loss: 0.3105, lumen dice: 0.9330, wall dice: 0.8413, distal recall: 0.8532
epoch: 97, iter: 2580/3251, distal-aware loss: 0.3104, lumen dice: 0.9331, wall dice: 0.8414, distal recall: 0.8534
epoch: 97, iter: 2590/3251, distal-aware loss: 0.3104, lumen dice: 0.9331, wall dice: 0.8414, distal recall: 0.8534
epoch: 97, iter: 2600/3251, distal-aware loss: 0.3103, lumen dice: 0.9331, wall dice: 0.8415, distal recall: 0.8535
epoch: 97, iter: 2610/3251, distal-aware loss: 0.3102, lumen dice: 0.9332, wall dice: 0.8415, distal recall: 0.8535
epoch: 97, iter: 2620/3251, distal-aware loss: 0.3103, lumen dice: 0.9332, wall dice: 0.8415, distal recall: 0.8535
epoch: 97, iter: 2630/3251, distal-aware loss: 0.3102, lumen dice: 0.9332, wall dice: 0.8415, distal recall: 0.8535
epoch: 97, iter: 2640/3251, distal-aware loss: 0.3101, lumen dice: 0.9332, wall dice: 0.8416, distal recall: 0.8535
epoch: 97, iter: 2650/3251, distal-aware loss: 0.3101, lumen dice: 0.9333, wall dice: 0.8415, distal recall: 0.8535
epoch: 97, iter: 2660/3251, distal-aware loss: 0.3101, lumen dice: 0.9332, wall dice: 0.8415, distal recall: 0.8534
epoch: 97, iter: 2670/3251, distal-aware loss: 0.3100, lumen dice: 0.9333, wall dice: 0.8416, distal recall: 0.8535
epoch: 97, iter: 2680/3251, distal-aware loss: 0.3101, lumen dice: 0.9333, wall dice: 0.8416, distal recall: 0.8534
epoch: 97, iter: 2690/3251, distal-aware loss: 0.3100, lumen dice: 0.9333, wall dice: 0.8417, distal recall: 0.8535
epoch: 97, iter: 2700/3251, distal-aware loss: 0.3101, lumen dice: 0.9333, wall dice: 0.8416, distal recall: 0.8534
epoch: 97, iter: 2710/3251, distal-aware loss: 0.3100, lumen dice: 0.9333, wall dice: 0.8417, distal recall: 0.8535
epoch: 97, iter: 2720/3251, distal-aware loss: 0.3099, lumen dice: 0.9334, wall dice: 0.8417, distal recall: 0.8535
epoch: 97, iter: 2730/3251, distal-aware loss: 0.3097, lumen dice: 0.9335, wall dice: 0.8418, distal recall: 0.8536
epoch: 97, iter: 2740/3251, distal-aware loss: 0.3098, lumen dice: 0.9334, wall dice: 0.8418, distal recall: 0.8535
epoch: 97, iter: 2750/3251, distal-aware loss: 0.3097, lumen dice: 0.9334, wall dice: 0.8418, distal recall: 0.8537
epoch: 97, iter: 2760/3251, distal-aware loss: 0.3097, lumen dice: 0.9335, wall dice: 0.8419, distal recall: 0.8537
epoch: 97, iter: 2770/3251, distal-aware loss: 0.3097, lumen dice: 0.9335, wall dice: 0.8419, distal recall: 0.8537
epoch: 97, iter: 2780/3251, distal-aware loss: 0.3096, lumen dice: 0.9336, wall dice: 0.8420, distal recall: 0.8537
epoch: 97, iter: 2790/3251, distal-aware loss: 0.3096, lumen dice: 0.9335, wall dice: 0.8420, distal recall: 0.8538
epoch: 97, iter: 2800/3251, distal-aware loss: 0.3096, lumen dice: 0.9334, wall dice: 0.8420, distal recall: 0.8538
epoch: 97, iter: 2810/3251, distal-aware loss: 0.3097, lumen dice: 0.9334, wall dice: 0.8420, distal recall: 0.8538
epoch: 97, iter: 2820/3251, distal-aware loss: 0.3096, lumen dice: 0.9334, wall dice: 0.8421, distal recall: 0.8539
epoch: 97, iter: 2830/3251, distal-aware loss: 0.3095, lumen dice: 0.9334, wall dice: 0.8421, distal recall: 0.8539
epoch: 97, iter: 2840/3251, distal-aware loss: 0.3094, lumen dice: 0.9335, wall dice: 0.8421, distal recall: 0.8540
epoch: 97, iter: 2850/3251, distal-aware loss: 0.3094, lumen dice: 0.9335, wall dice: 0.8422, distal recall: 0.8540
epoch: 97, iter: 2860/3251, distal-aware loss: 0.3094, lumen dice: 0.9334, wall dice: 0.8421, distal recall: 0.8541
epoch: 97, iter: 2870/3251, distal-aware loss: 0.3093, lumen dice: 0.9334, wall dice: 0.8421, distal recall: 0.8541
epoch: 97, iter: 2880/3251, distal-aware loss: 0.3093, lumen dice: 0.9335, wall dice: 0.8421, distal recall: 0.8542
epoch: 97, iter: 2890/3251, distal-aware loss: 0.3095, lumen dice: 0.9334, wall dice: 0.8419, distal recall: 0.8542
epoch: 97, iter: 2900/3251, distal-aware loss: 0.3094, lumen dice: 0.9334, wall dice: 0.8419, distal recall: 0.8543
epoch: 97, iter: 2910/3251, distal-aware loss: 0.3093, lumen dice: 0.9335, wall dice: 0.8419, distal recall: 0.8543
epoch: 97, iter: 2920/3251, distal-aware loss: 0.3093, lumen dice: 0.9335, wall dice: 0.8419, distal recall: 0.8544
epoch: 97, iter: 2930/3251, distal-aware loss: 0.3092, lumen dice: 0.9335, wall dice: 0.8420, distal recall: 0.8544
epoch: 97, iter: 2940/3251, distal-aware loss: 0.3093, lumen dice: 0.9335, wall dice: 0.8419, distal recall: 0.8544
epoch: 97, iter: 2950/3251, distal-aware loss: 0.3093, lumen dice: 0.9335, wall dice: 0.8420, distal recall: 0.8545
epoch: 97, iter: 2960/3251, distal-aware loss: 0.3092, lumen dice: 0.9336, wall dice: 0.8421, distal recall: 0.8546
epoch: 97, iter: 2970/3251, distal-aware loss: 0.3092, lumen dice: 0.9336, wall dice: 0.8421, distal recall: 0.8545
epoch: 97, iter: 2980/3251, distal-aware loss: 0.3091, lumen dice: 0.9336, wall dice: 0.8421, distal recall: 0.8546
epoch: 97, iter: 2990/3251, distal-aware loss: 0.3095, lumen dice: 0.9333, wall dice: 0.8417, distal recall: 0.8545
epoch: 97, iter: 3000/3251, distal-aware loss: 0.3100, lumen dice: 0.9331, wall dice: 0.8413, distal recall: 0.8544
epoch: 97, iter: 3010/3251, distal-aware loss: 0.3104, lumen dice: 0.9328, wall dice: 0.8410, distal recall: 0.8540
epoch: 97, iter: 3020/3251, distal-aware loss: 0.3108, lumen dice: 0.9326, wall dice: 0.8406, distal recall: 0.8538
epoch: 97, iter: 3030/3251, distal-aware loss: 0.3110, lumen dice: 0.9325, wall dice: 0.8404, distal recall: 0.8537
epoch: 97, iter: 3040/3251, distal-aware loss: 0.3112, lumen dice: 0.9324, wall dice: 0.8402, distal recall: 0.8536
epoch: 97, iter: 3050/3251, distal-aware loss: 0.3113, lumen dice: 0.9324, wall dice: 0.8402, distal recall: 0.8535
epoch: 97, iter: 3060/3251, distal-aware loss: 0.3115, lumen dice: 0.9322, wall dice: 0.8400, distal recall: 0.8534
epoch: 97, iter: 3070/3251, distal-aware loss: 0.3116, lumen dice: 0.9322, wall dice: 0.8400, distal recall: 0.8534
epoch: 97, iter: 3080/3251, distal-aware loss: 0.3117, lumen dice: 0.9322, wall dice: 0.8400, distal recall: 0.8533
epoch: 97, iter: 3090/3251, distal-aware loss: 0.3118, lumen dice: 0.9322, wall dice: 0.8399, distal recall: 0.8533
epoch: 97, iter: 3100/3251, distal-aware loss: 0.3120, lumen dice: 0.9321, wall dice: 0.8399, distal recall: 0.8533
epoch: 97, iter: 3110/3251, distal-aware loss: 0.3120, lumen dice: 0.9321, wall dice: 0.8398, distal recall: 0.8533
epoch: 97, iter: 3120/3251, distal-aware loss: 0.3121, lumen dice: 0.9321, wall dice: 0.8398, distal recall: 0.8533
epoch: 97, iter: 3130/3251, distal-aware loss: 0.3122, lumen dice: 0.9321, wall dice: 0.8397, distal recall: 0.8532
epoch: 97, iter: 3140/3251, distal-aware loss: 0.3121, lumen dice: 0.9320, wall dice: 0.8397, distal recall: 0.8532
epoch: 97, iter: 3150/3251, distal-aware loss: 0.3120, lumen dice: 0.9320, wall dice: 0.8397, distal recall: 0.8533
epoch: 97, iter: 3160/3251, distal-aware loss: 0.3121, lumen dice: 0.9319, wall dice: 0.8397, distal recall: 0.8533
epoch: 97, iter: 3170/3251, distal-aware loss: 0.3120, lumen dice: 0.9320, wall dice: 0.8397, distal recall: 0.8533
epoch: 97, iter: 3180/3251, distal-aware loss: 0.3121, lumen dice: 0.9320, wall dice: 0.8397, distal recall: 0.8533
epoch: 97, iter: 3190/3251, distal-aware loss: 0.3121, lumen dice: 0.9320, wall dice: 0.8397, distal recall: 0.8533
epoch: 97, iter: 3200/3251, distal-aware loss: 0.3120, lumen dice: 0.9320, wall dice: 0.8397, distal recall: 0.8533
epoch: 97, iter: 3210/3251, distal-aware loss: 0.3119, lumen dice: 0.9320, wall dice: 0.8397, distal recall: 0.8533
epoch: 97, iter: 3220/3251, distal-aware loss: 0.3119, lumen dice: 0.9320, wall dice: 0.8398, distal recall: 0.8534
epoch: 97, iter: 3230/3251, distal-aware loss: 0.3118, lumen dice: 0.9321, wall dice: 0.8398, distal recall: 0.8534
epoch: 97, iter: 3240/3251, distal-aware loss: 0.3118, lumen dice: 0.9321, wall dice: 0.8398, distal recall: 0.8534
epoch: 97, iter: 3250/3251, distal-aware loss: 0.3118, lumen dice: 0.9321, wall dice: 0.8398, distal recall: 0.8534
epoch: 97, val distal-aware loss: 0.3134, val lumen dice: 0.9431, val wall dice: 0.8624, val distal recall: 0.8835
starting epoch: 98
epoch: 98, iter: 0/3251, distal-aware loss: 0.2630, lumen dice: 0.9496, wall dice: 0.8692, distal recall: 0.8773
epoch: 98, iter: 10/3251, distal-aware loss: 0.3088, lumen dice: 0.9396, wall dice: 0.8346, distal recall: 0.8564
epoch: 98, iter: 20/3251, distal-aware loss: 0.3123, lumen dice: 0.9370, wall dice: 0.8358, distal recall: 0.8545
epoch: 98, iter: 30/3251, distal-aware loss: 0.3086, lumen dice: 0.9375, wall dice: 0.8391, distal recall: 0.8545
epoch: 98, iter: 40/3251, distal-aware loss: 0.3075, lumen dice: 0.9360, wall dice: 0.8432, distal recall: 0.8619
epoch: 98, iter: 50/3251, distal-aware loss: 0.3048, lumen dice: 0.9376, wall dice: 0.8453, distal recall: 0.8633
epoch: 98, iter: 60/3251, distal-aware loss: 0.3075, lumen dice: 0.9394, wall dice: 0.8451, distal recall: 0.8586
epoch: 98, iter: 70/3251, distal-aware loss: 0.3057, lumen dice: 0.9392, wall dice: 0.8454, distal recall: 0.8571
epoch: 98, iter: 80/3251, distal-aware loss: 0.3080, lumen dice: 0.9400, wall dice: 0.8361, distal recall: 0.8542
epoch: 98, iter: 90/3251, distal-aware loss: 0.3095, lumen dice: 0.9396, wall dice: 0.8356, distal recall: 0.8545
epoch: 98, iter: 100/3251, distal-aware loss: 0.3117, lumen dice: 0.9348, wall dice: 0.8364, distal recall: 0.8554
epoch: 98, iter: 110/3251, distal-aware loss: 0.3107, lumen dice: 0.9338, wall dice: 0.8373, distal recall: 0.8551
epoch: 98, iter: 120/3251, distal-aware loss: 0.3099, lumen dice: 0.9353, wall dice: 0.8392, distal recall: 0.8521
epoch: 98, iter: 130/3251, distal-aware loss: 0.3123, lumen dice: 0.9356, wall dice: 0.8373, distal recall: 0.8515
epoch: 98, iter: 140/3251, distal-aware loss: 0.3110, lumen dice: 0.9357, wall dice: 0.8388, distal recall: 0.8537
epoch: 98, iter: 150/3251, distal-aware loss: 0.3141, lumen dice: 0.9310, wall dice: 0.8361, distal recall: 0.8528
epoch: 98, iter: 160/3251, distal-aware loss: 0.3155, lumen dice: 0.9294, wall dice: 0.8350, distal recall: 0.8536
epoch: 98, iter: 170/3251, distal-aware loss: 0.3156, lumen dice: 0.9290, wall dice: 0.8355, distal recall: 0.8527
epoch: 98, iter: 180/3251, distal-aware loss: 0.3161, lumen dice: 0.9292, wall dice: 0.8345, distal recall: 0.8527
epoch: 98, iter: 190/3251, distal-aware loss: 0.3176, lumen dice: 0.9291, wall dice: 0.8333, distal recall: 0.8531
epoch: 98, iter: 200/3251, distal-aware loss: 0.3163, lumen dice: 0.9290, wall dice: 0.8340, distal recall: 0.8540
epoch: 98, iter: 210/3251, distal-aware loss: 0.3154, lumen dice: 0.9293, wall dice: 0.8349, distal recall: 0.8546
epoch: 98, iter: 220/3251, distal-aware loss: 0.3140, lumen dice: 0.9299, wall dice: 0.8359, distal recall: 0.8550
epoch: 98, iter: 230/3251, distal-aware loss: 0.3143, lumen dice: 0.9305, wall dice: 0.8359, distal recall: 0.8549
epoch: 98, iter: 240/3251, distal-aware loss: 0.3127, lumen dice: 0.9308, wall dice: 0.8371, distal recall: 0.8558
epoch: 98, iter: 250/3251, distal-aware loss: 0.3131, lumen dice: 0.9309, wall dice: 0.8370, distal recall: 0.8562
epoch: 98, iter: 260/3251, distal-aware loss: 0.3115, lumen dice: 0.9317, wall dice: 0.8379, distal recall: 0.8564
epoch: 98, iter: 270/3251, distal-aware loss: 0.3114, lumen dice: 0.9324, wall dice: 0.8385, distal recall: 0.8560
epoch: 98, iter: 280/3251, distal-aware loss: 0.3114, lumen dice: 0.9319, wall dice: 0.8383, distal recall: 0.8568
epoch: 98, iter: 290/3251, distal-aware loss: 0.3103, lumen dice: 0.9323, wall dice: 0.8391, distal recall: 0.8570
epoch: 98, iter: 300/3251, distal-aware loss: 0.3106, lumen dice: 0.9321, wall dice: 0.8394, distal recall: 0.8568
epoch: 98, iter: 310/3251, distal-aware loss: 0.3105, lumen dice: 0.9316, wall dice: 0.8387, distal recall: 0.8574
epoch: 98, iter: 320/3251, distal-aware loss: 0.3114, lumen dice: 0.9315, wall dice: 0.8379, distal recall: 0.8574
epoch: 98, iter: 330/3251, distal-aware loss: 0.3120, lumen dice: 0.9311, wall dice: 0.8378, distal recall: 0.8572
epoch: 98, iter: 340/3251, distal-aware loss: 0.3125, lumen dice: 0.9308, wall dice: 0.8376, distal recall: 0.8569
epoch: 98, iter: 350/3251, distal-aware loss: 0.3116, lumen dice: 0.9310, wall dice: 0.8380, distal recall: 0.8576
epoch: 98, iter: 360/3251, distal-aware loss: 0.3106, lumen dice: 0.9317, wall dice: 0.8389, distal recall: 0.8580
epoch: 98, iter: 370/3251, distal-aware loss: 0.3101, lumen dice: 0.9321, wall dice: 0.8393, distal recall: 0.8585
epoch: 98, iter: 380/3251, distal-aware loss: 0.3094, lumen dice: 0.9325, wall dice: 0.8398, distal recall: 0.8587
epoch: 98, iter: 390/3251, distal-aware loss: 0.3094, lumen dice: 0.9326, wall dice: 0.8400, distal recall: 0.8590
epoch: 98, iter: 400/3251, distal-aware loss: 0.3085, lumen dice: 0.9329, wall dice: 0.8406, distal recall: 0.8595
epoch: 98, iter: 410/3251, distal-aware loss: 0.3082, lumen dice: 0.9330, wall dice: 0.8408, distal recall: 0.8598
epoch: 98, iter: 420/3251, distal-aware loss: 0.3068, lumen dice: 0.9337, wall dice: 0.8416, distal recall: 0.8602
epoch: 98, iter: 430/3251, distal-aware loss: 0.3061, lumen dice: 0.9341, wall dice: 0.8423, distal recall: 0.8607
epoch: 98, iter: 440/3251, distal-aware loss: 0.3066, lumen dice: 0.9341, wall dice: 0.8420, distal recall: 0.8602
epoch: 98, iter: 450/3251, distal-aware loss: 0.3074, lumen dice: 0.9343, wall dice: 0.8408, distal recall: 0.8602
epoch: 98, iter: 460/3251, distal-aware loss: 0.3070, lumen dice: 0.9344, wall dice: 0.8409, distal recall: 0.8605
epoch: 98, iter: 470/3251, distal-aware loss: 0.3066, lumen dice: 0.9342, wall dice: 0.8413, distal recall: 0.8605
epoch: 98, iter: 480/3251, distal-aware loss: 0.3060, lumen dice: 0.9346, wall dice: 0.8416, distal recall: 0.8607
epoch: 98, iter: 490/3251, distal-aware loss: 0.3060, lumen dice: 0.9348, wall dice: 0.8414, distal recall: 0.8608
epoch: 98, iter: 500/3251, distal-aware loss: 0.3061, lumen dice: 0.9349, wall dice: 0.8417, distal recall: 0.8607
epoch: 98, iter: 510/3251, distal-aware loss: 0.3061, lumen dice: 0.9341, wall dice: 0.8411, distal recall: 0.8610
epoch: 98, iter: 520/3251, distal-aware loss: 0.3053, lumen dice: 0.9346, wall dice: 0.8416, distal recall: 0.8613
epoch: 98, iter: 530/3251, distal-aware loss: 0.3052, lumen dice: 0.9348, wall dice: 0.8417, distal recall: 0.8613
epoch: 98, iter: 540/3251, distal-aware loss: 0.3047, lumen dice: 0.9350, wall dice: 0.8421, distal recall: 0.8615
epoch: 98, iter: 550/3251, distal-aware loss: 0.3043, lumen dice: 0.9351, wall dice: 0.8422, distal recall: 0.8620
epoch: 98, iter: 560/3251, distal-aware loss: 0.3041, lumen dice: 0.9354, wall dice: 0.8422, distal recall: 0.8616
epoch: 98, iter: 570/3251, distal-aware loss: 0.3036, lumen dice: 0.9357, wall dice: 0.8426, distal recall: 0.8617
epoch: 98, iter: 580/3251, distal-aware loss: 0.3035, lumen dice: 0.9358, wall dice: 0.8428, distal recall: 0.8618
epoch: 98, iter: 590/3251, distal-aware loss: 0.3036, lumen dice: 0.9356, wall dice: 0.8428, distal recall: 0.8616
epoch: 98, iter: 600/3251, distal-aware loss: 0.3030, lumen dice: 0.9356, wall dice: 0.8432, distal recall: 0.8618
epoch: 98, iter: 610/3251, distal-aware loss: 0.3028, lumen dice: 0.9358, wall dice: 0.8435, distal recall: 0.8620
epoch: 98, iter: 620/3251, distal-aware loss: 0.3034, lumen dice: 0.9359, wall dice: 0.8429, distal recall: 0.8617
epoch: 98, iter: 630/3251, distal-aware loss: 0.3032, lumen dice: 0.9357, wall dice: 0.8431, distal recall: 0.8619
epoch: 98, iter: 640/3251, distal-aware loss: 0.3038, lumen dice: 0.9358, wall dice: 0.8428, distal recall: 0.8616
epoch: 98, iter: 650/3251, distal-aware loss: 0.3039, lumen dice: 0.9359, wall dice: 0.8429, distal recall: 0.8617
epoch: 98, iter: 660/3251, distal-aware loss: 0.3034, lumen dice: 0.9361, wall dice: 0.8430, distal recall: 0.8619
epoch: 98, iter: 670/3251, distal-aware loss: 0.3030, lumen dice: 0.9362, wall dice: 0.8431, distal recall: 0.8624
epoch: 98, iter: 680/3251, distal-aware loss: 0.3026, lumen dice: 0.9363, wall dice: 0.8435, distal recall: 0.8620
epoch: 98, iter: 690/3251, distal-aware loss: 0.3028, lumen dice: 0.9363, wall dice: 0.8434, distal recall: 0.8621
epoch: 98, iter: 700/3251, distal-aware loss: 0.3030, lumen dice: 0.9360, wall dice: 0.8431, distal recall: 0.8623
epoch: 98, iter: 710/3251, distal-aware loss: 0.3025, lumen dice: 0.9363, wall dice: 0.8434, distal recall: 0.8627
epoch: 98, iter: 720/3251, distal-aware loss: 0.3022, lumen dice: 0.9365, wall dice: 0.8435, distal recall: 0.8629
epoch: 98, iter: 730/3251, distal-aware loss: 0.3024, lumen dice: 0.9365, wall dice: 0.8433, distal recall: 0.8628
epoch: 98, iter: 740/3251, distal-aware loss: 0.3021, lumen dice: 0.9366, wall dice: 0.8435, distal recall: 0.8633
epoch: 98, iter: 750/3251, distal-aware loss: 0.3023, lumen dice: 0.9367, wall dice: 0.8435, distal recall: 0.8628
epoch: 98, iter: 760/3251, distal-aware loss: 0.3021, lumen dice: 0.9366, wall dice: 0.8437, distal recall: 0.8632
epoch: 98, iter: 770/3251, distal-aware loss: 0.3021, lumen dice: 0.9359, wall dice: 0.8439, distal recall: 0.8631
epoch: 98, iter: 780/3251, distal-aware loss: 0.3023, lumen dice: 0.9357, wall dice: 0.8437, distal recall: 0.8634
epoch: 98, iter: 790/3251, distal-aware loss: 0.3020, lumen dice: 0.9360, wall dice: 0.8440, distal recall: 0.8635
epoch: 98, iter: 800/3251, distal-aware loss: 0.3019, lumen dice: 0.9360, wall dice: 0.8442, distal recall: 0.8637
epoch: 98, iter: 810/3251, distal-aware loss: 0.3025, lumen dice: 0.9358, wall dice: 0.8437, distal recall: 0.8636
epoch: 98, iter: 820/3251, distal-aware loss: 0.3021, lumen dice: 0.9360, wall dice: 0.8439, distal recall: 0.8640
epoch: 98, iter: 830/3251, distal-aware loss: 0.3024, lumen dice: 0.9359, wall dice: 0.8438, distal recall: 0.8641
epoch: 98, iter: 840/3251, distal-aware loss: 0.3022, lumen dice: 0.9360, wall dice: 0.8441, distal recall: 0.8641
epoch: 98, iter: 850/3251, distal-aware loss: 0.3021, lumen dice: 0.9360, wall dice: 0.8442, distal recall: 0.8642
epoch: 98, iter: 860/3251, distal-aware loss: 0.3018, lumen dice: 0.9362, wall dice: 0.8445, distal recall: 0.8644
epoch: 98, iter: 870/3251, distal-aware loss: 0.3017, lumen dice: 0.9363, wall dice: 0.8446, distal recall: 0.8644
epoch: 98, iter: 880/3251, distal-aware loss: 0.3015, lumen dice: 0.9364, wall dice: 0.8447, distal recall: 0.8646
epoch: 98, iter: 890/3251, distal-aware loss: 0.3015, lumen dice: 0.9364, wall dice: 0.8448, distal recall: 0.8646
epoch: 98, iter: 900/3251, distal-aware loss: 0.3015, lumen dice: 0.9364, wall dice: 0.8449, distal recall: 0.8645
epoch: 98, iter: 910/3251, distal-aware loss: 0.3013, lumen dice: 0.9365, wall dice: 0.8450, distal recall: 0.8646
epoch: 98, iter: 920/3251, distal-aware loss: 0.3013, lumen dice: 0.9365, wall dice: 0.8450, distal recall: 0.8647
epoch: 98, iter: 930/3251, distal-aware loss: 0.3012, lumen dice: 0.9365, wall dice: 0.8451, distal recall: 0.8648
epoch: 98, iter: 940/3251, distal-aware loss: 0.3011, lumen dice: 0.9366, wall dice: 0.8453, distal recall: 0.8650
epoch: 98, iter: 950/3251, distal-aware loss: 0.3013, lumen dice: 0.9365, wall dice: 0.8454, distal recall: 0.8650
epoch: 98, iter: 960/3251, distal-aware loss: 0.3011, lumen dice: 0.9365, wall dice: 0.8455, distal recall: 0.8651
epoch: 98, iter: 970/3251, distal-aware loss: 0.3009, lumen dice: 0.9367, wall dice: 0.8457, distal recall: 0.8653
epoch: 98, iter: 980/3251, distal-aware loss: 0.3009, lumen dice: 0.9367, wall dice: 0.8457, distal recall: 0.8652
epoch: 98, iter: 990/3251, distal-aware loss: 0.3010, lumen dice: 0.9366, wall dice: 0.8457, distal recall: 0.8653
epoch: 98, iter: 1000/3251, distal-aware loss: 0.3010, lumen dice: 0.9368, wall dice: 0.8458, distal recall: 0.8650
epoch: 98, iter: 1010/3251, distal-aware loss: 0.3017, lumen dice: 0.9365, wall dice: 0.8451, distal recall: 0.8643
epoch: 98, iter: 1020/3251, distal-aware loss: 0.3019, lumen dice: 0.9362, wall dice: 0.8450, distal recall: 0.8643
epoch: 98, iter: 1030/3251, distal-aware loss: 0.3016, lumen dice: 0.9361, wall dice: 0.8452, distal recall: 0.8645
epoch: 98, iter: 1040/3251, distal-aware loss: 0.3017, lumen dice: 0.9361, wall dice: 0.8453, distal recall: 0.8646
epoch: 98, iter: 1050/3251, distal-aware loss: 0.3019, lumen dice: 0.9361, wall dice: 0.8452, distal recall: 0.8644
epoch: 98, iter: 1060/3251, distal-aware loss: 0.3019, lumen dice: 0.9362, wall dice: 0.8453, distal recall: 0.8642
epoch: 98, iter: 1070/3251, distal-aware loss: 0.3018, lumen dice: 0.9362, wall dice: 0.8454, distal recall: 0.8644
epoch: 98, iter: 1080/3251, distal-aware loss: 0.3015, lumen dice: 0.9363, wall dice: 0.8455, distal recall: 0.8644
epoch: 98, iter: 1090/3251, distal-aware loss: 0.3014, lumen dice: 0.9364, wall dice: 0.8457, distal recall: 0.8643
epoch: 98, iter: 1100/3251, distal-aware loss: 0.3013, lumen dice: 0.9364, wall dice: 0.8456, distal recall: 0.8644
epoch: 98, iter: 1110/3251, distal-aware loss: 0.3015, lumen dice: 0.9364, wall dice: 0.8455, distal recall: 0.8644
epoch: 98, iter: 1120/3251, distal-aware loss: 0.3013, lumen dice: 0.9365, wall dice: 0.8457, distal recall: 0.8645
epoch: 98, iter: 1130/3251, distal-aware loss: 0.3013, lumen dice: 0.9363, wall dice: 0.8456, distal recall: 0.8645
epoch: 98, iter: 1140/3251, distal-aware loss: 0.3014, lumen dice: 0.9364, wall dice: 0.8455, distal recall: 0.8643
epoch: 98, iter: 1150/3251, distal-aware loss: 0.3011, lumen dice: 0.9365, wall dice: 0.8456, distal recall: 0.8646
epoch: 98, iter: 1160/3251, distal-aware loss: 0.3010, lumen dice: 0.9365, wall dice: 0.8458, distal recall: 0.8648
epoch: 98, iter: 1170/3251, distal-aware loss: 0.3009, lumen dice: 0.9366, wall dice: 0.8458, distal recall: 0.8647
epoch: 98, iter: 1180/3251, distal-aware loss: 0.3009, lumen dice: 0.9366, wall dice: 0.8459, distal recall: 0.8645
epoch: 98, iter: 1190/3251, distal-aware loss: 0.3012, lumen dice: 0.9364, wall dice: 0.8456, distal recall: 0.8644
epoch: 98, iter: 1200/3251, distal-aware loss: 0.3011, lumen dice: 0.9365, wall dice: 0.8457, distal recall: 0.8643
epoch: 98, iter: 1210/3251, distal-aware loss: 0.3008, lumen dice: 0.9367, wall dice: 0.8459, distal recall: 0.8644
epoch: 98, iter: 1220/3251, distal-aware loss: 0.3008, lumen dice: 0.9368, wall dice: 0.8459, distal recall: 0.8644
epoch: 98, iter: 1230/3251, distal-aware loss: 0.3008, lumen dice: 0.9369, wall dice: 0.8458, distal recall: 0.8643
epoch: 98, iter: 1240/3251, distal-aware loss: 0.3005, lumen dice: 0.9369, wall dice: 0.8460, distal recall: 0.8646
epoch: 98, iter: 1250/3251, distal-aware loss: 0.3004, lumen dice: 0.9370, wall dice: 0.8461, distal recall: 0.8646
epoch: 98, iter: 1260/3251, distal-aware loss: 0.3005, lumen dice: 0.9370, wall dice: 0.8461, distal recall: 0.8647
epoch: 98, iter: 1270/3251, distal-aware loss: 0.3002, lumen dice: 0.9371, wall dice: 0.8463, distal recall: 0.8648
epoch: 98, iter: 1280/3251, distal-aware loss: 0.3002, lumen dice: 0.9371, wall dice: 0.8463, distal recall: 0.8649
epoch: 98, iter: 1290/3251, distal-aware loss: 0.3001, lumen dice: 0.9372, wall dice: 0.8464, distal recall: 0.8650
epoch: 98, iter: 1300/3251, distal-aware loss: 0.2999, lumen dice: 0.9373, wall dice: 0.8465, distal recall: 0.8650
epoch: 98, iter: 1310/3251, distal-aware loss: 0.3000, lumen dice: 0.9373, wall dice: 0.8465, distal recall: 0.8651
epoch: 98, iter: 1320/3251, distal-aware loss: 0.3000, lumen dice: 0.9372, wall dice: 0.8465, distal recall: 0.8652
epoch: 98, iter: 1330/3251, distal-aware loss: 0.2999, lumen dice: 0.9372, wall dice: 0.8466, distal recall: 0.8653
epoch: 98, iter: 1340/3251, distal-aware loss: 0.3001, lumen dice: 0.9371, wall dice: 0.8465, distal recall: 0.8652
epoch: 98, iter: 1350/3251, distal-aware loss: 0.3001, lumen dice: 0.9371, wall dice: 0.8465, distal recall: 0.8653
epoch: 98, iter: 1360/3251, distal-aware loss: 0.3002, lumen dice: 0.9372, wall dice: 0.8464, distal recall: 0.8651
epoch: 98, iter: 1370/3251, distal-aware loss: 0.3003, lumen dice: 0.9371, wall dice: 0.8464, distal recall: 0.8652
epoch: 98, iter: 1380/3251, distal-aware loss: 0.3002, lumen dice: 0.9372, wall dice: 0.8464, distal recall: 0.8653
epoch: 98, iter: 1390/3251, distal-aware loss: 0.2999, lumen dice: 0.9373, wall dice: 0.8466, distal recall: 0.8654
epoch: 98, iter: 1400/3251, distal-aware loss: 0.3002, lumen dice: 0.9370, wall dice: 0.8463, distal recall: 0.8653
epoch: 98, iter: 1410/3251, distal-aware loss: 0.3001, lumen dice: 0.9370, wall dice: 0.8464, distal recall: 0.8652
epoch: 98, iter: 1420/3251, distal-aware loss: 0.3000, lumen dice: 0.9372, wall dice: 0.8465, distal recall: 0.8651
epoch: 98, iter: 1430/3251, distal-aware loss: 0.3000, lumen dice: 0.9372, wall dice: 0.8465, distal recall: 0.8651
epoch: 98, iter: 1440/3251, distal-aware loss: 0.3000, lumen dice: 0.9372, wall dice: 0.8465, distal recall: 0.8651
epoch: 98, iter: 1450/3251, distal-aware loss: 0.3000, lumen dice: 0.9372, wall dice: 0.8465, distal recall: 0.8650
epoch: 98, iter: 1460/3251, distal-aware loss: 0.2999, lumen dice: 0.9372, wall dice: 0.8466, distal recall: 0.8652
epoch: 98, iter: 1470/3251, distal-aware loss: 0.3001, lumen dice: 0.9373, wall dice: 0.8467, distal recall: 0.8650
epoch: 98, iter: 1480/3251, distal-aware loss: 0.3000, lumen dice: 0.9372, wall dice: 0.8467, distal recall: 0.8650
epoch: 98, iter: 1490/3251, distal-aware loss: 0.2998, lumen dice: 0.9373, wall dice: 0.8468, distal recall: 0.8651
epoch: 98, iter: 1500/3251, distal-aware loss: 0.2998, lumen dice: 0.9373, wall dice: 0.8468, distal recall: 0.8652
epoch: 98, iter: 1510/3251, distal-aware loss: 0.2998, lumen dice: 0.9374, wall dice: 0.8469, distal recall: 0.8653
epoch: 98, iter: 1520/3251, distal-aware loss: 0.2998, lumen dice: 0.9375, wall dice: 0.8469, distal recall: 0.8653
epoch: 98, iter: 1530/3251, distal-aware loss: 0.2998, lumen dice: 0.9375, wall dice: 0.8470, distal recall: 0.8653
epoch: 98, iter: 1540/3251, distal-aware loss: 0.2999, lumen dice: 0.9374, wall dice: 0.8470, distal recall: 0.8653
epoch: 98, iter: 1550/3251, distal-aware loss: 0.2999, lumen dice: 0.9374, wall dice: 0.8470, distal recall: 0.8653
epoch: 98, iter: 1560/3251, distal-aware loss: 0.2997, lumen dice: 0.9375, wall dice: 0.8471, distal recall: 0.8654
epoch: 98, iter: 1570/3251, distal-aware loss: 0.2996, lumen dice: 0.9375, wall dice: 0.8472, distal recall: 0.8654
epoch: 98, iter: 1580/3251, distal-aware loss: 0.2993, lumen dice: 0.9377, wall dice: 0.8474, distal recall: 0.8655
epoch: 98, iter: 1590/3251, distal-aware loss: 0.2993, lumen dice: 0.9377, wall dice: 0.8474, distal recall: 0.8656
epoch: 98, iter: 1600/3251, distal-aware loss: 0.2992, lumen dice: 0.9377, wall dice: 0.8474, distal recall: 0.8658
epoch: 98, iter: 1610/3251, distal-aware loss: 0.2990, lumen dice: 0.9378, wall dice: 0.8476, distal recall: 0.8659
epoch: 98, iter: 1620/3251, distal-aware loss: 0.2990, lumen dice: 0.9379, wall dice: 0.8476, distal recall: 0.8660
epoch: 98, iter: 1630/3251, distal-aware loss: 0.2988, lumen dice: 0.9380, wall dice: 0.8478, distal recall: 0.8661
epoch: 98, iter: 1640/3251, distal-aware loss: 0.2987, lumen dice: 0.9381, wall dice: 0.8479, distal recall: 0.8662
epoch: 98, iter: 1650/3251, distal-aware loss: 0.2985, lumen dice: 0.9382, wall dice: 0.8481, distal recall: 0.8662
epoch: 98, iter: 1660/3251, distal-aware loss: 0.2984, lumen dice: 0.9383, wall dice: 0.8481, distal recall: 0.8662
epoch: 98, iter: 1670/3251, distal-aware loss: 0.2984, lumen dice: 0.9382, wall dice: 0.8481, distal recall: 0.8663
epoch: 98, iter: 1680/3251, distal-aware loss: 0.2985, lumen dice: 0.9382, wall dice: 0.8480, distal recall: 0.8663
epoch: 98, iter: 1690/3251, distal-aware loss: 0.2987, lumen dice: 0.9381, wall dice: 0.8479, distal recall: 0.8663
epoch: 98, iter: 1700/3251, distal-aware loss: 0.2988, lumen dice: 0.9381, wall dice: 0.8479, distal recall: 0.8661
epoch: 98, iter: 1710/3251, distal-aware loss: 0.2988, lumen dice: 0.9381, wall dice: 0.8479, distal recall: 0.8662
epoch: 98, iter: 1720/3251, distal-aware loss: 0.2989, lumen dice: 0.9382, wall dice: 0.8477, distal recall: 0.8662
epoch: 98, iter: 1730/3251, distal-aware loss: 0.2989, lumen dice: 0.9382, wall dice: 0.8477, distal recall: 0.8662
epoch: 98, iter: 1740/3251, distal-aware loss: 0.2988, lumen dice: 0.9383, wall dice: 0.8477, distal recall: 0.8663
epoch: 98, iter: 1750/3251, distal-aware loss: 0.2989, lumen dice: 0.9382, wall dice: 0.8474, distal recall: 0.8663
epoch: 98, iter: 1760/3251, distal-aware loss: 0.2988, lumen dice: 0.9382, wall dice: 0.8475, distal recall: 0.8663
epoch: 98, iter: 1770/3251, distal-aware loss: 0.2988, lumen dice: 0.9382, wall dice: 0.8476, distal recall: 0.8662
epoch: 98, iter: 1780/3251, distal-aware loss: 0.2987, lumen dice: 0.9382, wall dice: 0.8476, distal recall: 0.8662
epoch: 98, iter: 1790/3251, distal-aware loss: 0.2986, lumen dice: 0.9383, wall dice: 0.8477, distal recall: 0.8662
epoch: 98, iter: 1800/3251, distal-aware loss: 0.2986, lumen dice: 0.9383, wall dice: 0.8477, distal recall: 0.8662
epoch: 98, iter: 1810/3251, distal-aware loss: 0.2986, lumen dice: 0.9383, wall dice: 0.8477, distal recall: 0.8661
epoch: 98, iter: 1820/3251, distal-aware loss: 0.2986, lumen dice: 0.9384, wall dice: 0.8477, distal recall: 0.8661
epoch: 98, iter: 1830/3251, distal-aware loss: 0.2987, lumen dice: 0.9384, wall dice: 0.8475, distal recall: 0.8661
epoch: 98, iter: 1840/3251, distal-aware loss: 0.2986, lumen dice: 0.9384, wall dice: 0.8476, distal recall: 0.8662
epoch: 98, iter: 1850/3251, distal-aware loss: 0.2986, lumen dice: 0.9385, wall dice: 0.8475, distal recall: 0.8663
epoch: 98, iter: 1860/3251, distal-aware loss: 0.2985, lumen dice: 0.9386, wall dice: 0.8475, distal recall: 0.8664
epoch: 98, iter: 1870/3251, distal-aware loss: 0.2986, lumen dice: 0.9385, wall dice: 0.8475, distal recall: 0.8664
epoch: 98, iter: 1880/3251, distal-aware loss: 0.2987, lumen dice: 0.9385, wall dice: 0.8475, distal recall: 0.8664
epoch: 98, iter: 1890/3251, distal-aware loss: 0.2987, lumen dice: 0.9384, wall dice: 0.8474, distal recall: 0.8663
epoch: 98, iter: 1900/3251, distal-aware loss: 0.2990, lumen dice: 0.9384, wall dice: 0.8472, distal recall: 0.8662
epoch: 98, iter: 1910/3251, distal-aware loss: 0.2989, lumen dice: 0.9382, wall dice: 0.8472, distal recall: 0.8663
epoch: 98, iter: 1920/3251, distal-aware loss: 0.2989, lumen dice: 0.9382, wall dice: 0.8472, distal recall: 0.8664
epoch: 98, iter: 1930/3251, distal-aware loss: 0.2988, lumen dice: 0.9383, wall dice: 0.8472, distal recall: 0.8664
epoch: 98, iter: 1940/3251, distal-aware loss: 0.2989, lumen dice: 0.9381, wall dice: 0.8471, distal recall: 0.8664
epoch: 98, iter: 1950/3251, distal-aware loss: 0.2989, lumen dice: 0.9381, wall dice: 0.8472, distal recall: 0.8665
epoch: 98, iter: 1960/3251, distal-aware loss: 0.2991, lumen dice: 0.9381, wall dice: 0.8471, distal recall: 0.8665
epoch: 98, iter: 1970/3251, distal-aware loss: 0.2991, lumen dice: 0.9380, wall dice: 0.8471, distal recall: 0.8665
epoch: 98, iter: 1980/3251, distal-aware loss: 0.2991, lumen dice: 0.9381, wall dice: 0.8470, distal recall: 0.8664
epoch: 98, iter: 1990/3251, distal-aware loss: 0.2990, lumen dice: 0.9381, wall dice: 0.8471, distal recall: 0.8665
epoch: 98, iter: 2000/3251, distal-aware loss: 0.2990, lumen dice: 0.9382, wall dice: 0.8471, distal recall: 0.8664
epoch: 98, iter: 2010/3251, distal-aware loss: 0.2989, lumen dice: 0.9382, wall dice: 0.8472, distal recall: 0.8664
epoch: 98, iter: 2020/3251, distal-aware loss: 0.2989, lumen dice: 0.9383, wall dice: 0.8471, distal recall: 0.8666
epoch: 98, iter: 2030/3251, distal-aware loss: 0.2992, lumen dice: 0.9381, wall dice: 0.8471, distal recall: 0.8665
epoch: 98, iter: 2040/3251, distal-aware loss: 0.2995, lumen dice: 0.9381, wall dice: 0.8468, distal recall: 0.8661
epoch: 98, iter: 2050/3251, distal-aware loss: 0.2994, lumen dice: 0.9381, wall dice: 0.8468, distal recall: 0.8663
epoch: 98, iter: 2060/3251, distal-aware loss: 0.2993, lumen dice: 0.9382, wall dice: 0.8469, distal recall: 0.8663
epoch: 98, iter: 2070/3251, distal-aware loss: 0.2993, lumen dice: 0.9382, wall dice: 0.8469, distal recall: 0.8663
epoch: 98, iter: 2080/3251, distal-aware loss: 0.2993, lumen dice: 0.9382, wall dice: 0.8470, distal recall: 0.8663
epoch: 98, iter: 2090/3251, distal-aware loss: 0.2994, lumen dice: 0.9382, wall dice: 0.8470, distal recall: 0.8663
epoch: 98, iter: 2100/3251, distal-aware loss: 0.2995, lumen dice: 0.9382, wall dice: 0.8469, distal recall: 0.8662
epoch: 98, iter: 2110/3251, distal-aware loss: 0.2996, lumen dice: 0.9382, wall dice: 0.8469, distal recall: 0.8662
epoch: 98, iter: 2120/3251, distal-aware loss: 0.2996, lumen dice: 0.9381, wall dice: 0.8469, distal recall: 0.8663
epoch: 98, iter: 2130/3251, distal-aware loss: 0.2996, lumen dice: 0.9380, wall dice: 0.8469, distal recall: 0.8663
epoch: 98, iter: 2140/3251, distal-aware loss: 0.2996, lumen dice: 0.9380, wall dice: 0.8470, distal recall: 0.8664
epoch: 98, iter: 2150/3251, distal-aware loss: 0.2996, lumen dice: 0.9381, wall dice: 0.8469, distal recall: 0.8663
epoch: 98, iter: 2160/3251, distal-aware loss: 0.2996, lumen dice: 0.9380, wall dice: 0.8469, distal recall: 0.8663
epoch: 98, iter: 2170/3251, distal-aware loss: 0.2996, lumen dice: 0.9381, wall dice: 0.8470, distal recall: 0.8664
epoch: 98, iter: 2180/3251, distal-aware loss: 0.2996, lumen dice: 0.9380, wall dice: 0.8470, distal recall: 0.8664
epoch: 98, iter: 2190/3251, distal-aware loss: 0.2996, lumen dice: 0.9380, wall dice: 0.8470, distal recall: 0.8663
epoch: 98, iter: 2200/3251, distal-aware loss: 0.2996, lumen dice: 0.9380, wall dice: 0.8470, distal recall: 0.8663
epoch: 98, iter: 2210/3251, distal-aware loss: 0.2998, lumen dice: 0.9380, wall dice: 0.8469, distal recall: 0.8662
epoch: 98, iter: 2220/3251, distal-aware loss: 0.2999, lumen dice: 0.9379, wall dice: 0.8468, distal recall: 0.8663
epoch: 98, iter: 2230/3251, distal-aware loss: 0.2998, lumen dice: 0.9380, wall dice: 0.8469, distal recall: 0.8663
epoch: 98, iter: 2240/3251, distal-aware loss: 0.2999, lumen dice: 0.9379, wall dice: 0.8469, distal recall: 0.8662
epoch: 98, iter: 2250/3251, distal-aware loss: 0.2998, lumen dice: 0.9379, wall dice: 0.8469, distal recall: 0.8662
epoch: 98, iter: 2260/3251, distal-aware loss: 0.2999, lumen dice: 0.9378, wall dice: 0.8469, distal recall: 0.8661
epoch: 98, iter: 2270/3251, distal-aware loss: 0.2998, lumen dice: 0.9379, wall dice: 0.8470, distal recall: 0.8661
epoch: 98, iter: 2280/3251, distal-aware loss: 0.2998, lumen dice: 0.9379, wall dice: 0.8470, distal recall: 0.8661
epoch: 98, iter: 2290/3251, distal-aware loss: 0.2998, lumen dice: 0.9380, wall dice: 0.8470, distal recall: 0.8662
epoch: 98, iter: 2300/3251, distal-aware loss: 0.2996, lumen dice: 0.9380, wall dice: 0.8471, distal recall: 0.8662
epoch: 98, iter: 2310/3251, distal-aware loss: 0.2996, lumen dice: 0.9380, wall dice: 0.8471, distal recall: 0.8662
epoch: 98, iter: 2320/3251, distal-aware loss: 0.2995, lumen dice: 0.9381, wall dice: 0.8472, distal recall: 0.8662
epoch: 98, iter: 2330/3251, distal-aware loss: 0.2995, lumen dice: 0.9381, wall dice: 0.8472, distal recall: 0.8663
epoch: 98, iter: 2340/3251, distal-aware loss: 0.2995, lumen dice: 0.9381, wall dice: 0.8473, distal recall: 0.8662
epoch: 98, iter: 2350/3251, distal-aware loss: 0.2995, lumen dice: 0.9382, wall dice: 0.8473, distal recall: 0.8662
epoch: 98, iter: 2360/3251, distal-aware loss: 0.2994, lumen dice: 0.9382, wall dice: 0.8473, distal recall: 0.8662
epoch: 98, iter: 2370/3251, distal-aware loss: 0.2993, lumen dice: 0.9383, wall dice: 0.8474, distal recall: 0.8662
epoch: 98, iter: 2380/3251, distal-aware loss: 0.2992, lumen dice: 0.9383, wall dice: 0.8474, distal recall: 0.8662
epoch: 98, iter: 2390/3251, distal-aware loss: 0.2993, lumen dice: 0.9383, wall dice: 0.8473, distal recall: 0.8661
epoch: 98, iter: 2400/3251, distal-aware loss: 0.2993, lumen dice: 0.9383, wall dice: 0.8473, distal recall: 0.8662
epoch: 98, iter: 2410/3251, distal-aware loss: 0.2993, lumen dice: 0.9382, wall dice: 0.8474, distal recall: 0.8662
epoch: 98, iter: 2420/3251, distal-aware loss: 0.2992, lumen dice: 0.9383, wall dice: 0.8474, distal recall: 0.8663
epoch: 98, iter: 2430/3251, distal-aware loss: 0.2994, lumen dice: 0.9382, wall dice: 0.8473, distal recall: 0.8662
epoch: 98, iter: 2440/3251, distal-aware loss: 0.2994, lumen dice: 0.9382, wall dice: 0.8473, distal recall: 0.8663
epoch: 98, iter: 2450/3251, distal-aware loss: 0.2995, lumen dice: 0.9382, wall dice: 0.8473, distal recall: 0.8662
epoch: 98, iter: 2460/3251, distal-aware loss: 0.2995, lumen dice: 0.9382, wall dice: 0.8472, distal recall: 0.8663
epoch: 98, iter: 2470/3251, distal-aware loss: 0.2994, lumen dice: 0.9383, wall dice: 0.8473, distal recall: 0.8663
epoch: 98, iter: 2480/3251, distal-aware loss: 0.2995, lumen dice: 0.9383, wall dice: 0.8473, distal recall: 0.8663
epoch: 98, iter: 2490/3251, distal-aware loss: 0.2996, lumen dice: 0.9382, wall dice: 0.8472, distal recall: 0.8663
epoch: 98, iter: 2500/3251, distal-aware loss: 0.2995, lumen dice: 0.9383, wall dice: 0.8473, distal recall: 0.8664
epoch: 98, iter: 2510/3251, distal-aware loss: 0.2996, lumen dice: 0.9383, wall dice: 0.8473, distal recall: 0.8664
epoch: 98, iter: 2520/3251, distal-aware loss: 0.2996, lumen dice: 0.9383, wall dice: 0.8473, distal recall: 0.8664
epoch: 98, iter: 2530/3251, distal-aware loss: 0.2995, lumen dice: 0.9383, wall dice: 0.8474, distal recall: 0.8665
epoch: 98, iter: 2540/3251, distal-aware loss: 0.2995, lumen dice: 0.9383, wall dice: 0.8474, distal recall: 0.8665
epoch: 98, iter: 2550/3251, distal-aware loss: 0.2995, lumen dice: 0.9382, wall dice: 0.8473, distal recall: 0.8665
epoch: 98, iter: 2560/3251, distal-aware loss: 0.2995, lumen dice: 0.9382, wall dice: 0.8473, distal recall: 0.8665
epoch: 98, iter: 2570/3251, distal-aware loss: 0.2996, lumen dice: 0.9382, wall dice: 0.8474, distal recall: 0.8665
epoch: 98, iter: 2580/3251, distal-aware loss: 0.2996, lumen dice: 0.9382, wall dice: 0.8473, distal recall: 0.8666
epoch: 98, iter: 2590/3251, distal-aware loss: 0.2996, lumen dice: 0.9382, wall dice: 0.8474, distal recall: 0.8665
epoch: 98, iter: 2600/3251, distal-aware loss: 0.2996, lumen dice: 0.9382, wall dice: 0.8473, distal recall: 0.8665
epoch: 98, iter: 2610/3251, distal-aware loss: 0.2995, lumen dice: 0.9383, wall dice: 0.8474, distal recall: 0.8665
epoch: 98, iter: 2620/3251, distal-aware loss: 0.2994, lumen dice: 0.9383, wall dice: 0.8475, distal recall: 0.8665
epoch: 98, iter: 2630/3251, distal-aware loss: 0.2994, lumen dice: 0.9383, wall dice: 0.8475, distal recall: 0.8665
epoch: 98, iter: 2640/3251, distal-aware loss: 0.2994, lumen dice: 0.9383, wall dice: 0.8475, distal recall: 0.8665
epoch: 98, iter: 2650/3251, distal-aware loss: 0.2994, lumen dice: 0.9384, wall dice: 0.8475, distal recall: 0.8665
epoch: 98, iter: 2660/3251, distal-aware loss: 0.2993, lumen dice: 0.9384, wall dice: 0.8475, distal recall: 0.8665
epoch: 98, iter: 2670/3251, distal-aware loss: 0.2993, lumen dice: 0.9384, wall dice: 0.8475, distal recall: 0.8666
epoch: 98, iter: 2680/3251, distal-aware loss: 0.2993, lumen dice: 0.9384, wall dice: 0.8476, distal recall: 0.8666
epoch: 98, iter: 2690/3251, distal-aware loss: 0.2994, lumen dice: 0.9384, wall dice: 0.8475, distal recall: 0.8667
epoch: 98, iter: 2700/3251, distal-aware loss: 0.2994, lumen dice: 0.9384, wall dice: 0.8475, distal recall: 0.8666
epoch: 98, iter: 2710/3251, distal-aware loss: 0.2994, lumen dice: 0.9383, wall dice: 0.8475, distal recall: 0.8666
epoch: 98, iter: 2720/3251, distal-aware loss: 0.2994, lumen dice: 0.9383, wall dice: 0.8475, distal recall: 0.8666
epoch: 98, iter: 2730/3251, distal-aware loss: 0.2994, lumen dice: 0.9384, wall dice: 0.8475, distal recall: 0.8666
epoch: 98, iter: 2740/3251, distal-aware loss: 0.3001, lumen dice: 0.9380, wall dice: 0.8472, distal recall: 0.8667
epoch: 98, iter: 2750/3251, distal-aware loss: 0.3001, lumen dice: 0.9380, wall dice: 0.8472, distal recall: 0.8666
epoch: 98, iter: 2760/3251, distal-aware loss: 0.3000, lumen dice: 0.9380, wall dice: 0.8472, distal recall: 0.8667
epoch: 98, iter: 2770/3251, distal-aware loss: 0.3001, lumen dice: 0.9380, wall dice: 0.8471, distal recall: 0.8666
epoch: 98, iter: 2780/3251, distal-aware loss: 0.3001, lumen dice: 0.9380, wall dice: 0.8472, distal recall: 0.8666
epoch: 98, iter: 2790/3251, distal-aware loss: 0.3002, lumen dice: 0.9380, wall dice: 0.8471, distal recall: 0.8666
epoch: 98, iter: 2800/3251, distal-aware loss: 0.3002, lumen dice: 0.9380, wall dice: 0.8470, distal recall: 0.8666
epoch: 98, iter: 2810/3251, distal-aware loss: 0.3001, lumen dice: 0.9380, wall dice: 0.8471, distal recall: 0.8665
epoch: 98, iter: 2820/3251, distal-aware loss: 0.3001, lumen dice: 0.9380, wall dice: 0.8471, distal recall: 0.8665
epoch: 98, iter: 2830/3251, distal-aware loss: 0.3000, lumen dice: 0.9381, wall dice: 0.8471, distal recall: 0.8666
epoch: 98, iter: 2840/3251, distal-aware loss: 0.2999, lumen dice: 0.9381, wall dice: 0.8471, distal recall: 0.8666
epoch: 98, iter: 2850/3251, distal-aware loss: 0.3001, lumen dice: 0.9380, wall dice: 0.8470, distal recall: 0.8665
epoch: 98, iter: 2860/3251, distal-aware loss: 0.3001, lumen dice: 0.9379, wall dice: 0.8470, distal recall: 0.8665
epoch: 98, iter: 2870/3251, distal-aware loss: 0.3001, lumen dice: 0.9380, wall dice: 0.8471, distal recall: 0.8664
epoch: 98, iter: 2880/3251, distal-aware loss: 0.3001, lumen dice: 0.9380, wall dice: 0.8471, distal recall: 0.8665
epoch: 98, iter: 2890/3251, distal-aware loss: 0.3001, lumen dice: 0.9379, wall dice: 0.8470, distal recall: 0.8665
epoch: 98, iter: 2900/3251, distal-aware loss: 0.3001, lumen dice: 0.9379, wall dice: 0.8471, distal recall: 0.8665
epoch: 98, iter: 2910/3251, distal-aware loss: 0.2999, lumen dice: 0.9380, wall dice: 0.8471, distal recall: 0.8666
epoch: 98, iter: 2920/3251, distal-aware loss: 0.2999, lumen dice: 0.9380, wall dice: 0.8472, distal recall: 0.8667
epoch: 98, iter: 2930/3251, distal-aware loss: 0.2999, lumen dice: 0.9380, wall dice: 0.8471, distal recall: 0.8667
epoch: 98, iter: 2940/3251, distal-aware loss: 0.2999, lumen dice: 0.9380, wall dice: 0.8472, distal recall: 0.8667
epoch: 98, iter: 2950/3251, distal-aware loss: 0.2999, lumen dice: 0.9379, wall dice: 0.8472, distal recall: 0.8667
epoch: 98, iter: 2960/3251, distal-aware loss: 0.3000, lumen dice: 0.9379, wall dice: 0.8472, distal recall: 0.8667
epoch: 98, iter: 2970/3251, distal-aware loss: 0.3001, lumen dice: 0.9379, wall dice: 0.8471, distal recall: 0.8667
epoch: 98, iter: 2980/3251, distal-aware loss: 0.3001, lumen dice: 0.9379, wall dice: 0.8471, distal recall: 0.8667
epoch: 98, iter: 2990/3251, distal-aware loss: 0.3001, lumen dice: 0.9379, wall dice: 0.8471, distal recall: 0.8668
epoch: 98, iter: 3000/3251, distal-aware loss: 0.3000, lumen dice: 0.9379, wall dice: 0.8472, distal recall: 0.8668
epoch: 98, iter: 3010/3251, distal-aware loss: 0.2999, lumen dice: 0.9380, wall dice: 0.8472, distal recall: 0.8669
epoch: 98, iter: 3020/3251, distal-aware loss: 0.2999, lumen dice: 0.9380, wall dice: 0.8472, distal recall: 0.8669
epoch: 98, iter: 3030/3251, distal-aware loss: 0.3000, lumen dice: 0.9379, wall dice: 0.8471, distal recall: 0.8669
epoch: 98, iter: 3040/3251, distal-aware loss: 0.3000, lumen dice: 0.9379, wall dice: 0.8471, distal recall: 0.8669
epoch: 98, iter: 3050/3251, distal-aware loss: 0.3000, lumen dice: 0.9379, wall dice: 0.8472, distal recall: 0.8669
epoch: 98, iter: 3060/3251, distal-aware loss: 0.3000, lumen dice: 0.9379, wall dice: 0.8472, distal recall: 0.8669
epoch: 98, iter: 3070/3251, distal-aware loss: 0.3000, lumen dice: 0.9379, wall dice: 0.8471, distal recall: 0.8669
epoch: 98, iter: 3080/3251, distal-aware loss: 0.3000, lumen dice: 0.9379, wall dice: 0.8471, distal recall: 0.8669
epoch: 98, iter: 3090/3251, distal-aware loss: 0.2999, lumen dice: 0.9379, wall dice: 0.8471, distal recall: 0.8670
epoch: 98, iter: 3100/3251, distal-aware loss: 0.3000, lumen dice: 0.9380, wall dice: 0.8471, distal recall: 0.8669
epoch: 98, iter: 3110/3251, distal-aware loss: 0.3000, lumen dice: 0.9380, wall dice: 0.8472, distal recall: 0.8670
epoch: 98, iter: 3120/3251, distal-aware loss: 0.3000, lumen dice: 0.9380, wall dice: 0.8471, distal recall: 0.8670
epoch: 98, iter: 3130/3251, distal-aware loss: 0.3001, lumen dice: 0.9379, wall dice: 0.8471, distal recall: 0.8669
epoch: 98, iter: 3140/3251, distal-aware loss: 0.3002, lumen dice: 0.9379, wall dice: 0.8470, distal recall: 0.8669
epoch: 98, iter: 3150/3251, distal-aware loss: 0.3003, lumen dice: 0.9379, wall dice: 0.8470, distal recall: 0.8668
epoch: 98, iter: 3160/3251, distal-aware loss: 0.3003, lumen dice: 0.9379, wall dice: 0.8470, distal recall: 0.8668
epoch: 98, iter: 3170/3251, distal-aware loss: 0.3002, lumen dice: 0.9379, wall dice: 0.8470, distal recall: 0.8668
epoch: 98, iter: 3180/3251, distal-aware loss: 0.3002, lumen dice: 0.9379, wall dice: 0.8471, distal recall: 0.8668
epoch: 98, iter: 3190/3251, distal-aware loss: 0.3003, lumen dice: 0.9379, wall dice: 0.8470, distal recall: 0.8668
epoch: 98, iter: 3200/3251, distal-aware loss: 0.3002, lumen dice: 0.9380, wall dice: 0.8471, distal recall: 0.8668
epoch: 98, iter: 3210/3251, distal-aware loss: 0.3002, lumen dice: 0.9380, wall dice: 0.8471, distal recall: 0.8669
epoch: 98, iter: 3220/3251, distal-aware loss: 0.3000, lumen dice: 0.9381, wall dice: 0.8472, distal recall: 0.8669
epoch: 98, iter: 3230/3251, distal-aware loss: 0.3000, lumen dice: 0.9381, wall dice: 0.8473, distal recall: 0.8670
epoch: 98, iter: 3240/3251, distal-aware loss: 0.2999, lumen dice: 0.9381, wall dice: 0.8473, distal recall: 0.8671
epoch: 98, iter: 3250/3251, distal-aware loss: 0.2999, lumen dice: 0.9381, wall dice: 0.8473, distal recall: 0.8671
epoch: 98, val distal-aware loss: 0.2993, val lumen dice: 0.9488, val wall dice: 0.8751, val distal recall: 0.8993
starting epoch: 99
epoch: 99, iter: 0/3251, distal-aware loss: 0.2601, lumen dice: 0.9578, wall dice: 0.8648, distal recall: 0.8833
epoch: 99, iter: 10/3251, distal-aware loss: 0.3057, lumen dice: 0.9363, wall dice: 0.8426, distal recall: 0.8682
epoch: 99, iter: 20/3251, distal-aware loss: 0.2977, lumen dice: 0.9415, wall dice: 0.8332, distal recall: 0.8854
epoch: 99, iter: 30/3251, distal-aware loss: 0.2998, lumen dice: 0.9409, wall dice: 0.8381, distal recall: 0.8787
epoch: 99, iter: 40/3251, distal-aware loss: 0.2980, lumen dice: 0.9371, wall dice: 0.8434, distal recall: 0.8819
epoch: 99, iter: 50/3251, distal-aware loss: 0.2920, lumen dice: 0.9380, wall dice: 0.8472, distal recall: 0.8801
epoch: 99, iter: 60/3251, distal-aware loss: 0.2939, lumen dice: 0.9382, wall dice: 0.8481, distal recall: 0.8784
epoch: 99, iter: 70/3251, distal-aware loss: 0.2925, lumen dice: 0.9401, wall dice: 0.8484, distal recall: 0.8807
epoch: 99, iter: 80/3251, distal-aware loss: 0.2974, lumen dice: 0.9394, wall dice: 0.8478, distal recall: 0.8786
epoch: 99, iter: 90/3251, distal-aware loss: 0.2983, lumen dice: 0.9393, wall dice: 0.8446, distal recall: 0.8801
epoch: 99, iter: 100/3251, distal-aware loss: 0.2988, lumen dice: 0.9400, wall dice: 0.8426, distal recall: 0.8781
epoch: 99, iter: 110/3251, distal-aware loss: 0.2985, lumen dice: 0.9365, wall dice: 0.8442, distal recall: 0.8778
epoch: 99, iter: 120/3251, distal-aware loss: 0.2975, lumen dice: 0.9376, wall dice: 0.8456, distal recall: 0.8768
epoch: 99, iter: 130/3251, distal-aware loss: 0.2964, lumen dice: 0.9380, wall dice: 0.8450, distal recall: 0.8792
epoch: 99, iter: 140/3251, distal-aware loss: 0.2971, lumen dice: 0.9370, wall dice: 0.8451, distal recall: 0.8790
epoch: 99, iter: 150/3251, distal-aware loss: 0.2945, lumen dice: 0.9381, wall dice: 0.8471, distal recall: 0.8794
epoch: 99, iter: 160/3251, distal-aware loss: 0.2935, lumen dice: 0.9390, wall dice: 0.8471, distal recall: 0.8795
epoch: 99, iter: 170/3251, distal-aware loss: 0.2950, lumen dice: 0.9387, wall dice: 0.8454, distal recall: 0.8781
epoch: 99, iter: 180/3251, distal-aware loss: 0.2968, lumen dice: 0.9387, wall dice: 0.8450, distal recall: 0.8762
epoch: 99, iter: 190/3251, distal-aware loss: 0.2955, lumen dice: 0.9394, wall dice: 0.8458, distal recall: 0.8773
epoch: 99, iter: 200/3251, distal-aware loss: 0.2950, lumen dice: 0.9396, wall dice: 0.8462, distal recall: 0.8765
epoch: 99, iter: 210/3251, distal-aware loss: 0.2967, lumen dice: 0.9392, wall dice: 0.8451, distal recall: 0.8749
epoch: 99, iter: 220/3251, distal-aware loss: 0.2974, lumen dice: 0.9390, wall dice: 0.8450, distal recall: 0.8747
epoch: 99, iter: 230/3251, distal-aware loss: 0.2956, lumen dice: 0.9398, wall dice: 0.8462, distal recall: 0.8749
epoch: 99, iter: 240/3251, distal-aware loss: 0.2962, lumen dice: 0.9393, wall dice: 0.8463, distal recall: 0.8742
epoch: 99, iter: 250/3251, distal-aware loss: 0.2969, lumen dice: 0.9390, wall dice: 0.8458, distal recall: 0.8745
epoch: 99, iter: 260/3251, distal-aware loss: 0.2979, lumen dice: 0.9385, wall dice: 0.8452, distal recall: 0.8740
epoch: 99, iter: 270/3251, distal-aware loss: 0.2973, lumen dice: 0.9386, wall dice: 0.8456, distal recall: 0.8741
epoch: 99, iter: 280/3251, distal-aware loss: 0.2964, lumen dice: 0.9388, wall dice: 0.8461, distal recall: 0.8736
epoch: 99, iter: 290/3251, distal-aware loss: 0.2966, lumen dice: 0.9388, wall dice: 0.8460, distal recall: 0.8735
epoch: 99, iter: 300/3251, distal-aware loss: 0.2956, lumen dice: 0.9395, wall dice: 0.8468, distal recall: 0.8735
epoch: 99, iter: 310/3251, distal-aware loss: 0.2960, lumen dice: 0.9391, wall dice: 0.8469, distal recall: 0.8738
epoch: 99, iter: 320/3251, distal-aware loss: 0.2950, lumen dice: 0.9393, wall dice: 0.8476, distal recall: 0.8746
epoch: 99, iter: 330/3251, distal-aware loss: 0.2952, lumen dice: 0.9395, wall dice: 0.8478, distal recall: 0.8736
epoch: 99, iter: 340/3251, distal-aware loss: 0.2954, lumen dice: 0.9394, wall dice: 0.8477, distal recall: 0.8734
epoch: 99, iter: 350/3251, distal-aware loss: 0.2961, lumen dice: 0.9393, wall dice: 0.8473, distal recall: 0.8736
epoch: 99, iter: 360/3251, distal-aware loss: 0.2970, lumen dice: 0.9392, wall dice: 0.8463, distal recall: 0.8733
epoch: 99, iter: 370/3251, distal-aware loss: 0.2972, lumen dice: 0.9387, wall dice: 0.8463, distal recall: 0.8731
epoch: 99, iter: 380/3251, distal-aware loss: 0.2970, lumen dice: 0.9389, wall dice: 0.8463, distal recall: 0.8728
epoch: 99, iter: 390/3251, distal-aware loss: 0.2963, lumen dice: 0.9393, wall dice: 0.8468, distal recall: 0.8730
epoch: 99, iter: 400/3251, distal-aware loss: 0.2957, lumen dice: 0.9396, wall dice: 0.8473, distal recall: 0.8733
epoch: 99, iter: 410/3251, distal-aware loss: 0.2959, lumen dice: 0.9395, wall dice: 0.8472, distal recall: 0.8732
epoch: 99, iter: 420/3251, distal-aware loss: 0.2955, lumen dice: 0.9397, wall dice: 0.8474, distal recall: 0.8734
epoch: 99, iter: 430/3251, distal-aware loss: 0.2956, lumen dice: 0.9396, wall dice: 0.8476, distal recall: 0.8735
epoch: 99, iter: 440/3251, distal-aware loss: 0.2958, lumen dice: 0.9396, wall dice: 0.8476, distal recall: 0.8736
epoch: 99, iter: 450/3251, distal-aware loss: 0.2964, lumen dice: 0.9393, wall dice: 0.8472, distal recall: 0.8733
epoch: 99, iter: 460/3251, distal-aware loss: 0.2957, lumen dice: 0.9395, wall dice: 0.8475, distal recall: 0.8734
epoch: 99, iter: 470/3251, distal-aware loss: 0.2957, lumen dice: 0.9396, wall dice: 0.8476, distal recall: 0.8727
epoch: 99, iter: 480/3251, distal-aware loss: 0.2953, lumen dice: 0.9400, wall dice: 0.8480, distal recall: 0.8729
epoch: 99, iter: 490/3251, distal-aware loss: 0.2967, lumen dice: 0.9387, wall dice: 0.8470, distal recall: 0.8726
epoch: 99, iter: 500/3251, distal-aware loss: 0.2975, lumen dice: 0.9381, wall dice: 0.8459, distal recall: 0.8723
epoch: 99, iter: 510/3251, distal-aware loss: 0.2978, lumen dice: 0.9378, wall dice: 0.8456, distal recall: 0.8720
epoch: 99, iter: 520/3251, distal-aware loss: 0.2984, lumen dice: 0.9371, wall dice: 0.8453, distal recall: 0.8716
epoch: 99, iter: 530/3251, distal-aware loss: 0.2988, lumen dice: 0.9370, wall dice: 0.8452, distal recall: 0.8714
epoch: 99, iter: 540/3251, distal-aware loss: 0.2984, lumen dice: 0.9371, wall dice: 0.8455, distal recall: 0.8710
epoch: 99, iter: 550/3251, distal-aware loss: 0.2988, lumen dice: 0.9368, wall dice: 0.8452, distal recall: 0.8707
epoch: 99, iter: 560/3251, distal-aware loss: 0.2990, lumen dice: 0.9370, wall dice: 0.8450, distal recall: 0.8706
epoch: 99, iter: 570/3251, distal-aware loss: 0.2991, lumen dice: 0.9370, wall dice: 0.8451, distal recall: 0.8706
epoch: 99, iter: 580/3251, distal-aware loss: 0.2988, lumen dice: 0.9371, wall dice: 0.8451, distal recall: 0.8705
epoch: 99, iter: 590/3251, distal-aware loss: 0.2998, lumen dice: 0.9366, wall dice: 0.8444, distal recall: 0.8704
epoch: 99, iter: 600/3251, distal-aware loss: 0.3005, lumen dice: 0.9360, wall dice: 0.8439, distal recall: 0.8704
epoch: 99, iter: 610/3251, distal-aware loss: 0.3011, lumen dice: 0.9350, wall dice: 0.8434, distal recall: 0.8706
epoch: 99, iter: 620/3251, distal-aware loss: 0.3015, lumen dice: 0.9351, wall dice: 0.8433, distal recall: 0.8698
epoch: 99, iter: 630/3251, distal-aware loss: 0.3024, lumen dice: 0.9347, wall dice: 0.8425, distal recall: 0.8691
epoch: 99, iter: 640/3251, distal-aware loss: 0.3028, lumen dice: 0.9347, wall dice: 0.8424, distal recall: 0.8686
epoch: 99, iter: 650/3251, distal-aware loss: 0.3038, lumen dice: 0.9344, wall dice: 0.8414, distal recall: 0.8676
epoch: 99, iter: 660/3251, distal-aware loss: 0.3039, lumen dice: 0.9344, wall dice: 0.8415, distal recall: 0.8680
epoch: 99, iter: 670/3251, distal-aware loss: 0.3037, lumen dice: 0.9345, wall dice: 0.8419, distal recall: 0.8680
epoch: 99, iter: 680/3251, distal-aware loss: 0.3035, lumen dice: 0.9348, wall dice: 0.8421, distal recall: 0.8682
epoch: 99, iter: 690/3251, distal-aware loss: 0.3033, lumen dice: 0.9350, wall dice: 0.8422, distal recall: 0.8680
epoch: 99, iter: 700/3251, distal-aware loss: 0.3032, lumen dice: 0.9350, wall dice: 0.8424, distal recall: 0.8681
epoch: 99, iter: 710/3251, distal-aware loss: 0.3032, lumen dice: 0.9346, wall dice: 0.8424, distal recall: 0.8680
epoch: 99, iter: 720/3251, distal-aware loss: 0.3029, lumen dice: 0.9348, wall dice: 0.8427, distal recall: 0.8684
epoch: 99, iter: 730/3251, distal-aware loss: 0.3027, lumen dice: 0.9348, wall dice: 0.8428, distal recall: 0.8687
epoch: 99, iter: 740/3251, distal-aware loss: 0.3027, lumen dice: 0.9350, wall dice: 0.8430, distal recall: 0.8685
epoch: 99, iter: 750/3251, distal-aware loss: 0.3031, lumen dice: 0.9347, wall dice: 0.8430, distal recall: 0.8680
epoch: 99, iter: 760/3251, distal-aware loss: 0.3058, lumen dice: 0.9335, wall dice: 0.8418, distal recall: 0.8681
epoch: 99, iter: 770/3251, distal-aware loss: 0.3063, lumen dice: 0.9334, wall dice: 0.8419, distal recall: 0.8681
epoch: 99, iter: 780/3251, distal-aware loss: 0.3075, lumen dice: 0.9324, wall dice: 0.8407, distal recall: 0.8672
epoch: 99, iter: 790/3251, distal-aware loss: 0.3077, lumen dice: 0.9319, wall dice: 0.8405, distal recall: 0.8673
epoch: 99, iter: 800/3251, distal-aware loss: 0.3083, lumen dice: 0.9319, wall dice: 0.8402, distal recall: 0.8668
epoch: 99, iter: 810/3251, distal-aware loss: 0.3084, lumen dice: 0.9314, wall dice: 0.8400, distal recall: 0.8666
epoch: 99, iter: 820/3251, distal-aware loss: 0.3086, lumen dice: 0.9315, wall dice: 0.8399, distal recall: 0.8662
epoch: 99, iter: 830/3251, distal-aware loss: 0.3085, lumen dice: 0.9316, wall dice: 0.8398, distal recall: 0.8664
epoch: 99, iter: 840/3251, distal-aware loss: 0.3083, lumen dice: 0.9318, wall dice: 0.8400, distal recall: 0.8662
epoch: 99, iter: 850/3251, distal-aware loss: 0.3079, lumen dice: 0.9321, wall dice: 0.8401, distal recall: 0.8664
epoch: 99, iter: 860/3251, distal-aware loss: 0.3077, lumen dice: 0.9323, wall dice: 0.8403, distal recall: 0.8663
epoch: 99, iter: 870/3251, distal-aware loss: 0.3075, lumen dice: 0.9323, wall dice: 0.8404, distal recall: 0.8664
epoch: 99, iter: 880/3251, distal-aware loss: 0.3071, lumen dice: 0.9324, wall dice: 0.8407, distal recall: 0.8665
epoch: 99, iter: 890/3251, distal-aware loss: 0.3072, lumen dice: 0.9323, wall dice: 0.8407, distal recall: 0.8664
epoch: 99, iter: 900/3251, distal-aware loss: 0.3072, lumen dice: 0.9325, wall dice: 0.8408, distal recall: 0.8660
epoch: 99, iter: 910/3251, distal-aware loss: 0.3070, lumen dice: 0.9326, wall dice: 0.8409, distal recall: 0.8664
epoch: 99, iter: 920/3251, distal-aware loss: 0.3071, lumen dice: 0.9324, wall dice: 0.8409, distal recall: 0.8661
epoch: 99, iter: 930/3251, distal-aware loss: 0.3072, lumen dice: 0.9324, wall dice: 0.8409, distal recall: 0.8661
epoch: 99, iter: 940/3251, distal-aware loss: 0.3071, lumen dice: 0.9325, wall dice: 0.8410, distal recall: 0.8661
epoch: 99, iter: 950/3251, distal-aware loss: 0.3072, lumen dice: 0.9317, wall dice: 0.8411, distal recall: 0.8661
epoch: 99, iter: 960/3251, distal-aware loss: 0.3071, lumen dice: 0.9318, wall dice: 0.8411, distal recall: 0.8662
epoch: 99, iter: 970/3251, distal-aware loss: 0.3074, lumen dice: 0.9316, wall dice: 0.8410, distal recall: 0.8659
epoch: 99, iter: 980/3251, distal-aware loss: 0.3072, lumen dice: 0.9318, wall dice: 0.8412, distal recall: 0.8661
epoch: 99, iter: 990/3251, distal-aware loss: 0.3070, lumen dice: 0.9317, wall dice: 0.8413, distal recall: 0.8662
epoch: 99, iter: 1000/3251, distal-aware loss: 0.3065, lumen dice: 0.9319, wall dice: 0.8416, distal recall: 0.8665
epoch: 99, iter: 1010/3251, distal-aware loss: 0.3064, lumen dice: 0.9320, wall dice: 0.8418, distal recall: 0.8666
epoch: 99, iter: 1020/3251, distal-aware loss: 0.3063, lumen dice: 0.9320, wall dice: 0.8418, distal recall: 0.8667
epoch: 99, iter: 1030/3251, distal-aware loss: 0.3064, lumen dice: 0.9321, wall dice: 0.8419, distal recall: 0.8665
epoch: 99, iter: 1040/3251, distal-aware loss: 0.3062, lumen dice: 0.9323, wall dice: 0.8420, distal recall: 0.8665
epoch: 99, iter: 1050/3251, distal-aware loss: 0.3063, lumen dice: 0.9323, wall dice: 0.8418, distal recall: 0.8665
epoch: 99, iter: 1060/3251, distal-aware loss: 0.3063, lumen dice: 0.9324, wall dice: 0.8419, distal recall: 0.8665
epoch: 99, iter: 1070/3251, distal-aware loss: 0.3062, lumen dice: 0.9325, wall dice: 0.8421, distal recall: 0.8666
epoch: 99, iter: 1080/3251, distal-aware loss: 0.3060, lumen dice: 0.9325, wall dice: 0.8422, distal recall: 0.8667
epoch: 99, iter: 1090/3251, distal-aware loss: 0.3060, lumen dice: 0.9326, wall dice: 0.8424, distal recall: 0.8668
epoch: 99, iter: 1100/3251, distal-aware loss: 0.3058, lumen dice: 0.9327, wall dice: 0.8424, distal recall: 0.8669
epoch: 99, iter: 1110/3251, distal-aware loss: 0.3056, lumen dice: 0.9328, wall dice: 0.8425, distal recall: 0.8669
epoch: 99, iter: 1120/3251, distal-aware loss: 0.3053, lumen dice: 0.9329, wall dice: 0.8427, distal recall: 0.8671
epoch: 99, iter: 1130/3251, distal-aware loss: 0.3053, lumen dice: 0.9331, wall dice: 0.8428, distal recall: 0.8669
epoch: 99, iter: 1140/3251, distal-aware loss: 0.3050, lumen dice: 0.9332, wall dice: 0.8430, distal recall: 0.8671
epoch: 99, iter: 1150/3251, distal-aware loss: 0.3050, lumen dice: 0.9332, wall dice: 0.8431, distal recall: 0.8670
epoch: 99, iter: 1160/3251, distal-aware loss: 0.3049, lumen dice: 0.9333, wall dice: 0.8432, distal recall: 0.8671
epoch: 99, iter: 1170/3251, distal-aware loss: 0.3048, lumen dice: 0.9334, wall dice: 0.8432, distal recall: 0.8670
epoch: 99, iter: 1180/3251, distal-aware loss: 0.3046, lumen dice: 0.9335, wall dice: 0.8433, distal recall: 0.8670
epoch: 99, iter: 1190/3251, distal-aware loss: 0.3044, lumen dice: 0.9337, wall dice: 0.8434, distal recall: 0.8670
epoch: 99, iter: 1200/3251, distal-aware loss: 0.3043, lumen dice: 0.9337, wall dice: 0.8435, distal recall: 0.8672
epoch: 99, iter: 1210/3251, distal-aware loss: 0.3041, lumen dice: 0.9336, wall dice: 0.8437, distal recall: 0.8673
epoch: 99, iter: 1220/3251, distal-aware loss: 0.3038, lumen dice: 0.9338, wall dice: 0.8438, distal recall: 0.8674
epoch: 99, iter: 1230/3251, distal-aware loss: 0.3035, lumen dice: 0.9339, wall dice: 0.8440, distal recall: 0.8675
epoch: 99, iter: 1240/3251, distal-aware loss: 0.3034, lumen dice: 0.9341, wall dice: 0.8441, distal recall: 0.8675
epoch: 99, iter: 1250/3251, distal-aware loss: 0.3036, lumen dice: 0.9340, wall dice: 0.8440, distal recall: 0.8674
epoch: 99, iter: 1260/3251, distal-aware loss: 0.3033, lumen dice: 0.9342, wall dice: 0.8442, distal recall: 0.8675
epoch: 99, iter: 1270/3251, distal-aware loss: 0.3032, lumen dice: 0.9340, wall dice: 0.8442, distal recall: 0.8677
epoch: 99, iter: 1280/3251, distal-aware loss: 0.3032, lumen dice: 0.9341, wall dice: 0.8443, distal recall: 0.8675
epoch: 99, iter: 1290/3251, distal-aware loss: 0.3045, lumen dice: 0.9337, wall dice: 0.8435, distal recall: 0.8672
epoch: 99, iter: 1300/3251, distal-aware loss: 0.3054, lumen dice: 0.9334, wall dice: 0.8432, distal recall: 0.8660
epoch: 99, iter: 1310/3251, distal-aware loss: 0.3056, lumen dice: 0.9334, wall dice: 0.8428, distal recall: 0.8660
epoch: 99, iter: 1320/3251, distal-aware loss: 0.3059, lumen dice: 0.9332, wall dice: 0.8427, distal recall: 0.8654
epoch: 99, iter: 1330/3251, distal-aware loss: 0.3058, lumen dice: 0.9334, wall dice: 0.8427, distal recall: 0.8654
epoch: 99, iter: 1340/3251, distal-aware loss: 0.3058, lumen dice: 0.9334, wall dice: 0.8428, distal recall: 0.8653
epoch: 99, iter: 1350/3251, distal-aware loss: 0.3058, lumen dice: 0.9335, wall dice: 0.8428, distal recall: 0.8653
epoch: 99, iter: 1360/3251, distal-aware loss: 0.3057, lumen dice: 0.9335, wall dice: 0.8428, distal recall: 0.8651
epoch: 99, iter: 1370/3251, distal-aware loss: 0.3057, lumen dice: 0.9336, wall dice: 0.8428, distal recall: 0.8651
epoch: 99, iter: 1380/3251, distal-aware loss: 0.3061, lumen dice: 0.9335, wall dice: 0.8424, distal recall: 0.8648
epoch: 99, iter: 1390/3251, distal-aware loss: 0.3061, lumen dice: 0.9334, wall dice: 0.8424, distal recall: 0.8648
epoch: 99, iter: 1400/3251, distal-aware loss: 0.3060, lumen dice: 0.9336, wall dice: 0.8426, distal recall: 0.8647
epoch: 99, iter: 1410/3251, distal-aware loss: 0.3059, lumen dice: 0.9336, wall dice: 0.8426, distal recall: 0.8649
epoch: 99, iter: 1420/3251, distal-aware loss: 0.3059, lumen dice: 0.9335, wall dice: 0.8424, distal recall: 0.8650
epoch: 99, iter: 1430/3251, distal-aware loss: 0.3056, lumen dice: 0.9336, wall dice: 0.8426, distal recall: 0.8651
epoch: 99, iter: 1440/3251, distal-aware loss: 0.3055, lumen dice: 0.9337, wall dice: 0.8426, distal recall: 0.8651
epoch: 99, iter: 1450/3251, distal-aware loss: 0.3055, lumen dice: 0.9336, wall dice: 0.8426, distal recall: 0.8652
epoch: 99, iter: 1460/3251, distal-aware loss: 0.3053, lumen dice: 0.9337, wall dice: 0.8428, distal recall: 0.8652
epoch: 99, iter: 1470/3251, distal-aware loss: 0.3052, lumen dice: 0.9338, wall dice: 0.8429, distal recall: 0.8651
epoch: 99, iter: 1480/3251, distal-aware loss: 0.3051, lumen dice: 0.9338, wall dice: 0.8428, distal recall: 0.8650
epoch: 99, iter: 1490/3251, distal-aware loss: 0.3051, lumen dice: 0.9339, wall dice: 0.8429, distal recall: 0.8650
epoch: 99, iter: 1500/3251, distal-aware loss: 0.3050, lumen dice: 0.9339, wall dice: 0.8430, distal recall: 0.8651
epoch: 99, iter: 1510/3251, distal-aware loss: 0.3051, lumen dice: 0.9337, wall dice: 0.8430, distal recall: 0.8651
epoch: 99, iter: 1520/3251, distal-aware loss: 0.3052, lumen dice: 0.9337, wall dice: 0.8429, distal recall: 0.8651
epoch: 99, iter: 1530/3251, distal-aware loss: 0.3050, lumen dice: 0.9338, wall dice: 0.8431, distal recall: 0.8653
epoch: 99, iter: 1540/3251, distal-aware loss: 0.3051, lumen dice: 0.9338, wall dice: 0.8431, distal recall: 0.8652
epoch: 99, iter: 1550/3251, distal-aware loss: 0.3049, lumen dice: 0.9339, wall dice: 0.8431, distal recall: 0.8653
epoch: 99, iter: 1560/3251, distal-aware loss: 0.3046, lumen dice: 0.9341, wall dice: 0.8433, distal recall: 0.8654
epoch: 99, iter: 1570/3251, distal-aware loss: 0.3045, lumen dice: 0.9342, wall dice: 0.8434, distal recall: 0.8656
epoch: 99, iter: 1580/3251, distal-aware loss: 0.3047, lumen dice: 0.9342, wall dice: 0.8433, distal recall: 0.8653
epoch: 99, iter: 1590/3251, distal-aware loss: 0.3045, lumen dice: 0.9343, wall dice: 0.8434, distal recall: 0.8654
epoch: 99, iter: 1600/3251, distal-aware loss: 0.3045, lumen dice: 0.9343, wall dice: 0.8434, distal recall: 0.8653
epoch: 99, iter: 1610/3251, distal-aware loss: 0.3044, lumen dice: 0.9344, wall dice: 0.8435, distal recall: 0.8655
epoch: 99, iter: 1620/3251, distal-aware loss: 0.3043, lumen dice: 0.9345, wall dice: 0.8435, distal recall: 0.8654
epoch: 99, iter: 1630/3251, distal-aware loss: 0.3041, lumen dice: 0.9346, wall dice: 0.8435, distal recall: 0.8655
epoch: 99, iter: 1640/3251, distal-aware loss: 0.3040, lumen dice: 0.9345, wall dice: 0.8436, distal recall: 0.8656
epoch: 99, iter: 1650/3251, distal-aware loss: 0.3044, lumen dice: 0.9344, wall dice: 0.8433, distal recall: 0.8653
epoch: 99, iter: 1660/3251, distal-aware loss: 0.3042, lumen dice: 0.9344, wall dice: 0.8435, distal recall: 0.8655
epoch: 99, iter: 1670/3251, distal-aware loss: 0.3041, lumen dice: 0.9345, wall dice: 0.8436, distal recall: 0.8656
epoch: 99, iter: 1680/3251, distal-aware loss: 0.3038, lumen dice: 0.9346, wall dice: 0.8437, distal recall: 0.8657
epoch: 99, iter: 1690/3251, distal-aware loss: 0.3036, lumen dice: 0.9347, wall dice: 0.8439, distal recall: 0.8659
epoch: 99, iter: 1700/3251, distal-aware loss: 0.3033, lumen dice: 0.9348, wall dice: 0.8440, distal recall: 0.8660
epoch: 99, iter: 1710/3251, distal-aware loss: 0.3032, lumen dice: 0.9349, wall dice: 0.8441, distal recall: 0.8661
epoch: 99, iter: 1720/3251, distal-aware loss: 0.3032, lumen dice: 0.9350, wall dice: 0.8442, distal recall: 0.8661
epoch: 99, iter: 1730/3251, distal-aware loss: 0.3034, lumen dice: 0.9350, wall dice: 0.8441, distal recall: 0.8661
epoch: 99, iter: 1740/3251, distal-aware loss: 0.3035, lumen dice: 0.9349, wall dice: 0.8440, distal recall: 0.8661
epoch: 99, iter: 1750/3251, distal-aware loss: 0.3035, lumen dice: 0.9349, wall dice: 0.8440, distal recall: 0.8661
epoch: 99, iter: 1760/3251, distal-aware loss: 0.3033, lumen dice: 0.9350, wall dice: 0.8442, distal recall: 0.8661
epoch: 99, iter: 1770/3251, distal-aware loss: 0.3031, lumen dice: 0.9352, wall dice: 0.8443, distal recall: 0.8662
epoch: 99, iter: 1780/3251, distal-aware loss: 0.3031, lumen dice: 0.9353, wall dice: 0.8443, distal recall: 0.8662
epoch: 99, iter: 1790/3251, distal-aware loss: 0.3028, lumen dice: 0.9354, wall dice: 0.8444, distal recall: 0.8663
epoch: 99, iter: 1800/3251, distal-aware loss: 0.3030, lumen dice: 0.9353, wall dice: 0.8442, distal recall: 0.8663
epoch: 99, iter: 1810/3251, distal-aware loss: 0.3030, lumen dice: 0.9353, wall dice: 0.8442, distal recall: 0.8664
epoch: 99, iter: 1820/3251, distal-aware loss: 0.3028, lumen dice: 0.9353, wall dice: 0.8443, distal recall: 0.8665
epoch: 99, iter: 1830/3251, distal-aware loss: 0.3026, lumen dice: 0.9354, wall dice: 0.8444, distal recall: 0.8665
epoch: 99, iter: 1840/3251, distal-aware loss: 0.3024, lumen dice: 0.9355, wall dice: 0.8446, distal recall: 0.8666
epoch: 99, iter: 1850/3251, distal-aware loss: 0.3024, lumen dice: 0.9356, wall dice: 0.8447, distal recall: 0.8668
epoch: 99, iter: 1860/3251, distal-aware loss: 0.3024, lumen dice: 0.9355, wall dice: 0.8447, distal recall: 0.8668
epoch: 99, iter: 1870/3251, distal-aware loss: 0.3024, lumen dice: 0.9355, wall dice: 0.8447, distal recall: 0.8669
epoch: 99, iter: 1880/3251, distal-aware loss: 0.3025, lumen dice: 0.9355, wall dice: 0.8447, distal recall: 0.8669
epoch: 99, iter: 1890/3251, distal-aware loss: 0.3027, lumen dice: 0.9355, wall dice: 0.8445, distal recall: 0.8668
epoch: 99, iter: 1900/3251, distal-aware loss: 0.3027, lumen dice: 0.9355, wall dice: 0.8445, distal recall: 0.8667
epoch: 99, iter: 1910/3251, distal-aware loss: 0.3028, lumen dice: 0.9354, wall dice: 0.8445, distal recall: 0.8668
epoch: 99, iter: 1920/3251, distal-aware loss: 0.3028, lumen dice: 0.9354, wall dice: 0.8444, distal recall: 0.8667
epoch: 99, iter: 1930/3251, distal-aware loss: 0.3027, lumen dice: 0.9355, wall dice: 0.8445, distal recall: 0.8668
epoch: 99, iter: 1940/3251, distal-aware loss: 0.3026, lumen dice: 0.9356, wall dice: 0.8446, distal recall: 0.8669
epoch: 99, iter: 1950/3251, distal-aware loss: 0.3025, lumen dice: 0.9356, wall dice: 0.8446, distal recall: 0.8668
epoch: 99, iter: 1960/3251, distal-aware loss: 0.3025, lumen dice: 0.9356, wall dice: 0.8447, distal recall: 0.8669
epoch: 99, iter: 1970/3251, distal-aware loss: 0.3025, lumen dice: 0.9356, wall dice: 0.8447, distal recall: 0.8669
epoch: 99, iter: 1980/3251, distal-aware loss: 0.3025, lumen dice: 0.9356, wall dice: 0.8448, distal recall: 0.8669
epoch: 99, iter: 1990/3251, distal-aware loss: 0.3024, lumen dice: 0.9357, wall dice: 0.8448, distal recall: 0.8671
epoch: 99, iter: 2000/3251, distal-aware loss: 0.3023, lumen dice: 0.9356, wall dice: 0.8448, distal recall: 0.8670
epoch: 99, iter: 2010/3251, distal-aware loss: 0.3024, lumen dice: 0.9357, wall dice: 0.8449, distal recall: 0.8670
epoch: 99, iter: 2020/3251, distal-aware loss: 0.3022, lumen dice: 0.9357, wall dice: 0.8450, distal recall: 0.8670
epoch: 99, iter: 2030/3251, distal-aware loss: 0.3022, lumen dice: 0.9358, wall dice: 0.8449, distal recall: 0.8671
epoch: 99, iter: 2040/3251, distal-aware loss: 0.3022, lumen dice: 0.9358, wall dice: 0.8450, distal recall: 0.8671
epoch: 99, iter: 2050/3251, distal-aware loss: 0.3023, lumen dice: 0.9358, wall dice: 0.8450, distal recall: 0.8670
epoch: 99, iter: 2060/3251, distal-aware loss: 0.3024, lumen dice: 0.9359, wall dice: 0.8449, distal recall: 0.8671
epoch: 99, iter: 2070/3251, distal-aware loss: 0.3023, lumen dice: 0.9359, wall dice: 0.8449, distal recall: 0.8671
epoch: 99, iter: 2080/3251, distal-aware loss: 0.3023, lumen dice: 0.9359, wall dice: 0.8449, distal recall: 0.8671
epoch: 99, iter: 2090/3251, distal-aware loss: 0.3024, lumen dice: 0.9359, wall dice: 0.8449, distal recall: 0.8671
epoch: 99, iter: 2100/3251, distal-aware loss: 0.3024, lumen dice: 0.9360, wall dice: 0.8450, distal recall: 0.8671
epoch: 99, iter: 2110/3251, distal-aware loss: 0.3026, lumen dice: 0.9359, wall dice: 0.8448, distal recall: 0.8670
epoch: 99, iter: 2120/3251, distal-aware loss: 0.3025, lumen dice: 0.9358, wall dice: 0.8449, distal recall: 0.8672
epoch: 99, iter: 2130/3251, distal-aware loss: 0.3023, lumen dice: 0.9358, wall dice: 0.8450, distal recall: 0.8672
epoch: 99, iter: 2140/3251, distal-aware loss: 0.3023, lumen dice: 0.9358, wall dice: 0.8449, distal recall: 0.8672
epoch: 99, iter: 2150/3251, distal-aware loss: 0.3022, lumen dice: 0.9359, wall dice: 0.8450, distal recall: 0.8674
epoch: 99, iter: 2160/3251, distal-aware loss: 0.3021, lumen dice: 0.9360, wall dice: 0.8451, distal recall: 0.8674
epoch: 99, iter: 2170/3251, distal-aware loss: 0.3021, lumen dice: 0.9360, wall dice: 0.8451, distal recall: 0.8674
epoch: 99, iter: 2180/3251, distal-aware loss: 0.3021, lumen dice: 0.9359, wall dice: 0.8451, distal recall: 0.8673
epoch: 99, iter: 2190/3251, distal-aware loss: 0.3021, lumen dice: 0.9359, wall dice: 0.8450, distal recall: 0.8672
epoch: 99, iter: 2200/3251, distal-aware loss: 0.3022, lumen dice: 0.9359, wall dice: 0.8449, distal recall: 0.8672
epoch: 99, iter: 2210/3251, distal-aware loss: 0.3021, lumen dice: 0.9360, wall dice: 0.8449, distal recall: 0.8671
epoch: 99, iter: 2220/3251, distal-aware loss: 0.3020, lumen dice: 0.9360, wall dice: 0.8450, distal recall: 0.8671
epoch: 99, iter: 2230/3251, distal-aware loss: 0.3019, lumen dice: 0.9361, wall dice: 0.8451, distal recall: 0.8671
epoch: 99, iter: 2240/3251, distal-aware loss: 0.3018, lumen dice: 0.9362, wall dice: 0.8451, distal recall: 0.8671
epoch: 99, iter: 2250/3251, distal-aware loss: 0.3018, lumen dice: 0.9361, wall dice: 0.8452, distal recall: 0.8672
epoch: 99, iter: 2260/3251, distal-aware loss: 0.3017, lumen dice: 0.9361, wall dice: 0.8452, distal recall: 0.8673
epoch: 99, iter: 2270/3251, distal-aware loss: 0.3015, lumen dice: 0.9362, wall dice: 0.8453, distal recall: 0.8673
epoch: 99, iter: 2280/3251, distal-aware loss: 0.3015, lumen dice: 0.9362, wall dice: 0.8454, distal recall: 0.8674
epoch: 99, iter: 2290/3251, distal-aware loss: 0.3014, lumen dice: 0.9362, wall dice: 0.8454, distal recall: 0.8675
epoch: 99, iter: 2300/3251, distal-aware loss: 0.3014, lumen dice: 0.9362, wall dice: 0.8455, distal recall: 0.8674
epoch: 99, iter: 2310/3251, distal-aware loss: 0.3013, lumen dice: 0.9363, wall dice: 0.8455, distal recall: 0.8674
epoch: 99, iter: 2320/3251, distal-aware loss: 0.3013, lumen dice: 0.9363, wall dice: 0.8456, distal recall: 0.8675
epoch: 99, iter: 2330/3251, distal-aware loss: 0.3012, lumen dice: 0.9364, wall dice: 0.8456, distal recall: 0.8675
epoch: 99, iter: 2340/3251, distal-aware loss: 0.3012, lumen dice: 0.9363, wall dice: 0.8456, distal recall: 0.8675
epoch: 99, iter: 2350/3251, distal-aware loss: 0.3011, lumen dice: 0.9364, wall dice: 0.8457, distal recall: 0.8676
epoch: 99, iter: 2360/3251, distal-aware loss: 0.3012, lumen dice: 0.9364, wall dice: 0.8457, distal recall: 0.8676
epoch: 99, iter: 2370/3251, distal-aware loss: 0.3020, lumen dice: 0.9360, wall dice: 0.8453, distal recall: 0.8672
epoch: 99, iter: 2380/3251, distal-aware loss: 0.3019, lumen dice: 0.9361, wall dice: 0.8454, distal recall: 0.8672
epoch: 99, iter: 2390/3251, distal-aware loss: 0.3019, lumen dice: 0.9361, wall dice: 0.8454, distal recall: 0.8673
epoch: 99, iter: 2400/3251, distal-aware loss: 0.3019, lumen dice: 0.9361, wall dice: 0.8454, distal recall: 0.8673
epoch: 99, iter: 2410/3251, distal-aware loss: 0.3018, lumen dice: 0.9362, wall dice: 0.8455, distal recall: 0.8673
epoch: 99, iter: 2420/3251, distal-aware loss: 0.3018, lumen dice: 0.9361, wall dice: 0.8455, distal recall: 0.8674
epoch: 99, iter: 2430/3251, distal-aware loss: 0.3018, lumen dice: 0.9361, wall dice: 0.8455, distal recall: 0.8673
epoch: 99, iter: 2440/3251, distal-aware loss: 0.3018, lumen dice: 0.9361, wall dice: 0.8455, distal recall: 0.8674
epoch: 99, iter: 2450/3251, distal-aware loss: 0.3018, lumen dice: 0.9361, wall dice: 0.8455, distal recall: 0.8674
epoch: 99, iter: 2460/3251, distal-aware loss: 0.3020, lumen dice: 0.9360, wall dice: 0.8453, distal recall: 0.8674
epoch: 99, iter: 2470/3251, distal-aware loss: 0.3021, lumen dice: 0.9359, wall dice: 0.8453, distal recall: 0.8674
epoch: 99, iter: 2480/3251, distal-aware loss: 0.3020, lumen dice: 0.9360, wall dice: 0.8453, distal recall: 0.8674
epoch: 99, iter: 2490/3251, distal-aware loss: 0.3019, lumen dice: 0.9359, wall dice: 0.8454, distal recall: 0.8675
epoch: 99, iter: 2500/3251, distal-aware loss: 0.3019, lumen dice: 0.9360, wall dice: 0.8454, distal recall: 0.8674
epoch: 99, iter: 2510/3251, distal-aware loss: 0.3020, lumen dice: 0.9359, wall dice: 0.8453, distal recall: 0.8674
epoch: 99, iter: 2520/3251, distal-aware loss: 0.3019, lumen dice: 0.9360, wall dice: 0.8454, distal recall: 0.8675
epoch: 99, iter: 2530/3251, distal-aware loss: 0.3018, lumen dice: 0.9361, wall dice: 0.8455, distal recall: 0.8675
epoch: 99, iter: 2540/3251, distal-aware loss: 0.3020, lumen dice: 0.9360, wall dice: 0.8454, distal recall: 0.8675
epoch: 99, iter: 2550/3251, distal-aware loss: 0.3019, lumen dice: 0.9361, wall dice: 0.8454, distal recall: 0.8675
epoch: 99, iter: 2560/3251, distal-aware loss: 0.3019, lumen dice: 0.9361, wall dice: 0.8454, distal recall: 0.8676
epoch: 99, iter: 2570/3251, distal-aware loss: 0.3019, lumen dice: 0.9361, wall dice: 0.8454, distal recall: 0.8676
epoch: 99, iter: 2580/3251, distal-aware loss: 0.3019, lumen dice: 0.9361, wall dice: 0.8455, distal recall: 0.8676
epoch: 99, iter: 2590/3251, distal-aware loss: 0.3020, lumen dice: 0.9360, wall dice: 0.8455, distal recall: 0.8675
epoch: 99, iter: 2600/3251, distal-aware loss: 0.3021, lumen dice: 0.9360, wall dice: 0.8454, distal recall: 0.8675
epoch: 99, iter: 2610/3251, distal-aware loss: 0.3020, lumen dice: 0.9360, wall dice: 0.8454, distal recall: 0.8675
epoch: 99, iter: 2620/3251, distal-aware loss: 0.3020, lumen dice: 0.9360, wall dice: 0.8454, distal recall: 0.8675
epoch: 99, iter: 2630/3251, distal-aware loss: 0.3019, lumen dice: 0.9361, wall dice: 0.8454, distal recall: 0.8675
epoch: 99, iter: 2640/3251, distal-aware loss: 0.3019, lumen dice: 0.9361, wall dice: 0.8455, distal recall: 0.8676
epoch: 99, iter: 2650/3251, distal-aware loss: 0.3019, lumen dice: 0.9361, wall dice: 0.8455, distal recall: 0.8676
epoch: 99, iter: 2660/3251, distal-aware loss: 0.3019, lumen dice: 0.9361, wall dice: 0.8455, distal recall: 0.8676
epoch: 99, iter: 2670/3251, distal-aware loss: 0.3019, lumen dice: 0.9361, wall dice: 0.8455, distal recall: 0.8677
epoch: 99, iter: 2680/3251, distal-aware loss: 0.3019, lumen dice: 0.9361, wall dice: 0.8455, distal recall: 0.8676
epoch: 99, iter: 2690/3251, distal-aware loss: 0.3018, lumen dice: 0.9361, wall dice: 0.8456, distal recall: 0.8677
epoch: 99, iter: 2700/3251, distal-aware loss: 0.3017, lumen dice: 0.9361, wall dice: 0.8457, distal recall: 0.8678
epoch: 99, iter: 2710/3251, distal-aware loss: 0.3017, lumen dice: 0.9361, wall dice: 0.8456, distal recall: 0.8678
epoch: 99, iter: 2720/3251, distal-aware loss: 0.3018, lumen dice: 0.9361, wall dice: 0.8456, distal recall: 0.8679
epoch: 99, iter: 2730/3251, distal-aware loss: 0.3018, lumen dice: 0.9361, wall dice: 0.8456, distal recall: 0.8679
epoch: 99, iter: 2740/3251, distal-aware loss: 0.3017, lumen dice: 0.9361, wall dice: 0.8456, distal recall: 0.8679
epoch: 99, iter: 2750/3251, distal-aware loss: 0.3016, lumen dice: 0.9362, wall dice: 0.8457, distal recall: 0.8680
epoch: 99, iter: 2760/3251, distal-aware loss: 0.3016, lumen dice: 0.9361, wall dice: 0.8458, distal recall: 0.8680
epoch: 99, iter: 2770/3251, distal-aware loss: 0.3015, lumen dice: 0.9361, wall dice: 0.8458, distal recall: 0.8681
epoch: 99, iter: 2780/3251, distal-aware loss: 0.3015, lumen dice: 0.9362, wall dice: 0.8458, distal recall: 0.8680
epoch: 99, iter: 2790/3251, distal-aware loss: 0.3015, lumen dice: 0.9362, wall dice: 0.8458, distal recall: 0.8681
epoch: 99, iter: 2800/3251, distal-aware loss: 0.3016, lumen dice: 0.9362, wall dice: 0.8458, distal recall: 0.8680
epoch: 99, iter: 2810/3251, distal-aware loss: 0.3017, lumen dice: 0.9361, wall dice: 0.8458, distal recall: 0.8680
epoch: 99, iter: 2820/3251, distal-aware loss: 0.3016, lumen dice: 0.9361, wall dice: 0.8457, distal recall: 0.8680
epoch: 99, iter: 2830/3251, distal-aware loss: 0.3017, lumen dice: 0.9360, wall dice: 0.8456, distal recall: 0.8679
epoch: 99, iter: 2840/3251, distal-aware loss: 0.3017, lumen dice: 0.9360, wall dice: 0.8457, distal recall: 0.8677
epoch: 99, iter: 2850/3251, distal-aware loss: 0.3016, lumen dice: 0.9361, wall dice: 0.8457, distal recall: 0.8678
epoch: 99, iter: 2860/3251, distal-aware loss: 0.3016, lumen dice: 0.9361, wall dice: 0.8457, distal recall: 0.8678
epoch: 99, iter: 2870/3251, distal-aware loss: 0.3015, lumen dice: 0.9361, wall dice: 0.8458, distal recall: 0.8679
epoch: 99, iter: 2880/3251, distal-aware loss: 0.3014, lumen dice: 0.9361, wall dice: 0.8459, distal recall: 0.8679
epoch: 99, iter: 2890/3251, distal-aware loss: 0.3015, lumen dice: 0.9361, wall dice: 0.8459, distal recall: 0.8679
epoch: 99, iter: 2900/3251, distal-aware loss: 0.3015, lumen dice: 0.9361, wall dice: 0.8459, distal recall: 0.8679
epoch: 99, iter: 2910/3251, distal-aware loss: 0.3016, lumen dice: 0.9362, wall dice: 0.8457, distal recall: 0.8679
epoch: 99, iter: 2920/3251, distal-aware loss: 0.3016, lumen dice: 0.9362, wall dice: 0.8457, distal recall: 0.8679
epoch: 99, iter: 2930/3251, distal-aware loss: 0.3015, lumen dice: 0.9362, wall dice: 0.8458, distal recall: 0.8680
epoch: 99, iter: 2940/3251, distal-aware loss: 0.3013, lumen dice: 0.9362, wall dice: 0.8459, distal recall: 0.8681
epoch: 99, iter: 2950/3251, distal-aware loss: 0.3015, lumen dice: 0.9362, wall dice: 0.8459, distal recall: 0.8680
epoch: 99, iter: 2960/3251, distal-aware loss: 0.3014, lumen dice: 0.9362, wall dice: 0.8459, distal recall: 0.8680
epoch: 99, iter: 2970/3251, distal-aware loss: 0.3014, lumen dice: 0.9361, wall dice: 0.8460, distal recall: 0.8679
epoch: 99, iter: 2980/3251, distal-aware loss: 0.3014, lumen dice: 0.9361, wall dice: 0.8460, distal recall: 0.8680
epoch: 99, iter: 2990/3251, distal-aware loss: 0.3013, lumen dice: 0.9362, wall dice: 0.8460, distal recall: 0.8681
epoch: 99, iter: 3000/3251, distal-aware loss: 0.3012, lumen dice: 0.9363, wall dice: 0.8461, distal recall: 0.8681
epoch: 99, iter: 3010/3251, distal-aware loss: 0.3012, lumen dice: 0.9363, wall dice: 0.8460, distal recall: 0.8681
epoch: 99, iter: 3020/3251, distal-aware loss: 0.3012, lumen dice: 0.9363, wall dice: 0.8460, distal recall: 0.8681
epoch: 99, iter: 3030/3251, distal-aware loss: 0.3012, lumen dice: 0.9363, wall dice: 0.8460, distal recall: 0.8681
epoch: 99, iter: 3040/3251, distal-aware loss: 0.3011, lumen dice: 0.9363, wall dice: 0.8461, distal recall: 0.8682
epoch: 99, iter: 3050/3251, distal-aware loss: 0.3011, lumen dice: 0.9363, wall dice: 0.8461, distal recall: 0.8683
epoch: 99, iter: 3060/3251, distal-aware loss: 0.3011, lumen dice: 0.9364, wall dice: 0.8461, distal recall: 0.8682
epoch: 99, iter: 3070/3251, distal-aware loss: 0.3010, lumen dice: 0.9364, wall dice: 0.8461, distal recall: 0.8683
epoch: 99, iter: 3080/3251, distal-aware loss: 0.3010, lumen dice: 0.9364, wall dice: 0.8461, distal recall: 0.8683
epoch: 99, iter: 3090/3251, distal-aware loss: 0.3010, lumen dice: 0.9364, wall dice: 0.8461, distal recall: 0.8683
epoch: 99, iter: 3100/3251, distal-aware loss: 0.3010, lumen dice: 0.9364, wall dice: 0.8461, distal recall: 0.8682
epoch: 99, iter: 3110/3251, distal-aware loss: 0.3010, lumen dice: 0.9364, wall dice: 0.8461, distal recall: 0.8683
epoch: 99, iter: 3120/3251, distal-aware loss: 0.3010, lumen dice: 0.9364, wall dice: 0.8462, distal recall: 0.8683
epoch: 99, iter: 3130/3251, distal-aware loss: 0.3009, lumen dice: 0.9365, wall dice: 0.8462, distal recall: 0.8684
epoch: 99, iter: 3140/3251, distal-aware loss: 0.3010, lumen dice: 0.9362, wall dice: 0.8463, distal recall: 0.8684
epoch: 99, iter: 3150/3251, distal-aware loss: 0.3010, lumen dice: 0.9362, wall dice: 0.8463, distal recall: 0.8684
epoch: 99, iter: 3160/3251, distal-aware loss: 0.3010, lumen dice: 0.9362, wall dice: 0.8462, distal recall: 0.8684
epoch: 99, iter: 3170/3251, distal-aware loss: 0.3010, lumen dice: 0.9362, wall dice: 0.8462, distal recall: 0.8685
epoch: 99, iter: 3180/3251, distal-aware loss: 0.3011, lumen dice: 0.9362, wall dice: 0.8461, distal recall: 0.8685
epoch: 99, iter: 3190/3251, distal-aware loss: 0.3011, lumen dice: 0.9362, wall dice: 0.8462, distal recall: 0.8685
epoch: 99, iter: 3200/3251, distal-aware loss: 0.3010, lumen dice: 0.9362, wall dice: 0.8462, distal recall: 0.8687
epoch: 99, iter: 3210/3251, distal-aware loss: 0.3011, lumen dice: 0.9362, wall dice: 0.8461, distal recall: 0.8685
epoch: 99, iter: 3220/3251, distal-aware loss: 0.3011, lumen dice: 0.9361, wall dice: 0.8461, distal recall: 0.8685
epoch: 99, iter: 3230/3251, distal-aware loss: 0.3011, lumen dice: 0.9361, wall dice: 0.8461, distal recall: 0.8684
epoch: 99, iter: 3240/3251, distal-aware loss: 0.3011, lumen dice: 0.9361, wall dice: 0.8461, distal recall: 0.8685
epoch: 99, iter: 3250/3251, distal-aware loss: 0.3011, lumen dice: 0.9361, wall dice: 0.8461, distal recall: 0.8685
epoch: 99, val distal-aware loss: 0.3063, val lumen dice: 0.9472, val wall dice: 0.8708, val distal recall: 0.9099
starting epoch: 100
epoch: 100, iter: 0/3251, distal-aware loss: 0.2988, lumen dice: 0.9684, wall dice: 0.8704, distal recall: 0.9073
epoch: 100, iter: 10/3251, distal-aware loss: 0.3007, lumen dice: 0.9488, wall dice: 0.8549, distal recall: 0.8432
epoch: 100, iter: 20/3251, distal-aware loss: 0.2904, lumen dice: 0.9488, wall dice: 0.8585, distal recall: 0.8638
epoch: 100, iter: 30/3251, distal-aware loss: 0.2889, lumen dice: 0.9454, wall dice: 0.8517, distal recall: 0.8695
epoch: 100, iter: 40/3251, distal-aware loss: 0.2985, lumen dice: 0.9429, wall dice: 0.8344, distal recall: 0.8666
epoch: 100, iter: 50/3251, distal-aware loss: 0.2949, lumen dice: 0.9432, wall dice: 0.8401, distal recall: 0.8705
epoch: 100, iter: 60/3251, distal-aware loss: 0.2970, lumen dice: 0.9424, wall dice: 0.8407, distal recall: 0.8701
epoch: 100, iter: 70/3251, distal-aware loss: 0.2946, lumen dice: 0.9443, wall dice: 0.8444, distal recall: 0.8710
epoch: 100, iter: 80/3251, distal-aware loss: 0.2938, lumen dice: 0.9443, wall dice: 0.8414, distal recall: 0.8732
epoch: 100, iter: 90/3251, distal-aware loss: 0.2909, lumen dice: 0.9452, wall dice: 0.8442, distal recall: 0.8740
epoch: 100, iter: 100/3251, distal-aware loss: 0.2898, lumen dice: 0.9437, wall dice: 0.8464, distal recall: 0.8744
epoch: 100, iter: 110/3251, distal-aware loss: 0.2904, lumen dice: 0.9444, wall dice: 0.8470, distal recall: 0.8754
epoch: 100, iter: 120/3251, distal-aware loss: 0.2890, lumen dice: 0.9449, wall dice: 0.8481, distal recall: 0.8759
epoch: 100, iter: 130/3251, distal-aware loss: 0.2875, lumen dice: 0.9439, wall dice: 0.8482, distal recall: 0.8773
epoch: 100, iter: 140/3251, distal-aware loss: 0.2880, lumen dice: 0.9424, wall dice: 0.8479, distal recall: 0.8769
epoch: 100, iter: 150/3251, distal-aware loss: 0.2878, lumen dice: 0.9432, wall dice: 0.8493, distal recall: 0.8775
epoch: 100, iter: 160/3251, distal-aware loss: 0.2890, lumen dice: 0.9430, wall dice: 0.8477, distal recall: 0.8757
epoch: 100, iter: 170/3251, distal-aware loss: 0.2890, lumen dice: 0.9426, wall dice: 0.8484, distal recall: 0.8768
epoch: 100, iter: 180/3251, distal-aware loss: 0.2895, lumen dice: 0.9420, wall dice: 0.8484, distal recall: 0.8764
epoch: 100, iter: 190/3251, distal-aware loss: 0.2913, lumen dice: 0.9412, wall dice: 0.8484, distal recall: 0.8756
epoch: 100, iter: 200/3251, distal-aware loss: 0.2923, lumen dice: 0.9410, wall dice: 0.8487, distal recall: 0.8761
epoch: 100, iter: 210/3251, distal-aware loss: 0.2923, lumen dice: 0.9407, wall dice: 0.8494, distal recall: 0.8761
epoch: 100, iter: 220/3251, distal-aware loss: 0.2919, lumen dice: 0.9410, wall dice: 0.8497, distal recall: 0.8760
epoch: 100, iter: 230/3251, distal-aware loss: 0.2935, lumen dice: 0.9400, wall dice: 0.8488, distal recall: 0.8746
epoch: 100, iter: 240/3251, distal-aware loss: 0.2934, lumen dice: 0.9400, wall dice: 0.8494, distal recall: 0.8752
epoch: 100, iter: 250/3251, distal-aware loss: 0.2939, lumen dice: 0.9400, wall dice: 0.8492, distal recall: 0.8754
epoch: 100, iter: 260/3251, distal-aware loss: 0.2990, lumen dice: 0.9366, wall dice: 0.8473, distal recall: 0.8748
epoch: 100, iter: 270/3251, distal-aware loss: 0.2985, lumen dice: 0.9370, wall dice: 0.8479, distal recall: 0.8746
epoch: 100, iter: 280/3251, distal-aware loss: 0.2982, lumen dice: 0.9370, wall dice: 0.8479, distal recall: 0.8749
epoch: 100, iter: 290/3251, distal-aware loss: 0.2978, lumen dice: 0.9376, wall dice: 0.8483, distal recall: 0.8750
epoch: 100, iter: 300/3251, distal-aware loss: 0.2966, lumen dice: 0.9379, wall dice: 0.8489, distal recall: 0.8756
epoch: 100, iter: 310/3251, distal-aware loss: 0.2956, lumen dice: 0.9385, wall dice: 0.8496, distal recall: 0.8761
epoch: 100, iter: 320/3251, distal-aware loss: 0.2954, lumen dice: 0.9388, wall dice: 0.8498, distal recall: 0.8752
epoch: 100, iter: 330/3251, distal-aware loss: 0.2954, lumen dice: 0.9389, wall dice: 0.8498, distal recall: 0.8752
epoch: 100, iter: 340/3251, distal-aware loss: 0.2953, lumen dice: 0.9390, wall dice: 0.8499, distal recall: 0.8751
epoch: 100, iter: 350/3251, distal-aware loss: 0.2948, lumen dice: 0.9390, wall dice: 0.8501, distal recall: 0.8756
epoch: 100, iter: 360/3251, distal-aware loss: 0.2948, lumen dice: 0.9387, wall dice: 0.8503, distal recall: 0.8763
epoch: 100, iter: 370/3251, distal-aware loss: 0.2942, lumen dice: 0.9390, wall dice: 0.8508, distal recall: 0.8763
epoch: 100, iter: 380/3251, distal-aware loss: 0.2940, lumen dice: 0.9393, wall dice: 0.8510, distal recall: 0.8765
epoch: 100, iter: 390/3251, distal-aware loss: 0.2941, lumen dice: 0.9396, wall dice: 0.8509, distal recall: 0.8759
epoch: 100, iter: 400/3251, distal-aware loss: 0.2938, lumen dice: 0.9400, wall dice: 0.8501, distal recall: 0.8758
epoch: 100, iter: 410/3251, distal-aware loss: 0.2984, lumen dice: 0.9378, wall dice: 0.8481, distal recall: 0.8763
epoch: 100, iter: 420/3251, distal-aware loss: 0.2983, lumen dice: 0.9377, wall dice: 0.8483, distal recall: 0.8762
epoch: 100, iter: 430/3251, distal-aware loss: 0.2981, lumen dice: 0.9378, wall dice: 0.8483, distal recall: 0.8762
epoch: 100, iter: 440/3251, distal-aware loss: 0.2977, lumen dice: 0.9379, wall dice: 0.8487, distal recall: 0.8763
epoch: 100, iter: 450/3251, distal-aware loss: 0.2974, lumen dice: 0.9379, wall dice: 0.8489, distal recall: 0.8768
epoch: 100, iter: 460/3251, distal-aware loss: 0.2972, lumen dice: 0.9382, wall dice: 0.8491, distal recall: 0.8766
epoch: 100, iter: 470/3251, distal-aware loss: 0.2965, lumen dice: 0.9384, wall dice: 0.8493, distal recall: 0.8767
epoch: 100, iter: 480/3251, distal-aware loss: 0.2965, lumen dice: 0.9384, wall dice: 0.8493, distal recall: 0.8768
epoch: 100, iter: 490/3251, distal-aware loss: 0.2957, lumen dice: 0.9387, wall dice: 0.8499, distal recall: 0.8768
epoch: 100, iter: 500/3251, distal-aware loss: 0.2952, lumen dice: 0.9388, wall dice: 0.8502, distal recall: 0.8769
epoch: 100, iter: 510/3251, distal-aware loss: 0.2950, lumen dice: 0.9388, wall dice: 0.8504, distal recall: 0.8769
epoch: 100, iter: 520/3251, distal-aware loss: 0.2953, lumen dice: 0.9389, wall dice: 0.8499, distal recall: 0.8764
epoch: 100, iter: 530/3251, distal-aware loss: 0.2957, lumen dice: 0.9386, wall dice: 0.8497, distal recall: 0.8764
epoch: 100, iter: 540/3251, distal-aware loss: 0.2957, lumen dice: 0.9387, wall dice: 0.8498, distal recall: 0.8765
epoch: 100, iter: 550/3251, distal-aware loss: 0.2968, lumen dice: 0.9372, wall dice: 0.8498, distal recall: 0.8763
epoch: 100, iter: 560/3251, distal-aware loss: 0.2967, lumen dice: 0.9372, wall dice: 0.8496, distal recall: 0.8767
epoch: 100, iter: 570/3251, distal-aware loss: 0.2964, lumen dice: 0.9375, wall dice: 0.8497, distal recall: 0.8767
epoch: 100, iter: 580/3251, distal-aware loss: 0.2966, lumen dice: 0.9376, wall dice: 0.8495, distal recall: 0.8764
epoch: 100, iter: 590/3251, distal-aware loss: 0.2963, lumen dice: 0.9377, wall dice: 0.8498, distal recall: 0.8765
epoch: 100, iter: 600/3251, distal-aware loss: 0.2957, lumen dice: 0.9376, wall dice: 0.8503, distal recall: 0.8769
epoch: 100, iter: 610/3251, distal-aware loss: 0.2954, lumen dice: 0.9378, wall dice: 0.8504, distal recall: 0.8769
epoch: 100, iter: 620/3251, distal-aware loss: 0.2949, lumen dice: 0.9382, wall dice: 0.8507, distal recall: 0.8767
epoch: 100, iter: 630/3251, distal-aware loss: 0.2949, lumen dice: 0.9383, wall dice: 0.8506, distal recall: 0.8769
epoch: 100, iter: 640/3251, distal-aware loss: 0.2945, lumen dice: 0.9383, wall dice: 0.8508, distal recall: 0.8770
epoch: 100, iter: 650/3251, distal-aware loss: 0.2948, lumen dice: 0.9382, wall dice: 0.8507, distal recall: 0.8766
epoch: 100, iter: 660/3251, distal-aware loss: 0.2946, lumen dice: 0.9384, wall dice: 0.8509, distal recall: 0.8769
epoch: 100, iter: 670/3251, distal-aware loss: 0.2948, lumen dice: 0.9386, wall dice: 0.8510, distal recall: 0.8767
epoch: 100, iter: 680/3251, distal-aware loss: 0.2947, lumen dice: 0.9385, wall dice: 0.8510, distal recall: 0.8766
epoch: 100, iter: 690/3251, distal-aware loss: 0.2942, lumen dice: 0.9387, wall dice: 0.8513, distal recall: 0.8768
epoch: 100, iter: 700/3251, distal-aware loss: 0.2944, lumen dice: 0.9388, wall dice: 0.8515, distal recall: 0.8766
epoch: 100, iter: 710/3251, distal-aware loss: 0.2944, lumen dice: 0.9389, wall dice: 0.8515, distal recall: 0.8764
epoch: 100, iter: 720/3251, distal-aware loss: 0.2947, lumen dice: 0.9387, wall dice: 0.8514, distal recall: 0.8764
epoch: 100, iter: 730/3251, distal-aware loss: 0.2943, lumen dice: 0.9388, wall dice: 0.8516, distal recall: 0.8765
epoch: 100, iter: 740/3251, distal-aware loss: 0.2943, lumen dice: 0.9388, wall dice: 0.8516, distal recall: 0.8765
epoch: 100, iter: 750/3251, distal-aware loss: 0.2949, lumen dice: 0.9387, wall dice: 0.8511, distal recall: 0.8758
epoch: 100, iter: 760/3251, distal-aware loss: 0.2948, lumen dice: 0.9388, wall dice: 0.8512, distal recall: 0.8759
epoch: 100, iter: 770/3251, distal-aware loss: 0.2947, lumen dice: 0.9389, wall dice: 0.8513, distal recall: 0.8760
epoch: 100, iter: 780/3251, distal-aware loss: 0.2950, lumen dice: 0.9387, wall dice: 0.8512, distal recall: 0.8761
epoch: 100, iter: 790/3251, distal-aware loss: 0.2953, lumen dice: 0.9387, wall dice: 0.8509, distal recall: 0.8757
epoch: 100, iter: 800/3251, distal-aware loss: 0.2952, lumen dice: 0.9386, wall dice: 0.8509, distal recall: 0.8761
epoch: 100, iter: 810/3251, distal-aware loss: 0.2951, lumen dice: 0.9388, wall dice: 0.8510, distal recall: 0.8761
epoch: 100, iter: 820/3251, distal-aware loss: 0.2959, lumen dice: 0.9379, wall dice: 0.8510, distal recall: 0.8762
epoch: 100, iter: 830/3251, distal-aware loss: 0.2963, lumen dice: 0.9380, wall dice: 0.8509, distal recall: 0.8755
epoch: 100, iter: 840/3251, distal-aware loss: 0.2961, lumen dice: 0.9381, wall dice: 0.8508, distal recall: 0.8755
epoch: 100, iter: 850/3251, distal-aware loss: 0.2960, lumen dice: 0.9381, wall dice: 0.8508, distal recall: 0.8755
epoch: 100, iter: 860/3251, distal-aware loss: 0.2954, lumen dice: 0.9383, wall dice: 0.8511, distal recall: 0.8757
epoch: 100, iter: 870/3251, distal-aware loss: 0.2955, lumen dice: 0.9383, wall dice: 0.8512, distal recall: 0.8756
epoch: 100, iter: 880/3251, distal-aware loss: 0.2955, lumen dice: 0.9381, wall dice: 0.8508, distal recall: 0.8755
epoch: 100, iter: 890/3251, distal-aware loss: 0.2955, lumen dice: 0.9382, wall dice: 0.8508, distal recall: 0.8756
epoch: 100, iter: 900/3251, distal-aware loss: 0.2952, lumen dice: 0.9384, wall dice: 0.8509, distal recall: 0.8757
epoch: 100, iter: 910/3251, distal-aware loss: 0.2952, lumen dice: 0.9384, wall dice: 0.8510, distal recall: 0.8757
epoch: 100, iter: 920/3251, distal-aware loss: 0.2953, lumen dice: 0.9385, wall dice: 0.8511, distal recall: 0.8755
epoch: 100, iter: 930/3251, distal-aware loss: 0.2952, lumen dice: 0.9386, wall dice: 0.8512, distal recall: 0.8758
epoch: 100, iter: 940/3251, distal-aware loss: 0.2952, lumen dice: 0.9386, wall dice: 0.8512, distal recall: 0.8756
epoch: 100, iter: 950/3251, distal-aware loss: 0.2950, lumen dice: 0.9387, wall dice: 0.8513, distal recall: 0.8755
epoch: 100, iter: 960/3251, distal-aware loss: 0.2949, lumen dice: 0.9387, wall dice: 0.8513, distal recall: 0.8754
epoch: 100, iter: 970/3251, distal-aware loss: 0.2946, lumen dice: 0.9388, wall dice: 0.8513, distal recall: 0.8755
epoch: 100, iter: 980/3251, distal-aware loss: 0.2947, lumen dice: 0.9388, wall dice: 0.8513, distal recall: 0.8752
epoch: 100, iter: 990/3251, distal-aware loss: 0.2949, lumen dice: 0.9387, wall dice: 0.8514, distal recall: 0.8751
epoch: 100, iter: 1000/3251, distal-aware loss: 0.2949, lumen dice: 0.9389, wall dice: 0.8514, distal recall: 0.8750
epoch: 100, iter: 1010/3251, distal-aware loss: 0.2946, lumen dice: 0.9388, wall dice: 0.8516, distal recall: 0.8751
epoch: 100, iter: 1020/3251, distal-aware loss: 0.2946, lumen dice: 0.9388, wall dice: 0.8516, distal recall: 0.8753
epoch: 100, iter: 1030/3251, distal-aware loss: 0.2945, lumen dice: 0.9388, wall dice: 0.8515, distal recall: 0.8754
epoch: 100, iter: 1040/3251, distal-aware loss: 0.2943, lumen dice: 0.9391, wall dice: 0.8517, distal recall: 0.8753
epoch: 100, iter: 1050/3251, distal-aware loss: 0.2942, lumen dice: 0.9391, wall dice: 0.8516, distal recall: 0.8753
epoch: 100, iter: 1060/3251, distal-aware loss: 0.2945, lumen dice: 0.9391, wall dice: 0.8514, distal recall: 0.8752
epoch: 100, iter: 1070/3251, distal-aware loss: 0.2943, lumen dice: 0.9392, wall dice: 0.8516, distal recall: 0.8752
epoch: 100, iter: 1080/3251, distal-aware loss: 0.2941, lumen dice: 0.9393, wall dice: 0.8518, distal recall: 0.8754
epoch: 100, iter: 1090/3251, distal-aware loss: 0.2940, lumen dice: 0.9392, wall dice: 0.8518, distal recall: 0.8756
epoch: 100, iter: 1100/3251, distal-aware loss: 0.2935, lumen dice: 0.9394, wall dice: 0.8521, distal recall: 0.8756
epoch: 100, iter: 1110/3251, distal-aware loss: 0.2933, lumen dice: 0.9395, wall dice: 0.8522, distal recall: 0.8758
epoch: 100, iter: 1120/3251, distal-aware loss: 0.2931, lumen dice: 0.9396, wall dice: 0.8523, distal recall: 0.8758
epoch: 100, iter: 1130/3251, distal-aware loss: 0.2933, lumen dice: 0.9396, wall dice: 0.8522, distal recall: 0.8757
epoch: 100, iter: 1140/3251, distal-aware loss: 0.2932, lumen dice: 0.9397, wall dice: 0.8523, distal recall: 0.8758
epoch: 100, iter: 1150/3251, distal-aware loss: 0.2934, lumen dice: 0.9397, wall dice: 0.8522, distal recall: 0.8755
epoch: 100, iter: 1160/3251, distal-aware loss: 0.2934, lumen dice: 0.9398, wall dice: 0.8522, distal recall: 0.8754
epoch: 100, iter: 1170/3251, distal-aware loss: 0.2934, lumen dice: 0.9398, wall dice: 0.8522, distal recall: 0.8753
epoch: 100, iter: 1180/3251, distal-aware loss: 0.2933, lumen dice: 0.9398, wall dice: 0.8521, distal recall: 0.8753
epoch: 100, iter: 1190/3251, distal-aware loss: 0.2933, lumen dice: 0.9398, wall dice: 0.8521, distal recall: 0.8752
epoch: 100, iter: 1200/3251, distal-aware loss: 0.2932, lumen dice: 0.9400, wall dice: 0.8522, distal recall: 0.8752
epoch: 100, iter: 1210/3251, distal-aware loss: 0.2930, lumen dice: 0.9399, wall dice: 0.8523, distal recall: 0.8753
epoch: 100, iter: 1220/3251, distal-aware loss: 0.2931, lumen dice: 0.9399, wall dice: 0.8522, distal recall: 0.8752
epoch: 100, iter: 1230/3251, distal-aware loss: 0.2931, lumen dice: 0.9399, wall dice: 0.8522, distal recall: 0.8752
epoch: 100, iter: 1240/3251, distal-aware loss: 0.2929, lumen dice: 0.9400, wall dice: 0.8523, distal recall: 0.8753
epoch: 100, iter: 1250/3251, distal-aware loss: 0.2929, lumen dice: 0.9400, wall dice: 0.8524, distal recall: 0.8753
epoch: 100, iter: 1260/3251, distal-aware loss: 0.2929, lumen dice: 0.9401, wall dice: 0.8524, distal recall: 0.8753
epoch: 100, iter: 1270/3251, distal-aware loss: 0.2929, lumen dice: 0.9400, wall dice: 0.8524, distal recall: 0.8753
epoch: 100, iter: 1280/3251, distal-aware loss: 0.2930, lumen dice: 0.9400, wall dice: 0.8524, distal recall: 0.8753
epoch: 100, iter: 1290/3251, distal-aware loss: 0.2931, lumen dice: 0.9400, wall dice: 0.8523, distal recall: 0.8751
epoch: 100, iter: 1300/3251, distal-aware loss: 0.2933, lumen dice: 0.9400, wall dice: 0.8522, distal recall: 0.8750
epoch: 100, iter: 1310/3251, distal-aware loss: 0.2931, lumen dice: 0.9400, wall dice: 0.8522, distal recall: 0.8752
epoch: 100, iter: 1320/3251, distal-aware loss: 0.2941, lumen dice: 0.9392, wall dice: 0.8517, distal recall: 0.8751
epoch: 100, iter: 1330/3251, distal-aware loss: 0.2939, lumen dice: 0.9393, wall dice: 0.8517, distal recall: 0.8752
epoch: 100, iter: 1340/3251, distal-aware loss: 0.2940, lumen dice: 0.9393, wall dice: 0.8516, distal recall: 0.8751
epoch: 100, iter: 1350/3251, distal-aware loss: 0.2941, lumen dice: 0.9393, wall dice: 0.8516, distal recall: 0.8749
epoch: 100, iter: 1360/3251, distal-aware loss: 0.2941, lumen dice: 0.9394, wall dice: 0.8516, distal recall: 0.8748
epoch: 100, iter: 1370/3251, distal-aware loss: 0.2941, lumen dice: 0.9395, wall dice: 0.8516, distal recall: 0.8749
epoch: 100, iter: 1380/3251, distal-aware loss: 0.2939, lumen dice: 0.9395, wall dice: 0.8517, distal recall: 0.8749
epoch: 100, iter: 1390/3251, distal-aware loss: 0.2939, lumen dice: 0.9396, wall dice: 0.8517, distal recall: 0.8750
epoch: 100, iter: 1400/3251, distal-aware loss: 0.2938, lumen dice: 0.9394, wall dice: 0.8518, distal recall: 0.8751
epoch: 100, iter: 1410/3251, distal-aware loss: 0.2939, lumen dice: 0.9394, wall dice: 0.8518, distal recall: 0.8752
epoch: 100, iter: 1420/3251, distal-aware loss: 0.2938, lumen dice: 0.9395, wall dice: 0.8519, distal recall: 0.8752
epoch: 100, iter: 1430/3251, distal-aware loss: 0.2938, lumen dice: 0.9396, wall dice: 0.8519, distal recall: 0.8751
epoch: 100, iter: 1440/3251, distal-aware loss: 0.2936, lumen dice: 0.9397, wall dice: 0.8519, distal recall: 0.8752
epoch: 100, iter: 1450/3251, distal-aware loss: 0.2939, lumen dice: 0.9396, wall dice: 0.8517, distal recall: 0.8751
epoch: 100, iter: 1460/3251, distal-aware loss: 0.2937, lumen dice: 0.9396, wall dice: 0.8518, distal recall: 0.8751
epoch: 100, iter: 1470/3251, distal-aware loss: 0.2939, lumen dice: 0.9397, wall dice: 0.8516, distal recall: 0.8750
epoch: 100, iter: 1480/3251, distal-aware loss: 0.2940, lumen dice: 0.9396, wall dice: 0.8516, distal recall: 0.8750
epoch: 100, iter: 1490/3251, distal-aware loss: 0.2939, lumen dice: 0.9396, wall dice: 0.8516, distal recall: 0.8750
epoch: 100, iter: 1500/3251, distal-aware loss: 0.2938, lumen dice: 0.9397, wall dice: 0.8517, distal recall: 0.8750
epoch: 100, iter: 1510/3251, distal-aware loss: 0.2941, lumen dice: 0.9396, wall dice: 0.8515, distal recall: 0.8749
epoch: 100, iter: 1520/3251, distal-aware loss: 0.2940, lumen dice: 0.9397, wall dice: 0.8516, distal recall: 0.8750
epoch: 100, iter: 1530/3251, distal-aware loss: 0.2938, lumen dice: 0.9398, wall dice: 0.8517, distal recall: 0.8751
epoch: 100, iter: 1540/3251, distal-aware loss: 0.2937, lumen dice: 0.9399, wall dice: 0.8517, distal recall: 0.8751
epoch: 100, iter: 1550/3251, distal-aware loss: 0.2935, lumen dice: 0.9400, wall dice: 0.8518, distal recall: 0.8751
epoch: 100, iter: 1560/3251, distal-aware loss: 0.2935, lumen dice: 0.9401, wall dice: 0.8518, distal recall: 0.8750
epoch: 100, iter: 1570/3251, distal-aware loss: 0.2945, lumen dice: 0.9396, wall dice: 0.8514, distal recall: 0.8746
epoch: 100, iter: 1580/3251, distal-aware loss: 0.2949, lumen dice: 0.9393, wall dice: 0.8508, distal recall: 0.8744
epoch: 100, iter: 1590/3251, distal-aware loss: 0.2951, lumen dice: 0.9393, wall dice: 0.8505, distal recall: 0.8739
epoch: 100, iter: 1600/3251, distal-aware loss: 0.2955, lumen dice: 0.9392, wall dice: 0.8503, distal recall: 0.8738
epoch: 100, iter: 1610/3251, distal-aware loss: 0.2957, lumen dice: 0.9391, wall dice: 0.8502, distal recall: 0.8736
epoch: 100, iter: 1620/3251, distal-aware loss: 0.2959, lumen dice: 0.9390, wall dice: 0.8498, distal recall: 0.8735
epoch: 100, iter: 1630/3251, distal-aware loss: 0.2960, lumen dice: 0.9390, wall dice: 0.8497, distal recall: 0.8733
epoch: 100, iter: 1640/3251, distal-aware loss: 0.2960, lumen dice: 0.9391, wall dice: 0.8497, distal recall: 0.8733
epoch: 100, iter: 1650/3251, distal-aware loss: 0.2961, lumen dice: 0.9391, wall dice: 0.8497, distal recall: 0.8732
epoch: 100, iter: 1660/3251, distal-aware loss: 0.2960, lumen dice: 0.9391, wall dice: 0.8498, distal recall: 0.8732
epoch: 100, iter: 1670/3251, distal-aware loss: 0.2960, lumen dice: 0.9391, wall dice: 0.8498, distal recall: 0.8732
epoch: 100, iter: 1680/3251, distal-aware loss: 0.2958, lumen dice: 0.9392, wall dice: 0.8499, distal recall: 0.8732
epoch: 100, iter: 1690/3251, distal-aware loss: 0.2959, lumen dice: 0.9392, wall dice: 0.8499, distal recall: 0.8732
epoch: 100, iter: 1700/3251, distal-aware loss: 0.2960, lumen dice: 0.9393, wall dice: 0.8498, distal recall: 0.8729
epoch: 100, iter: 1710/3251, distal-aware loss: 0.2958, lumen dice: 0.9394, wall dice: 0.8499, distal recall: 0.8731
epoch: 100, iter: 1720/3251, distal-aware loss: 0.2959, lumen dice: 0.9394, wall dice: 0.8499, distal recall: 0.8731
epoch: 100, iter: 1730/3251, distal-aware loss: 0.2957, lumen dice: 0.9395, wall dice: 0.8500, distal recall: 0.8731
epoch: 100, iter: 1740/3251, distal-aware loss: 0.2954, lumen dice: 0.9396, wall dice: 0.8501, distal recall: 0.8732
epoch: 100, iter: 1750/3251, distal-aware loss: 0.2952, lumen dice: 0.9397, wall dice: 0.8502, distal recall: 0.8733
epoch: 100, iter: 1760/3251, distal-aware loss: 0.2953, lumen dice: 0.9397, wall dice: 0.8502, distal recall: 0.8733
epoch: 100, iter: 1770/3251, distal-aware loss: 0.2952, lumen dice: 0.9396, wall dice: 0.8503, distal recall: 0.8733
epoch: 100, iter: 1780/3251, distal-aware loss: 0.2952, lumen dice: 0.9397, wall dice: 0.8504, distal recall: 0.8733
epoch: 100, iter: 1790/3251, distal-aware loss: 0.2952, lumen dice: 0.9397, wall dice: 0.8504, distal recall: 0.8734
epoch: 100, iter: 1800/3251, distal-aware loss: 0.2952, lumen dice: 0.9397, wall dice: 0.8505, distal recall: 0.8734
epoch: 100, iter: 1810/3251, distal-aware loss: 0.2952, lumen dice: 0.9397, wall dice: 0.8504, distal recall: 0.8733
epoch: 100, iter: 1820/3251, distal-aware loss: 0.2953, lumen dice: 0.9397, wall dice: 0.8504, distal recall: 0.8732
epoch: 100, iter: 1830/3251, distal-aware loss: 0.2953, lumen dice: 0.9397, wall dice: 0.8504, distal recall: 0.8732
epoch: 100, iter: 1840/3251, distal-aware loss: 0.2953, lumen dice: 0.9397, wall dice: 0.8504, distal recall: 0.8730
epoch: 100, iter: 1850/3251, distal-aware loss: 0.2953, lumen dice: 0.9398, wall dice: 0.8504, distal recall: 0.8730
epoch: 100, iter: 1860/3251, distal-aware loss: 0.2952, lumen dice: 0.9398, wall dice: 0.8504, distal recall: 0.8730
epoch: 100, iter: 1870/3251, distal-aware loss: 0.2949, lumen dice: 0.9399, wall dice: 0.8505, distal recall: 0.8732
epoch: 100, iter: 1880/3251, distal-aware loss: 0.2951, lumen dice: 0.9397, wall dice: 0.8504, distal recall: 0.8731
epoch: 100, iter: 1890/3251, distal-aware loss: 0.2950, lumen dice: 0.9397, wall dice: 0.8504, distal recall: 0.8731
epoch: 100, iter: 1900/3251, distal-aware loss: 0.2949, lumen dice: 0.9398, wall dice: 0.8505, distal recall: 0.8732
epoch: 100, iter: 1910/3251, distal-aware loss: 0.2950, lumen dice: 0.9397, wall dice: 0.8504, distal recall: 0.8731
epoch: 100, iter: 1920/3251, distal-aware loss: 0.2951, lumen dice: 0.9397, wall dice: 0.8503, distal recall: 0.8731
epoch: 100, iter: 1930/3251, distal-aware loss: 0.2951, lumen dice: 0.9397, wall dice: 0.8504, distal recall: 0.8731
epoch: 100, iter: 1940/3251, distal-aware loss: 0.2950, lumen dice: 0.9397, wall dice: 0.8503, distal recall: 0.8731
epoch: 100, iter: 1950/3251, distal-aware loss: 0.2952, lumen dice: 0.9396, wall dice: 0.8503, distal recall: 0.8730
epoch: 100, iter: 1960/3251, distal-aware loss: 0.2952, lumen dice: 0.9396, wall dice: 0.8503, distal recall: 0.8730
epoch: 100, iter: 1970/3251, distal-aware loss: 0.2953, lumen dice: 0.9395, wall dice: 0.8502, distal recall: 0.8729
epoch: 100, iter: 1980/3251, distal-aware loss: 0.2953, lumen dice: 0.9395, wall dice: 0.8502, distal recall: 0.8729
epoch: 100, iter: 1990/3251, distal-aware loss: 0.2953, lumen dice: 0.9395, wall dice: 0.8501, distal recall: 0.8729
epoch: 100, iter: 2000/3251, distal-aware loss: 0.2952, lumen dice: 0.9395, wall dice: 0.8502, distal recall: 0.8730
epoch: 100, iter: 2010/3251, distal-aware loss: 0.2951, lumen dice: 0.9396, wall dice: 0.8503, distal recall: 0.8731
epoch: 100, iter: 2020/3251, distal-aware loss: 0.2949, lumen dice: 0.9396, wall dice: 0.8504, distal recall: 0.8732
epoch: 100, iter: 2030/3251, distal-aware loss: 0.2949, lumen dice: 0.9397, wall dice: 0.8505, distal recall: 0.8733
epoch: 100, iter: 2040/3251, distal-aware loss: 0.2949, lumen dice: 0.9396, wall dice: 0.8504, distal recall: 0.8733
epoch: 100, iter: 2050/3251, distal-aware loss: 0.2949, lumen dice: 0.9397, wall dice: 0.8505, distal recall: 0.8733
epoch: 100, iter: 2060/3251, distal-aware loss: 0.2948, lumen dice: 0.9398, wall dice: 0.8505, distal recall: 0.8734
epoch: 100, iter: 2070/3251, distal-aware loss: 0.2948, lumen dice: 0.9398, wall dice: 0.8505, distal recall: 0.8734
epoch: 100, iter: 2080/3251, distal-aware loss: 0.2950, lumen dice: 0.9398, wall dice: 0.8505, distal recall: 0.8733
epoch: 100, iter: 2090/3251, distal-aware loss: 0.2950, lumen dice: 0.9398, wall dice: 0.8505, distal recall: 0.8734
epoch: 100, iter: 2100/3251, distal-aware loss: 0.2950, lumen dice: 0.9397, wall dice: 0.8505, distal recall: 0.8734
epoch: 100, iter: 2110/3251, distal-aware loss: 0.2949, lumen dice: 0.9398, wall dice: 0.8504, distal recall: 0.8734
epoch: 100, iter: 2120/3251, distal-aware loss: 0.2948, lumen dice: 0.9398, wall dice: 0.8505, distal recall: 0.8735
epoch: 100, iter: 2130/3251, distal-aware loss: 0.2948, lumen dice: 0.9398, wall dice: 0.8505, distal recall: 0.8735
epoch: 100, iter: 2140/3251, distal-aware loss: 0.2949, lumen dice: 0.9398, wall dice: 0.8505, distal recall: 0.8736
epoch: 100, iter: 2150/3251, distal-aware loss: 0.2948, lumen dice: 0.9398, wall dice: 0.8505, distal recall: 0.8736
epoch: 100, iter: 2160/3251, distal-aware loss: 0.2947, lumen dice: 0.9398, wall dice: 0.8506, distal recall: 0.8737
epoch: 100, iter: 2170/3251, distal-aware loss: 0.2948, lumen dice: 0.9398, wall dice: 0.8506, distal recall: 0.8736
epoch: 100, iter: 2180/3251, distal-aware loss: 0.2950, lumen dice: 0.9397, wall dice: 0.8505, distal recall: 0.8735
epoch: 100, iter: 2190/3251, distal-aware loss: 0.2949, lumen dice: 0.9398, wall dice: 0.8505, distal recall: 0.8735
epoch: 100, iter: 2200/3251, distal-aware loss: 0.2950, lumen dice: 0.9398, wall dice: 0.8503, distal recall: 0.8735
epoch: 100, iter: 2210/3251, distal-aware loss: 0.2949, lumen dice: 0.9397, wall dice: 0.8504, distal recall: 0.8735
epoch: 100, iter: 2220/3251, distal-aware loss: 0.2949, lumen dice: 0.9398, wall dice: 0.8505, distal recall: 0.8736
epoch: 100, iter: 2230/3251, distal-aware loss: 0.2952, lumen dice: 0.9396, wall dice: 0.8503, distal recall: 0.8733
epoch: 100, iter: 2240/3251, distal-aware loss: 0.2952, lumen dice: 0.9396, wall dice: 0.8502, distal recall: 0.8734
epoch: 100, iter: 2250/3251, distal-aware loss: 0.2952, lumen dice: 0.9396, wall dice: 0.8502, distal recall: 0.8732
epoch: 100, iter: 2260/3251, distal-aware loss: 0.2952, lumen dice: 0.9396, wall dice: 0.8502, distal recall: 0.8732
epoch: 100, iter: 2270/3251, distal-aware loss: 0.2952, lumen dice: 0.9397, wall dice: 0.8502, distal recall: 0.8732
epoch: 100, iter: 2280/3251, distal-aware loss: 0.2953, lumen dice: 0.9396, wall dice: 0.8502, distal recall: 0.8731
epoch: 100, iter: 2290/3251, distal-aware loss: 0.2953, lumen dice: 0.9396, wall dice: 0.8502, distal recall: 0.8732
epoch: 100, iter: 2300/3251, distal-aware loss: 0.2953, lumen dice: 0.9396, wall dice: 0.8502, distal recall: 0.8731
epoch: 100, iter: 2310/3251, distal-aware loss: 0.2952, lumen dice: 0.9396, wall dice: 0.8502, distal recall: 0.8732
epoch: 100, iter: 2320/3251, distal-aware loss: 0.2952, lumen dice: 0.9397, wall dice: 0.8503, distal recall: 0.8732
epoch: 100, iter: 2330/3251, distal-aware loss: 0.2951, lumen dice: 0.9396, wall dice: 0.8503, distal recall: 0.8733
epoch: 100, iter: 2340/3251, distal-aware loss: 0.2951, lumen dice: 0.9397, wall dice: 0.8504, distal recall: 0.8733
epoch: 100, iter: 2350/3251, distal-aware loss: 0.2952, lumen dice: 0.9396, wall dice: 0.8503, distal recall: 0.8732
epoch: 100, iter: 2360/3251, distal-aware loss: 0.2952, lumen dice: 0.9396, wall dice: 0.8502, distal recall: 0.8733
epoch: 100, iter: 2370/3251, distal-aware loss: 0.2952, lumen dice: 0.9396, wall dice: 0.8503, distal recall: 0.8733
epoch: 100, iter: 2380/3251, distal-aware loss: 0.2952, lumen dice: 0.9396, wall dice: 0.8503, distal recall: 0.8733
epoch: 100, iter: 2390/3251, distal-aware loss: 0.2952, lumen dice: 0.9396, wall dice: 0.8503, distal recall: 0.8733
epoch: 100, iter: 2400/3251, distal-aware loss: 0.2953, lumen dice: 0.9396, wall dice: 0.8502, distal recall: 0.8733
epoch: 100, iter: 2410/3251, distal-aware loss: 0.2954, lumen dice: 0.9393, wall dice: 0.8502, distal recall: 0.8732
epoch: 100, iter: 2420/3251, distal-aware loss: 0.2952, lumen dice: 0.9394, wall dice: 0.8503, distal recall: 0.8733
epoch: 100, iter: 2430/3251, distal-aware loss: 0.2952, lumen dice: 0.9394, wall dice: 0.8503, distal recall: 0.8733
epoch: 100, iter: 2440/3251, distal-aware loss: 0.2953, lumen dice: 0.9394, wall dice: 0.8503, distal recall: 0.8732
epoch: 100, iter: 2450/3251, distal-aware loss: 0.2954, lumen dice: 0.9394, wall dice: 0.8501, distal recall: 0.8732
epoch: 100, iter: 2460/3251, distal-aware loss: 0.2956, lumen dice: 0.9394, wall dice: 0.8500, distal recall: 0.8731
epoch: 100, iter: 2470/3251, distal-aware loss: 0.2956, lumen dice: 0.9394, wall dice: 0.8499, distal recall: 0.8730
epoch: 100, iter: 2480/3251, distal-aware loss: 0.2957, lumen dice: 0.9392, wall dice: 0.8499, distal recall: 0.8731
epoch: 100, iter: 2490/3251, distal-aware loss: 0.2958, lumen dice: 0.9391, wall dice: 0.8498, distal recall: 0.8731
epoch: 100, iter: 2500/3251, distal-aware loss: 0.2957, lumen dice: 0.9391, wall dice: 0.8498, distal recall: 0.8732
epoch: 100, iter: 2510/3251, distal-aware loss: 0.2958, lumen dice: 0.9391, wall dice: 0.8498, distal recall: 0.8731
epoch: 100, iter: 2520/3251, distal-aware loss: 0.2957, lumen dice: 0.9392, wall dice: 0.8499, distal recall: 0.8732
epoch: 100, iter: 2530/3251, distal-aware loss: 0.2957, lumen dice: 0.9392, wall dice: 0.8498, distal recall: 0.8731
epoch: 100, iter: 2540/3251, distal-aware loss: 0.2957, lumen dice: 0.9392, wall dice: 0.8497, distal recall: 0.8731
epoch: 100, iter: 2550/3251, distal-aware loss: 0.2959, lumen dice: 0.9392, wall dice: 0.8497, distal recall: 0.8729
epoch: 100, iter: 2560/3251, distal-aware loss: 0.2959, lumen dice: 0.9391, wall dice: 0.8496, distal recall: 0.8729
epoch: 100, iter: 2570/3251, distal-aware loss: 0.2958, lumen dice: 0.9391, wall dice: 0.8497, distal recall: 0.8729
epoch: 100, iter: 2580/3251, distal-aware loss: 0.2959, lumen dice: 0.9391, wall dice: 0.8497, distal recall: 0.8729
epoch: 100, iter: 2590/3251, distal-aware loss: 0.2959, lumen dice: 0.9392, wall dice: 0.8497, distal recall: 0.8730
epoch: 100, iter: 2600/3251, distal-aware loss: 0.2959, lumen dice: 0.9392, wall dice: 0.8497, distal recall: 0.8729
epoch: 100, iter: 2610/3251, distal-aware loss: 0.2960, lumen dice: 0.9392, wall dice: 0.8496, distal recall: 0.8728
epoch: 100, iter: 2620/3251, distal-aware loss: 0.2959, lumen dice: 0.9392, wall dice: 0.8497, distal recall: 0.8729
epoch: 100, iter: 2630/3251, distal-aware loss: 0.2959, lumen dice: 0.9392, wall dice: 0.8497, distal recall: 0.8728
epoch: 100, iter: 2640/3251, distal-aware loss: 0.2960, lumen dice: 0.9391, wall dice: 0.8496, distal recall: 0.8728
epoch: 100, iter: 2650/3251, distal-aware loss: 0.2960, lumen dice: 0.9391, wall dice: 0.8496, distal recall: 0.8728
epoch: 100, iter: 2660/3251, distal-aware loss: 0.2961, lumen dice: 0.9391, wall dice: 0.8496, distal recall: 0.8729
epoch: 100, iter: 2670/3251, distal-aware loss: 0.2961, lumen dice: 0.9391, wall dice: 0.8496, distal recall: 0.8728
epoch: 100, iter: 2680/3251, distal-aware loss: 0.2961, lumen dice: 0.9391, wall dice: 0.8496, distal recall: 0.8728
epoch: 100, iter: 2690/3251, distal-aware loss: 0.2960, lumen dice: 0.9392, wall dice: 0.8497, distal recall: 0.8728
epoch: 100, iter: 2700/3251, distal-aware loss: 0.2958, lumen dice: 0.9392, wall dice: 0.8497, distal recall: 0.8729
epoch: 100, iter: 2710/3251, distal-aware loss: 0.2959, lumen dice: 0.9392, wall dice: 0.8497, distal recall: 0.8729
epoch: 100, iter: 2720/3251, distal-aware loss: 0.2957, lumen dice: 0.9393, wall dice: 0.8497, distal recall: 0.8729
epoch: 100, iter: 2730/3251, distal-aware loss: 0.2957, lumen dice: 0.9393, wall dice: 0.8498, distal recall: 0.8730
epoch: 100, iter: 2740/3251, distal-aware loss: 0.2957, lumen dice: 0.9394, wall dice: 0.8498, distal recall: 0.8729
epoch: 100, iter: 2750/3251, distal-aware loss: 0.2964, lumen dice: 0.9390, wall dice: 0.8495, distal recall: 0.8730
epoch: 100, iter: 2760/3251, distal-aware loss: 0.2964, lumen dice: 0.9390, wall dice: 0.8495, distal recall: 0.8730
epoch: 100, iter: 2770/3251, distal-aware loss: 0.2965, lumen dice: 0.9389, wall dice: 0.8494, distal recall: 0.8730
epoch: 100, iter: 2780/3251, distal-aware loss: 0.2963, lumen dice: 0.9389, wall dice: 0.8495, distal recall: 0.8730
epoch: 100, iter: 2790/3251, distal-aware loss: 0.2963, lumen dice: 0.9390, wall dice: 0.8495, distal recall: 0.8731
epoch: 100, iter: 2800/3251, distal-aware loss: 0.2962, lumen dice: 0.9390, wall dice: 0.8496, distal recall: 0.8731
epoch: 100, iter: 2810/3251, distal-aware loss: 0.2961, lumen dice: 0.9391, wall dice: 0.8496, distal recall: 0.8731
epoch: 100, iter: 2820/3251, distal-aware loss: 0.2962, lumen dice: 0.9390, wall dice: 0.8495, distal recall: 0.8731
epoch: 100, iter: 2830/3251, distal-aware loss: 0.2963, lumen dice: 0.9390, wall dice: 0.8495, distal recall: 0.8730
epoch: 100, iter: 2840/3251, distal-aware loss: 0.2962, lumen dice: 0.9390, wall dice: 0.8495, distal recall: 0.8731
epoch: 100, iter: 2850/3251, distal-aware loss: 0.2962, lumen dice: 0.9390, wall dice: 0.8495, distal recall: 0.8731
epoch: 100, iter: 2860/3251, distal-aware loss: 0.2963, lumen dice: 0.9390, wall dice: 0.8495, distal recall: 0.8730
epoch: 100, iter: 2870/3251, distal-aware loss: 0.2963, lumen dice: 0.9391, wall dice: 0.8494, distal recall: 0.8730
epoch: 100, iter: 2880/3251, distal-aware loss: 0.2963, lumen dice: 0.9391, wall dice: 0.8495, distal recall: 0.8731
epoch: 100, iter: 2890/3251, distal-aware loss: 0.2964, lumen dice: 0.9391, wall dice: 0.8494, distal recall: 0.8730
epoch: 100, iter: 2900/3251, distal-aware loss: 0.2964, lumen dice: 0.9391, wall dice: 0.8495, distal recall: 0.8730
epoch: 100, iter: 2910/3251, distal-aware loss: 0.2964, lumen dice: 0.9391, wall dice: 0.8494, distal recall: 0.8730
epoch: 100, iter: 2920/3251, distal-aware loss: 0.2963, lumen dice: 0.9392, wall dice: 0.8495, distal recall: 0.8730
epoch: 100, iter: 2930/3251, distal-aware loss: 0.2963, lumen dice: 0.9392, wall dice: 0.8495, distal recall: 0.8730
epoch: 100, iter: 2940/3251, distal-aware loss: 0.2963, lumen dice: 0.9392, wall dice: 0.8495, distal recall: 0.8730
epoch: 100, iter: 2950/3251, distal-aware loss: 0.2962, lumen dice: 0.9392, wall dice: 0.8495, distal recall: 0.8730
epoch: 100, iter: 2960/3251, distal-aware loss: 0.2962, lumen dice: 0.9392, wall dice: 0.8495, distal recall: 0.8730
epoch: 100, iter: 2970/3251, distal-aware loss: 0.2963, lumen dice: 0.9391, wall dice: 0.8495, distal recall: 0.8730
epoch: 100, iter: 2980/3251, distal-aware loss: 0.2963, lumen dice: 0.9391, wall dice: 0.8495, distal recall: 0.8730
epoch: 100, iter: 2990/3251, distal-aware loss: 0.2963, lumen dice: 0.9391, wall dice: 0.8495, distal recall: 0.8730
epoch: 100, iter: 3000/3251, distal-aware loss: 0.2962, lumen dice: 0.9392, wall dice: 0.8495, distal recall: 0.8731
epoch: 100, iter: 3010/3251, distal-aware loss: 0.2961, lumen dice: 0.9392, wall dice: 0.8495, distal recall: 0.8731
epoch: 100, iter: 3020/3251, distal-aware loss: 0.2960, lumen dice: 0.9392, wall dice: 0.8496, distal recall: 0.8731
epoch: 100, iter: 3030/3251, distal-aware loss: 0.2960, lumen dice: 0.9392, wall dice: 0.8496, distal recall: 0.8731
epoch: 100, iter: 3040/3251, distal-aware loss: 0.2961, lumen dice: 0.9393, wall dice: 0.8496, distal recall: 0.8730
epoch: 100, iter: 3050/3251, distal-aware loss: 0.2961, lumen dice: 0.9393, wall dice: 0.8496, distal recall: 0.8729
epoch: 100, iter: 3060/3251, distal-aware loss: 0.2961, lumen dice: 0.9393, wall dice: 0.8496, distal recall: 0.8729
epoch: 100, iter: 3070/3251, distal-aware loss: 0.2962, lumen dice: 0.9393, wall dice: 0.8494, distal recall: 0.8729
epoch: 100, iter: 3080/3251, distal-aware loss: 0.2961, lumen dice: 0.9393, wall dice: 0.8495, distal recall: 0.8729
epoch: 100, iter: 3090/3251, distal-aware loss: 0.2961, lumen dice: 0.9393, wall dice: 0.8495, distal recall: 0.8730
epoch: 100, iter: 3100/3251, distal-aware loss: 0.2960, lumen dice: 0.9393, wall dice: 0.8495, distal recall: 0.8730
epoch: 100, iter: 3110/3251, distal-aware loss: 0.2960, lumen dice: 0.9392, wall dice: 0.8496, distal recall: 0.8731
epoch: 100, iter: 3120/3251, distal-aware loss: 0.2959, lumen dice: 0.9392, wall dice: 0.8496, distal recall: 0.8732
epoch: 100, iter: 3130/3251, distal-aware loss: 0.2959, lumen dice: 0.9392, wall dice: 0.8496, distal recall: 0.8732
epoch: 100, iter: 3140/3251, distal-aware loss: 0.2958, lumen dice: 0.9393, wall dice: 0.8496, distal recall: 0.8732
epoch: 100, iter: 3150/3251, distal-aware loss: 0.2966, lumen dice: 0.9389, wall dice: 0.8491, distal recall: 0.8728
epoch: 100, iter: 3160/3251, distal-aware loss: 0.2970, lumen dice: 0.9386, wall dice: 0.8487, distal recall: 0.8724
epoch: 100, iter: 3170/3251, distal-aware loss: 0.2971, lumen dice: 0.9385, wall dice: 0.8485, distal recall: 0.8722
epoch: 100, iter: 3180/3251, distal-aware loss: 0.2974, lumen dice: 0.9384, wall dice: 0.8484, distal recall: 0.8720
epoch: 100, iter: 3190/3251, distal-aware loss: 0.2976, lumen dice: 0.9383, wall dice: 0.8482, distal recall: 0.8718
epoch: 100, iter: 3200/3251, distal-aware loss: 0.2977, lumen dice: 0.9383, wall dice: 0.8482, distal recall: 0.8717
epoch: 100, iter: 3210/3251, distal-aware loss: 0.2977, lumen dice: 0.9383, wall dice: 0.8482, distal recall: 0.8717
epoch: 100, iter: 3220/3251, distal-aware loss: 0.2978, lumen dice: 0.9383, wall dice: 0.8481, distal recall: 0.8717
epoch: 100, iter: 3230/3251, distal-aware loss: 0.2980, lumen dice: 0.9382, wall dice: 0.8479, distal recall: 0.8716
epoch: 100, iter: 3240/3251, distal-aware loss: 0.2981, lumen dice: 0.9381, wall dice: 0.8479, distal recall: 0.8715
epoch: 100, iter: 3250/3251, distal-aware loss: 0.2987, lumen dice: 0.9379, wall dice: 0.8476, distal recall: 0.8711
epoch: 100, val distal-aware loss: 0.3303, val lumen dice: 0.9369, val wall dice: 0.8381, val distal recall: 0.8999
starting epoch: 101
epoch: 101, iter: 0/3251, distal-aware loss: 0.4706, lumen dice: 0.8801, wall dice: 0.7416, distal recall: 0.8141
epoch: 101, iter: 10/3251, distal-aware loss: 0.3378, lumen dice: 0.9339, wall dice: 0.7979, distal recall: 0.8276
epoch: 101, iter: 20/3251, distal-aware loss: 0.3258, lumen dice: 0.9409, wall dice: 0.8139, distal recall: 0.8312
epoch: 101, iter: 30/3251, distal-aware loss: 0.3257, lumen dice: 0.9327, wall dice: 0.8115, distal recall: 0.8430
epoch: 101, iter: 40/3251, distal-aware loss: 0.3217, lumen dice: 0.9358, wall dice: 0.8160, distal recall: 0.8479
epoch: 101, iter: 50/3251, distal-aware loss: 0.3185, lumen dice: 0.9367, wall dice: 0.8201, distal recall: 0.8466
epoch: 101, iter: 60/3251, distal-aware loss: 0.3196, lumen dice: 0.9326, wall dice: 0.8206, distal recall: 0.8501
epoch: 101, iter: 70/3251, distal-aware loss: 0.3405, lumen dice: 0.9232, wall dice: 0.8142, distal recall: 0.8485
epoch: 101, iter: 80/3251, distal-aware loss: 0.3412, lumen dice: 0.9228, wall dice: 0.8138, distal recall: 0.8456
epoch: 101, iter: 90/3251, distal-aware loss: 0.3359, lumen dice: 0.9246, wall dice: 0.8180, distal recall: 0.8500
epoch: 101, iter: 100/3251, distal-aware loss: 0.3345, lumen dice: 0.9256, wall dice: 0.8203, distal recall: 0.8477
epoch: 101, iter: 110/3251, distal-aware loss: 0.3300, lumen dice: 0.9260, wall dice: 0.8243, distal recall: 0.8487
epoch: 101, iter: 120/3251, distal-aware loss: 0.3279, lumen dice: 0.9276, wall dice: 0.8254, distal recall: 0.8481
epoch: 101, iter: 130/3251, distal-aware loss: 0.3267, lumen dice: 0.9278, wall dice: 0.8263, distal recall: 0.8486
epoch: 101, iter: 140/3251, distal-aware loss: 0.3241, lumen dice: 0.9289, wall dice: 0.8282, distal recall: 0.8505
epoch: 101, iter: 150/3251, distal-aware loss: 0.3209, lumen dice: 0.9300, wall dice: 0.8301, distal recall: 0.8502
epoch: 101, iter: 160/3251, distal-aware loss: 0.3193, lumen dice: 0.9296, wall dice: 0.8310, distal recall: 0.8518
epoch: 101, iter: 170/3251, distal-aware loss: 0.3212, lumen dice: 0.9299, wall dice: 0.8292, distal recall: 0.8492
epoch: 101, iter: 180/3251, distal-aware loss: 0.3198, lumen dice: 0.9298, wall dice: 0.8302, distal recall: 0.8519
epoch: 101, iter: 190/3251, distal-aware loss: 0.3199, lumen dice: 0.9294, wall dice: 0.8296, distal recall: 0.8522
epoch: 101, iter: 200/3251, distal-aware loss: 0.3184, lumen dice: 0.9286, wall dice: 0.8298, distal recall: 0.8532
epoch: 101, iter: 210/3251, distal-aware loss: 0.3182, lumen dice: 0.9290, wall dice: 0.8300, distal recall: 0.8516
epoch: 101, iter: 220/3251, distal-aware loss: 0.3185, lumen dice: 0.9298, wall dice: 0.8303, distal recall: 0.8509
epoch: 101, iter: 230/3251, distal-aware loss: 0.3199, lumen dice: 0.9296, wall dice: 0.8286, distal recall: 0.8509
epoch: 101, iter: 240/3251, distal-aware loss: 0.3194, lumen dice: 0.9301, wall dice: 0.8297, distal recall: 0.8519
epoch: 101, iter: 250/3251, distal-aware loss: 0.3186, lumen dice: 0.9301, wall dice: 0.8302, distal recall: 0.8525
epoch: 101, iter: 260/3251, distal-aware loss: 0.3170, lumen dice: 0.9303, wall dice: 0.8312, distal recall: 0.8539
epoch: 101, iter: 270/3251, distal-aware loss: 0.3171, lumen dice: 0.9303, wall dice: 0.8313, distal recall: 0.8550
epoch: 101, iter: 280/3251, distal-aware loss: 0.3166, lumen dice: 0.9303, wall dice: 0.8322, distal recall: 0.8560
epoch: 101, iter: 290/3251, distal-aware loss: 0.3158, lumen dice: 0.9306, wall dice: 0.8332, distal recall: 0.8562
epoch: 101, iter: 300/3251, distal-aware loss: 0.3150, lumen dice: 0.9308, wall dice: 0.8331, distal recall: 0.8567
epoch: 101, iter: 310/3251, distal-aware loss: 0.3145, lumen dice: 0.9311, wall dice: 0.8336, distal recall: 0.8567
epoch: 101, iter: 320/3251, distal-aware loss: 0.3146, lumen dice: 0.9314, wall dice: 0.8339, distal recall: 0.8568
epoch: 101, iter: 330/3251, distal-aware loss: 0.3137, lumen dice: 0.9314, wall dice: 0.8345, distal recall: 0.8573
epoch: 101, iter: 340/3251, distal-aware loss: 0.3128, lumen dice: 0.9317, wall dice: 0.8351, distal recall: 0.8581
epoch: 101, iter: 350/3251, distal-aware loss: 0.3124, lumen dice: 0.9318, wall dice: 0.8348, distal recall: 0.8586
epoch: 101, iter: 360/3251, distal-aware loss: 0.3114, lumen dice: 0.9325, wall dice: 0.8357, distal recall: 0.8586
epoch: 101, iter: 370/3251, distal-aware loss: 0.3113, lumen dice: 0.9327, wall dice: 0.8359, distal recall: 0.8589
epoch: 101, iter: 380/3251, distal-aware loss: 0.3105, lumen dice: 0.9329, wall dice: 0.8366, distal recall: 0.8599
epoch: 101, iter: 390/3251, distal-aware loss: 0.3096, lumen dice: 0.9334, wall dice: 0.8374, distal recall: 0.8605
epoch: 101, iter: 400/3251, distal-aware loss: 0.3092, lumen dice: 0.9335, wall dice: 0.8377, distal recall: 0.8609
epoch: 101, iter: 410/3251, distal-aware loss: 0.3091, lumen dice: 0.9331, wall dice: 0.8378, distal recall: 0.8616
epoch: 101, iter: 420/3251, distal-aware loss: 0.3084, lumen dice: 0.9335, wall dice: 0.8385, distal recall: 0.8624
epoch: 101, iter: 430/3251, distal-aware loss: 0.3078, lumen dice: 0.9338, wall dice: 0.8391, distal recall: 0.8627
epoch: 101, iter: 440/3251, distal-aware loss: 0.3079, lumen dice: 0.9338, wall dice: 0.8390, distal recall: 0.8631
epoch: 101, iter: 450/3251, distal-aware loss: 0.3070, lumen dice: 0.9337, wall dice: 0.8396, distal recall: 0.8633
epoch: 101, iter: 460/3251, distal-aware loss: 0.3073, lumen dice: 0.9339, wall dice: 0.8395, distal recall: 0.8633
epoch: 101, iter: 470/3251, distal-aware loss: 0.3066, lumen dice: 0.9343, wall dice: 0.8399, distal recall: 0.8637
epoch: 101, iter: 480/3251, distal-aware loss: 0.3061, lumen dice: 0.9345, wall dice: 0.8400, distal recall: 0.8636
epoch: 101, iter: 490/3251, distal-aware loss: 0.3059, lumen dice: 0.9346, wall dice: 0.8403, distal recall: 0.8638
epoch: 101, iter: 500/3251, distal-aware loss: 0.3060, lumen dice: 0.9347, wall dice: 0.8399, distal recall: 0.8638
epoch: 101, iter: 510/3251, distal-aware loss: 0.3055, lumen dice: 0.9349, wall dice: 0.8403, distal recall: 0.8640
epoch: 101, iter: 520/3251, distal-aware loss: 0.3052, lumen dice: 0.9349, wall dice: 0.8405, distal recall: 0.8645
epoch: 101, iter: 530/3251, distal-aware loss: 0.3047, lumen dice: 0.9351, wall dice: 0.8408, distal recall: 0.8647
epoch: 101, iter: 540/3251, distal-aware loss: 0.3043, lumen dice: 0.9352, wall dice: 0.8410, distal recall: 0.8649
epoch: 101, iter: 550/3251, distal-aware loss: 0.3041, lumen dice: 0.9354, wall dice: 0.8411, distal recall: 0.8648
epoch: 101, iter: 560/3251, distal-aware loss: 0.3046, lumen dice: 0.9353, wall dice: 0.8411, distal recall: 0.8645
epoch: 101, iter: 570/3251, distal-aware loss: 0.3043, lumen dice: 0.9354, wall dice: 0.8414, distal recall: 0.8645
epoch: 101, iter: 580/3251, distal-aware loss: 0.3045, lumen dice: 0.9347, wall dice: 0.8413, distal recall: 0.8646
epoch: 101, iter: 590/3251, distal-aware loss: 0.3042, lumen dice: 0.9350, wall dice: 0.8417, distal recall: 0.8645
epoch: 101, iter: 600/3251, distal-aware loss: 0.3048, lumen dice: 0.9350, wall dice: 0.8414, distal recall: 0.8646
epoch: 101, iter: 610/3251, distal-aware loss: 0.3047, lumen dice: 0.9349, wall dice: 0.8414, distal recall: 0.8646
epoch: 101, iter: 620/3251, distal-aware loss: 0.3052, lumen dice: 0.9345, wall dice: 0.8412, distal recall: 0.8645
epoch: 101, iter: 630/3251, distal-aware loss: 0.3049, lumen dice: 0.9346, wall dice: 0.8415, distal recall: 0.8644
epoch: 101, iter: 640/3251, distal-aware loss: 0.3040, lumen dice: 0.9350, wall dice: 0.8420, distal recall: 0.8649
epoch: 101, iter: 650/3251, distal-aware loss: 0.3034, lumen dice: 0.9353, wall dice: 0.8425, distal recall: 0.8653
epoch: 101, iter: 660/3251, distal-aware loss: 0.3032, lumen dice: 0.9353, wall dice: 0.8426, distal recall: 0.8654
epoch: 101, iter: 670/3251, distal-aware loss: 0.3033, lumen dice: 0.9350, wall dice: 0.8425, distal recall: 0.8655
epoch: 101, iter: 680/3251, distal-aware loss: 0.3031, lumen dice: 0.9353, wall dice: 0.8427, distal recall: 0.8655
epoch: 101, iter: 690/3251, distal-aware loss: 0.3029, lumen dice: 0.9355, wall dice: 0.8429, distal recall: 0.8659
epoch: 101, iter: 700/3251, distal-aware loss: 0.3031, lumen dice: 0.9355, wall dice: 0.8429, distal recall: 0.8655
epoch: 101, iter: 710/3251, distal-aware loss: 0.3034, lumen dice: 0.9353, wall dice: 0.8430, distal recall: 0.8657
epoch: 101, iter: 720/3251, distal-aware loss: 0.3032, lumen dice: 0.9353, wall dice: 0.8430, distal recall: 0.8660
epoch: 101, iter: 730/3251, distal-aware loss: 0.3026, lumen dice: 0.9355, wall dice: 0.8433, distal recall: 0.8658
epoch: 101, iter: 740/3251, distal-aware loss: 0.3025, lumen dice: 0.9358, wall dice: 0.8431, distal recall: 0.8662
epoch: 101, iter: 750/3251, distal-aware loss: 0.3023, lumen dice: 0.9359, wall dice: 0.8433, distal recall: 0.8663
epoch: 101, iter: 760/3251, distal-aware loss: 0.3021, lumen dice: 0.9361, wall dice: 0.8435, distal recall: 0.8665
epoch: 101, iter: 770/3251, distal-aware loss: 0.3021, lumen dice: 0.9361, wall dice: 0.8435, distal recall: 0.8665
epoch: 101, iter: 780/3251, distal-aware loss: 0.3016, lumen dice: 0.9363, wall dice: 0.8438, distal recall: 0.8666
epoch: 101, iter: 790/3251, distal-aware loss: 0.3018, lumen dice: 0.9362, wall dice: 0.8436, distal recall: 0.8665
epoch: 101, iter: 800/3251, distal-aware loss: 0.3016, lumen dice: 0.9363, wall dice: 0.8438, distal recall: 0.8665
epoch: 101, iter: 810/3251, distal-aware loss: 0.3013, lumen dice: 0.9365, wall dice: 0.8440, distal recall: 0.8670
epoch: 101, iter: 820/3251, distal-aware loss: 0.3011, lumen dice: 0.9366, wall dice: 0.8441, distal recall: 0.8670
epoch: 101, iter: 830/3251, distal-aware loss: 0.3011, lumen dice: 0.9365, wall dice: 0.8442, distal recall: 0.8673
epoch: 101, iter: 840/3251, distal-aware loss: 0.3013, lumen dice: 0.9365, wall dice: 0.8442, distal recall: 0.8673
epoch: 101, iter: 850/3251, distal-aware loss: 0.3011, lumen dice: 0.9366, wall dice: 0.8443, distal recall: 0.8674
epoch: 101, iter: 860/3251, distal-aware loss: 0.3008, lumen dice: 0.9368, wall dice: 0.8444, distal recall: 0.8676
epoch: 101, iter: 870/3251, distal-aware loss: 0.3008, lumen dice: 0.9369, wall dice: 0.8444, distal recall: 0.8675
epoch: 101, iter: 880/3251, distal-aware loss: 0.3015, lumen dice: 0.9364, wall dice: 0.8435, distal recall: 0.8672
epoch: 101, iter: 890/3251, distal-aware loss: 0.3014, lumen dice: 0.9365, wall dice: 0.8436, distal recall: 0.8674
epoch: 101, iter: 900/3251, distal-aware loss: 0.3014, lumen dice: 0.9364, wall dice: 0.8437, distal recall: 0.8679
epoch: 101, iter: 910/3251, distal-aware loss: 0.3009, lumen dice: 0.9366, wall dice: 0.8439, distal recall: 0.8677
epoch: 101, iter: 920/3251, distal-aware loss: 0.3008, lumen dice: 0.9366, wall dice: 0.8440, distal recall: 0.8681
epoch: 101, iter: 930/3251, distal-aware loss: 0.3008, lumen dice: 0.9365, wall dice: 0.8440, distal recall: 0.8682
epoch: 101, iter: 940/3251, distal-aware loss: 0.3008, lumen dice: 0.9366, wall dice: 0.8441, distal recall: 0.8681
epoch: 101, iter: 950/3251, distal-aware loss: 0.3005, lumen dice: 0.9367, wall dice: 0.8442, distal recall: 0.8682
epoch: 101, iter: 960/3251, distal-aware loss: 0.3002, lumen dice: 0.9369, wall dice: 0.8444, distal recall: 0.8683
epoch: 101, iter: 970/3251, distal-aware loss: 0.3001, lumen dice: 0.9369, wall dice: 0.8445, distal recall: 0.8685
epoch: 101, iter: 980/3251, distal-aware loss: 0.2997, lumen dice: 0.9371, wall dice: 0.8447, distal recall: 0.8686
epoch: 101, iter: 990/3251, distal-aware loss: 0.2995, lumen dice: 0.9371, wall dice: 0.8448, distal recall: 0.8689
epoch: 101, iter: 1000/3251, distal-aware loss: 0.2996, lumen dice: 0.9372, wall dice: 0.8449, distal recall: 0.8688
epoch: 101, iter: 1010/3251, distal-aware loss: 0.2998, lumen dice: 0.9370, wall dice: 0.8448, distal recall: 0.8686
epoch: 101, iter: 1020/3251, distal-aware loss: 0.2997, lumen dice: 0.9371, wall dice: 0.8449, distal recall: 0.8685
epoch: 101, iter: 1030/3251, distal-aware loss: 0.2994, lumen dice: 0.9371, wall dice: 0.8450, distal recall: 0.8687
epoch: 101, iter: 1040/3251, distal-aware loss: 0.2998, lumen dice: 0.9371, wall dice: 0.8449, distal recall: 0.8684
epoch: 101, iter: 1050/3251, distal-aware loss: 0.2994, lumen dice: 0.9372, wall dice: 0.8450, distal recall: 0.8687
epoch: 101, iter: 1060/3251, distal-aware loss: 0.2992, lumen dice: 0.9374, wall dice: 0.8452, distal recall: 0.8687
epoch: 101, iter: 1070/3251, distal-aware loss: 0.2990, lumen dice: 0.9376, wall dice: 0.8453, distal recall: 0.8688
epoch: 101, iter: 1080/3251, distal-aware loss: 0.2988, lumen dice: 0.9375, wall dice: 0.8454, distal recall: 0.8690
epoch: 101, iter: 1090/3251, distal-aware loss: 0.2986, lumen dice: 0.9376, wall dice: 0.8455, distal recall: 0.8690
epoch: 101, iter: 1100/3251, distal-aware loss: 0.2986, lumen dice: 0.9375, wall dice: 0.8454, distal recall: 0.8690
epoch: 101, iter: 1110/3251, distal-aware loss: 0.2987, lumen dice: 0.9375, wall dice: 0.8454, distal recall: 0.8688
epoch: 101, iter: 1120/3251, distal-aware loss: 0.2988, lumen dice: 0.9375, wall dice: 0.8455, distal recall: 0.8690
epoch: 101, iter: 1130/3251, distal-aware loss: 0.2988, lumen dice: 0.9375, wall dice: 0.8456, distal recall: 0.8689
epoch: 101, iter: 1140/3251, distal-aware loss: 0.2987, lumen dice: 0.9375, wall dice: 0.8457, distal recall: 0.8689
epoch: 101, iter: 1150/3251, distal-aware loss: 0.2986, lumen dice: 0.9376, wall dice: 0.8459, distal recall: 0.8690
epoch: 101, iter: 1160/3251, distal-aware loss: 0.2983, lumen dice: 0.9377, wall dice: 0.8460, distal recall: 0.8693
epoch: 101, iter: 1170/3251, distal-aware loss: 0.2985, lumen dice: 0.9377, wall dice: 0.8458, distal recall: 0.8694
epoch: 101, iter: 1180/3251, distal-aware loss: 0.2986, lumen dice: 0.9377, wall dice: 0.8458, distal recall: 0.8695
epoch: 101, iter: 1190/3251, distal-aware loss: 0.2984, lumen dice: 0.9378, wall dice: 0.8460, distal recall: 0.8697
epoch: 101, iter: 1200/3251, distal-aware loss: 0.2983, lumen dice: 0.9377, wall dice: 0.8460, distal recall: 0.8698
epoch: 101, iter: 1210/3251, distal-aware loss: 0.2983, lumen dice: 0.9377, wall dice: 0.8461, distal recall: 0.8697
epoch: 101, iter: 1220/3251, distal-aware loss: 0.2983, lumen dice: 0.9377, wall dice: 0.8460, distal recall: 0.8699
epoch: 101, iter: 1230/3251, distal-aware loss: 0.2980, lumen dice: 0.9378, wall dice: 0.8462, distal recall: 0.8701
epoch: 101, iter: 1240/3251, distal-aware loss: 0.2977, lumen dice: 0.9378, wall dice: 0.8464, distal recall: 0.8702
epoch: 101, iter: 1250/3251, distal-aware loss: 0.2977, lumen dice: 0.9379, wall dice: 0.8463, distal recall: 0.8702
epoch: 101, iter: 1260/3251, distal-aware loss: 0.2974, lumen dice: 0.9380, wall dice: 0.8465, distal recall: 0.8705
epoch: 101, iter: 1270/3251, distal-aware loss: 0.2973, lumen dice: 0.9381, wall dice: 0.8466, distal recall: 0.8705
epoch: 101, iter: 1280/3251, distal-aware loss: 0.2972, lumen dice: 0.9381, wall dice: 0.8467, distal recall: 0.8706
epoch: 101, iter: 1290/3251, distal-aware loss: 0.2970, lumen dice: 0.9382, wall dice: 0.8469, distal recall: 0.8707
epoch: 101, iter: 1300/3251, distal-aware loss: 0.2969, lumen dice: 0.9383, wall dice: 0.8470, distal recall: 0.8707
epoch: 101, iter: 1310/3251, distal-aware loss: 0.2971, lumen dice: 0.9381, wall dice: 0.8469, distal recall: 0.8706
epoch: 101, iter: 1320/3251, distal-aware loss: 0.2969, lumen dice: 0.9381, wall dice: 0.8471, distal recall: 0.8706
epoch: 101, iter: 1330/3251, distal-aware loss: 0.2968, lumen dice: 0.9382, wall dice: 0.8472, distal recall: 0.8707
epoch: 101, iter: 1340/3251, distal-aware loss: 0.2968, lumen dice: 0.9382, wall dice: 0.8472, distal recall: 0.8707
epoch: 101, iter: 1350/3251, distal-aware loss: 0.2966, lumen dice: 0.9383, wall dice: 0.8473, distal recall: 0.8707
epoch: 101, iter: 1360/3251, distal-aware loss: 0.2974, lumen dice: 0.9377, wall dice: 0.8467, distal recall: 0.8709
epoch: 101, iter: 1370/3251, distal-aware loss: 0.2975, lumen dice: 0.9377, wall dice: 0.8467, distal recall: 0.8710
epoch: 101, iter: 1380/3251, distal-aware loss: 0.2973, lumen dice: 0.9379, wall dice: 0.8467, distal recall: 0.8707
epoch: 101, iter: 1390/3251, distal-aware loss: 0.2972, lumen dice: 0.9380, wall dice: 0.8468, distal recall: 0.8708
epoch: 101, iter: 1400/3251, distal-aware loss: 0.2971, lumen dice: 0.9380, wall dice: 0.8469, distal recall: 0.8708
epoch: 101, iter: 1410/3251, distal-aware loss: 0.2970, lumen dice: 0.9381, wall dice: 0.8470, distal recall: 0.8710
epoch: 101, iter: 1420/3251, distal-aware loss: 0.2973, lumen dice: 0.9380, wall dice: 0.8468, distal recall: 0.8708
epoch: 101, iter: 1430/3251, distal-aware loss: 0.2972, lumen dice: 0.9380, wall dice: 0.8469, distal recall: 0.8711
epoch: 101, iter: 1440/3251, distal-aware loss: 0.2970, lumen dice: 0.9381, wall dice: 0.8471, distal recall: 0.8712
epoch: 101, iter: 1450/3251, distal-aware loss: 0.2969, lumen dice: 0.9381, wall dice: 0.8471, distal recall: 0.8713
epoch: 101, iter: 1460/3251, distal-aware loss: 0.2969, lumen dice: 0.9382, wall dice: 0.8470, distal recall: 0.8713
epoch: 101, iter: 1470/3251, distal-aware loss: 0.2969, lumen dice: 0.9382, wall dice: 0.8469, distal recall: 0.8714
epoch: 101, iter: 1480/3251, distal-aware loss: 0.2971, lumen dice: 0.9381, wall dice: 0.8469, distal recall: 0.8714
epoch: 101, iter: 1490/3251, distal-aware loss: 0.2970, lumen dice: 0.9382, wall dice: 0.8470, distal recall: 0.8715
epoch: 101, iter: 1500/3251, distal-aware loss: 0.2970, lumen dice: 0.9382, wall dice: 0.8470, distal recall: 0.8714
epoch: 101, iter: 1510/3251, distal-aware loss: 0.2968, lumen dice: 0.9383, wall dice: 0.8472, distal recall: 0.8715
epoch: 101, iter: 1520/3251, distal-aware loss: 0.2966, lumen dice: 0.9384, wall dice: 0.8474, distal recall: 0.8716
epoch: 101, iter: 1530/3251, distal-aware loss: 0.2965, lumen dice: 0.9385, wall dice: 0.8475, distal recall: 0.8717
epoch: 101, iter: 1540/3251, distal-aware loss: 0.2965, lumen dice: 0.9384, wall dice: 0.8474, distal recall: 0.8717
epoch: 101, iter: 1550/3251, distal-aware loss: 0.2966, lumen dice: 0.9385, wall dice: 0.8472, distal recall: 0.8717
epoch: 101, iter: 1560/3251, distal-aware loss: 0.2967, lumen dice: 0.9383, wall dice: 0.8472, distal recall: 0.8718
epoch: 101, iter: 1570/3251, distal-aware loss: 0.2968, lumen dice: 0.9384, wall dice: 0.8473, distal recall: 0.8718
epoch: 101, iter: 1580/3251, distal-aware loss: 0.2969, lumen dice: 0.9384, wall dice: 0.8472, distal recall: 0.8718
epoch: 101, iter: 1590/3251, distal-aware loss: 0.2970, lumen dice: 0.9385, wall dice: 0.8472, distal recall: 0.8717
epoch: 101, iter: 1600/3251, distal-aware loss: 0.2970, lumen dice: 0.9384, wall dice: 0.8472, distal recall: 0.8717
epoch: 101, iter: 1610/3251, distal-aware loss: 0.2970, lumen dice: 0.9384, wall dice: 0.8472, distal recall: 0.8717
epoch: 101, iter: 1620/3251, distal-aware loss: 0.2969, lumen dice: 0.9384, wall dice: 0.8473, distal recall: 0.8718
epoch: 101, iter: 1630/3251, distal-aware loss: 0.2970, lumen dice: 0.9383, wall dice: 0.8473, distal recall: 0.8718
epoch: 101, iter: 1640/3251, distal-aware loss: 0.2970, lumen dice: 0.9383, wall dice: 0.8472, distal recall: 0.8718
epoch: 101, iter: 1650/3251, distal-aware loss: 0.2968, lumen dice: 0.9383, wall dice: 0.8472, distal recall: 0.8719
epoch: 101, iter: 1660/3251, distal-aware loss: 0.2968, lumen dice: 0.9383, wall dice: 0.8472, distal recall: 0.8718
epoch: 101, iter: 1670/3251, distal-aware loss: 0.2967, lumen dice: 0.9384, wall dice: 0.8473, distal recall: 0.8717
epoch: 101, iter: 1680/3251, distal-aware loss: 0.2967, lumen dice: 0.9384, wall dice: 0.8472, distal recall: 0.8715
epoch: 101, iter: 1690/3251, distal-aware loss: 0.2967, lumen dice: 0.9384, wall dice: 0.8473, distal recall: 0.8715
epoch: 101, iter: 1700/3251, distal-aware loss: 0.2967, lumen dice: 0.9385, wall dice: 0.8472, distal recall: 0.8715
epoch: 101, iter: 1710/3251, distal-aware loss: 0.2967, lumen dice: 0.9384, wall dice: 0.8472, distal recall: 0.8715
epoch: 101, iter: 1720/3251, distal-aware loss: 0.2965, lumen dice: 0.9385, wall dice: 0.8474, distal recall: 0.8717
epoch: 101, iter: 1730/3251, distal-aware loss: 0.2966, lumen dice: 0.9385, wall dice: 0.8473, distal recall: 0.8716
epoch: 101, iter: 1740/3251, distal-aware loss: 0.2967, lumen dice: 0.9385, wall dice: 0.8473, distal recall: 0.8716
epoch: 101, iter: 1750/3251, distal-aware loss: 0.2966, lumen dice: 0.9386, wall dice: 0.8474, distal recall: 0.8716
epoch: 101, iter: 1760/3251, distal-aware loss: 0.2964, lumen dice: 0.9387, wall dice: 0.8475, distal recall: 0.8717
epoch: 101, iter: 1770/3251, distal-aware loss: 0.2964, lumen dice: 0.9387, wall dice: 0.8475, distal recall: 0.8718
epoch: 101, iter: 1780/3251, distal-aware loss: 0.2963, lumen dice: 0.9387, wall dice: 0.8476, distal recall: 0.8719
epoch: 101, iter: 1790/3251, distal-aware loss: 0.2964, lumen dice: 0.9387, wall dice: 0.8476, distal recall: 0.8719
epoch: 101, iter: 1800/3251, distal-aware loss: 0.2964, lumen dice: 0.9387, wall dice: 0.8476, distal recall: 0.8719
epoch: 101, iter: 1810/3251, distal-aware loss: 0.2963, lumen dice: 0.9387, wall dice: 0.8477, distal recall: 0.8720
epoch: 101, iter: 1820/3251, distal-aware loss: 0.2964, lumen dice: 0.9388, wall dice: 0.8475, distal recall: 0.8721
epoch: 101, iter: 1830/3251, distal-aware loss: 0.2963, lumen dice: 0.9388, wall dice: 0.8475, distal recall: 0.8720
epoch: 101, iter: 1840/3251, distal-aware loss: 0.2962, lumen dice: 0.9388, wall dice: 0.8476, distal recall: 0.8721
epoch: 101, iter: 1850/3251, distal-aware loss: 0.2963, lumen dice: 0.9388, wall dice: 0.8477, distal recall: 0.8722
epoch: 101, iter: 1860/3251, distal-aware loss: 0.2962, lumen dice: 0.9388, wall dice: 0.8478, distal recall: 0.8723
epoch: 101, iter: 1870/3251, distal-aware loss: 0.2961, lumen dice: 0.9388, wall dice: 0.8478, distal recall: 0.8724
epoch: 101, iter: 1880/3251, distal-aware loss: 0.2960, lumen dice: 0.9389, wall dice: 0.8479, distal recall: 0.8724
epoch: 101, iter: 1890/3251, distal-aware loss: 0.2960, lumen dice: 0.9389, wall dice: 0.8479, distal recall: 0.8723
epoch: 101, iter: 1900/3251, distal-aware loss: 0.2959, lumen dice: 0.9389, wall dice: 0.8479, distal recall: 0.8724
epoch: 101, iter: 1910/3251, distal-aware loss: 0.2959, lumen dice: 0.9390, wall dice: 0.8479, distal recall: 0.8724
epoch: 101, iter: 1920/3251, distal-aware loss: 0.2958, lumen dice: 0.9390, wall dice: 0.8480, distal recall: 0.8723
epoch: 101, iter: 1930/3251, distal-aware loss: 0.2959, lumen dice: 0.9390, wall dice: 0.8479, distal recall: 0.8723
epoch: 101, iter: 1940/3251, distal-aware loss: 0.2957, lumen dice: 0.9391, wall dice: 0.8480, distal recall: 0.8723
epoch: 101, iter: 1950/3251, distal-aware loss: 0.2956, lumen dice: 0.9392, wall dice: 0.8481, distal recall: 0.8724
epoch: 101, iter: 1960/3251, distal-aware loss: 0.2954, lumen dice: 0.9393, wall dice: 0.8482, distal recall: 0.8724
epoch: 101, iter: 1970/3251, distal-aware loss: 0.2952, lumen dice: 0.9393, wall dice: 0.8484, distal recall: 0.8725
epoch: 101, iter: 1980/3251, distal-aware loss: 0.2952, lumen dice: 0.9394, wall dice: 0.8484, distal recall: 0.8726
epoch: 101, iter: 1990/3251, distal-aware loss: 0.2951, lumen dice: 0.9394, wall dice: 0.8485, distal recall: 0.8725
epoch: 101, iter: 2000/3251, distal-aware loss: 0.2951, lumen dice: 0.9395, wall dice: 0.8485, distal recall: 0.8724
epoch: 101, iter: 2010/3251, distal-aware loss: 0.2949, lumen dice: 0.9395, wall dice: 0.8486, distal recall: 0.8724
epoch: 101, iter: 2020/3251, distal-aware loss: 0.2947, lumen dice: 0.9396, wall dice: 0.8487, distal recall: 0.8724
epoch: 101, iter: 2030/3251, distal-aware loss: 0.2947, lumen dice: 0.9397, wall dice: 0.8488, distal recall: 0.8725
epoch: 101, iter: 2040/3251, distal-aware loss: 0.2947, lumen dice: 0.9397, wall dice: 0.8488, distal recall: 0.8726
epoch: 101, iter: 2050/3251, distal-aware loss: 0.2946, lumen dice: 0.9397, wall dice: 0.8489, distal recall: 0.8727
epoch: 101, iter: 2060/3251, distal-aware loss: 0.2947, lumen dice: 0.9397, wall dice: 0.8488, distal recall: 0.8726
epoch: 101, iter: 2070/3251, distal-aware loss: 0.2946, lumen dice: 0.9398, wall dice: 0.8489, distal recall: 0.8726
epoch: 101, iter: 2080/3251, distal-aware loss: 0.2947, lumen dice: 0.9397, wall dice: 0.8489, distal recall: 0.8725
epoch: 101, iter: 2090/3251, distal-aware loss: 0.2945, lumen dice: 0.9398, wall dice: 0.8490, distal recall: 0.8726
epoch: 101, iter: 2100/3251, distal-aware loss: 0.2946, lumen dice: 0.9398, wall dice: 0.8490, distal recall: 0.8727
epoch: 101, iter: 2110/3251, distal-aware loss: 0.2945, lumen dice: 0.9397, wall dice: 0.8491, distal recall: 0.8727
epoch: 101, iter: 2120/3251, distal-aware loss: 0.2944, lumen dice: 0.9397, wall dice: 0.8492, distal recall: 0.8727
epoch: 101, iter: 2130/3251, distal-aware loss: 0.2944, lumen dice: 0.9396, wall dice: 0.8492, distal recall: 0.8727
epoch: 101, iter: 2140/3251, distal-aware loss: 0.2944, lumen dice: 0.9397, wall dice: 0.8492, distal recall: 0.8727
epoch: 101, iter: 2150/3251, distal-aware loss: 0.2944, lumen dice: 0.9396, wall dice: 0.8493, distal recall: 0.8728
epoch: 101, iter: 2160/3251, distal-aware loss: 0.2944, lumen dice: 0.9396, wall dice: 0.8492, distal recall: 0.8727
epoch: 101, iter: 2170/3251, distal-aware loss: 0.2943, lumen dice: 0.9396, wall dice: 0.8493, distal recall: 0.8728
epoch: 101, iter: 2180/3251, distal-aware loss: 0.2941, lumen dice: 0.9397, wall dice: 0.8494, distal recall: 0.8727
epoch: 101, iter: 2190/3251, distal-aware loss: 0.2942, lumen dice: 0.9397, wall dice: 0.8494, distal recall: 0.8728
epoch: 101, iter: 2200/3251, distal-aware loss: 0.2942, lumen dice: 0.9397, wall dice: 0.8494, distal recall: 0.8728
epoch: 101, iter: 2210/3251, distal-aware loss: 0.2942, lumen dice: 0.9395, wall dice: 0.8493, distal recall: 0.8727
epoch: 101, iter: 2220/3251, distal-aware loss: 0.2942, lumen dice: 0.9396, wall dice: 0.8494, distal recall: 0.8728
epoch: 101, iter: 2230/3251, distal-aware loss: 0.2941, lumen dice: 0.9397, wall dice: 0.8495, distal recall: 0.8729
epoch: 101, iter: 2240/3251, distal-aware loss: 0.2940, lumen dice: 0.9396, wall dice: 0.8495, distal recall: 0.8729
epoch: 101, iter: 2250/3251, distal-aware loss: 0.2942, lumen dice: 0.9395, wall dice: 0.8495, distal recall: 0.8729
epoch: 101, iter: 2260/3251, distal-aware loss: 0.2942, lumen dice: 0.9396, wall dice: 0.8495, distal recall: 0.8730
epoch: 101, iter: 2270/3251, distal-aware loss: 0.2942, lumen dice: 0.9396, wall dice: 0.8495, distal recall: 0.8730
epoch: 101, iter: 2280/3251, distal-aware loss: 0.2940, lumen dice: 0.9397, wall dice: 0.8496, distal recall: 0.8729
epoch: 101, iter: 2290/3251, distal-aware loss: 0.2939, lumen dice: 0.9398, wall dice: 0.8497, distal recall: 0.8730
epoch: 101, iter: 2300/3251, distal-aware loss: 0.2940, lumen dice: 0.9397, wall dice: 0.8497, distal recall: 0.8730
epoch: 101, iter: 2310/3251, distal-aware loss: 0.2939, lumen dice: 0.9396, wall dice: 0.8497, distal recall: 0.8732
epoch: 101, iter: 2320/3251, distal-aware loss: 0.2940, lumen dice: 0.9396, wall dice: 0.8497, distal recall: 0.8731
epoch: 101, iter: 2330/3251, distal-aware loss: 0.2941, lumen dice: 0.9395, wall dice: 0.8497, distal recall: 0.8731
epoch: 101, iter: 2340/3251, distal-aware loss: 0.2939, lumen dice: 0.9396, wall dice: 0.8498, distal recall: 0.8732
epoch: 101, iter: 2350/3251, distal-aware loss: 0.2938, lumen dice: 0.9396, wall dice: 0.8499, distal recall: 0.8733
epoch: 101, iter: 2360/3251, distal-aware loss: 0.2937, lumen dice: 0.9396, wall dice: 0.8499, distal recall: 0.8734
epoch: 101, iter: 2370/3251, distal-aware loss: 0.2945, lumen dice: 0.9393, wall dice: 0.8496, distal recall: 0.8735
epoch: 101, iter: 2380/3251, distal-aware loss: 0.2945, lumen dice: 0.9392, wall dice: 0.8496, distal recall: 0.8734
epoch: 101, iter: 2390/3251, distal-aware loss: 0.2944, lumen dice: 0.9392, wall dice: 0.8496, distal recall: 0.8735
epoch: 101, iter: 2400/3251, distal-aware loss: 0.2945, lumen dice: 0.9391, wall dice: 0.8495, distal recall: 0.8733
epoch: 101, iter: 2410/3251, distal-aware loss: 0.2946, lumen dice: 0.9391, wall dice: 0.8495, distal recall: 0.8733
epoch: 101, iter: 2420/3251, distal-aware loss: 0.2946, lumen dice: 0.9391, wall dice: 0.8495, distal recall: 0.8732
epoch: 101, iter: 2430/3251, distal-aware loss: 0.2946, lumen dice: 0.9391, wall dice: 0.8495, distal recall: 0.8733
epoch: 101, iter: 2440/3251, distal-aware loss: 0.2947, lumen dice: 0.9391, wall dice: 0.8495, distal recall: 0.8732
epoch: 101, iter: 2450/3251, distal-aware loss: 0.2947, lumen dice: 0.9392, wall dice: 0.8495, distal recall: 0.8733
epoch: 101, iter: 2460/3251, distal-aware loss: 0.2946, lumen dice: 0.9391, wall dice: 0.8495, distal recall: 0.8733
epoch: 101, iter: 2470/3251, distal-aware loss: 0.2946, lumen dice: 0.9391, wall dice: 0.8494, distal recall: 0.8734
epoch: 101, iter: 2480/3251, distal-aware loss: 0.2946, lumen dice: 0.9391, wall dice: 0.8495, distal recall: 0.8735
epoch: 101, iter: 2490/3251, distal-aware loss: 0.2945, lumen dice: 0.9391, wall dice: 0.8495, distal recall: 0.8736
epoch: 101, iter: 2500/3251, distal-aware loss: 0.2943, lumen dice: 0.9392, wall dice: 0.8496, distal recall: 0.8736
epoch: 101, iter: 2510/3251, distal-aware loss: 0.2942, lumen dice: 0.9392, wall dice: 0.8496, distal recall: 0.8737
epoch: 101, iter: 2520/3251, distal-aware loss: 0.2941, lumen dice: 0.9393, wall dice: 0.8496, distal recall: 0.8737
epoch: 101, iter: 2530/3251, distal-aware loss: 0.2941, lumen dice: 0.9393, wall dice: 0.8496, distal recall: 0.8737
epoch: 101, iter: 2540/3251, distal-aware loss: 0.2942, lumen dice: 0.9393, wall dice: 0.8496, distal recall: 0.8736
epoch: 101, iter: 2550/3251, distal-aware loss: 0.2942, lumen dice: 0.9394, wall dice: 0.8496, distal recall: 0.8737
epoch: 101, iter: 2560/3251, distal-aware loss: 0.2941, lumen dice: 0.9393, wall dice: 0.8496, distal recall: 0.8738
epoch: 101, iter: 2570/3251, distal-aware loss: 0.2941, lumen dice: 0.9394, wall dice: 0.8497, distal recall: 0.8738
epoch: 101, iter: 2580/3251, distal-aware loss: 0.2941, lumen dice: 0.9394, wall dice: 0.8496, distal recall: 0.8737
epoch: 101, iter: 2590/3251, distal-aware loss: 0.2941, lumen dice: 0.9394, wall dice: 0.8497, distal recall: 0.8737
epoch: 101, iter: 2600/3251, distal-aware loss: 0.2941, lumen dice: 0.9394, wall dice: 0.8497, distal recall: 0.8738
epoch: 101, iter: 2610/3251, distal-aware loss: 0.2941, lumen dice: 0.9395, wall dice: 0.8497, distal recall: 0.8738
epoch: 101, iter: 2620/3251, distal-aware loss: 0.2940, lumen dice: 0.9395, wall dice: 0.8497, distal recall: 0.8737
epoch: 101, iter: 2630/3251, distal-aware loss: 0.2939, lumen dice: 0.9396, wall dice: 0.8498, distal recall: 0.8737
epoch: 101, iter: 2640/3251, distal-aware loss: 0.2939, lumen dice: 0.9396, wall dice: 0.8498, distal recall: 0.8737
epoch: 101, iter: 2650/3251, distal-aware loss: 0.2940, lumen dice: 0.9395, wall dice: 0.8498, distal recall: 0.8737
epoch: 101, iter: 2660/3251, distal-aware loss: 0.2940, lumen dice: 0.9395, wall dice: 0.8499, distal recall: 0.8737
epoch: 101, iter: 2670/3251, distal-aware loss: 0.2943, lumen dice: 0.9392, wall dice: 0.8497, distal recall: 0.8738
epoch: 101, iter: 2680/3251, distal-aware loss: 0.2943, lumen dice: 0.9392, wall dice: 0.8497, distal recall: 0.8738
epoch: 101, iter: 2690/3251, distal-aware loss: 0.2942, lumen dice: 0.9393, wall dice: 0.8498, distal recall: 0.8738
epoch: 101, iter: 2700/3251, distal-aware loss: 0.2942, lumen dice: 0.9393, wall dice: 0.8498, distal recall: 0.8738
epoch: 101, iter: 2710/3251, distal-aware loss: 0.2941, lumen dice: 0.9393, wall dice: 0.8499, distal recall: 0.8738
epoch: 101, iter: 2720/3251, distal-aware loss: 0.2940, lumen dice: 0.9394, wall dice: 0.8500, distal recall: 0.8740
epoch: 101, iter: 2730/3251, distal-aware loss: 0.2940, lumen dice: 0.9394, wall dice: 0.8500, distal recall: 0.8739
epoch: 101, iter: 2740/3251, distal-aware loss: 0.2941, lumen dice: 0.9394, wall dice: 0.8500, distal recall: 0.8738
epoch: 101, iter: 2750/3251, distal-aware loss: 0.2940, lumen dice: 0.9395, wall dice: 0.8500, distal recall: 0.8739
epoch: 101, iter: 2760/3251, distal-aware loss: 0.2939, lumen dice: 0.9395, wall dice: 0.8501, distal recall: 0.8739
epoch: 101, iter: 2770/3251, distal-aware loss: 0.2939, lumen dice: 0.9396, wall dice: 0.8501, distal recall: 0.8739
epoch: 101, iter: 2780/3251, distal-aware loss: 0.2939, lumen dice: 0.9396, wall dice: 0.8501, distal recall: 0.8740
epoch: 101, iter: 2790/3251, distal-aware loss: 0.2939, lumen dice: 0.9396, wall dice: 0.8501, distal recall: 0.8738
epoch: 101, iter: 2800/3251, distal-aware loss: 0.2938, lumen dice: 0.9396, wall dice: 0.8501, distal recall: 0.8739
epoch: 101, iter: 2810/3251, distal-aware loss: 0.2939, lumen dice: 0.9397, wall dice: 0.8501, distal recall: 0.8739
epoch: 101, iter: 2820/3251, distal-aware loss: 0.2938, lumen dice: 0.9397, wall dice: 0.8501, distal recall: 0.8740
epoch: 101, iter: 2830/3251, distal-aware loss: 0.2938, lumen dice: 0.9397, wall dice: 0.8501, distal recall: 0.8740
epoch: 101, iter: 2840/3251, distal-aware loss: 0.2938, lumen dice: 0.9397, wall dice: 0.8501, distal recall: 0.8740
epoch: 101, iter: 2850/3251, distal-aware loss: 0.2937, lumen dice: 0.9398, wall dice: 0.8502, distal recall: 0.8740
epoch: 101, iter: 2860/3251, distal-aware loss: 0.2937, lumen dice: 0.9398, wall dice: 0.8502, distal recall: 0.8740
epoch: 101, iter: 2870/3251, distal-aware loss: 0.2938, lumen dice: 0.9398, wall dice: 0.8501, distal recall: 0.8740
epoch: 101, iter: 2880/3251, distal-aware loss: 0.2937, lumen dice: 0.9398, wall dice: 0.8502, distal recall: 0.8741
epoch: 101, iter: 2890/3251, distal-aware loss: 0.2937, lumen dice: 0.9398, wall dice: 0.8501, distal recall: 0.8741
epoch: 101, iter: 2900/3251, distal-aware loss: 0.2939, lumen dice: 0.9398, wall dice: 0.8500, distal recall: 0.8741
epoch: 101, iter: 2910/3251, distal-aware loss: 0.2939, lumen dice: 0.9397, wall dice: 0.8500, distal recall: 0.8741
epoch: 101, iter: 2920/3251, distal-aware loss: 0.2939, lumen dice: 0.9397, wall dice: 0.8500, distal recall: 0.8741
epoch: 101, iter: 2930/3251, distal-aware loss: 0.2940, lumen dice: 0.9397, wall dice: 0.8500, distal recall: 0.8740
epoch: 101, iter: 2940/3251, distal-aware loss: 0.2939, lumen dice: 0.9398, wall dice: 0.8500, distal recall: 0.8740
epoch: 101, iter: 2950/3251, distal-aware loss: 0.2939, lumen dice: 0.9398, wall dice: 0.8501, distal recall: 0.8740
epoch: 101, iter: 2960/3251, distal-aware loss: 0.2939, lumen dice: 0.9398, wall dice: 0.8501, distal recall: 0.8740
epoch: 101, iter: 2970/3251, distal-aware loss: 0.2940, lumen dice: 0.9398, wall dice: 0.8501, distal recall: 0.8740
epoch: 101, iter: 2980/3251, distal-aware loss: 0.2939, lumen dice: 0.9398, wall dice: 0.8501, distal recall: 0.8740
epoch: 101, iter: 2990/3251, distal-aware loss: 0.2940, lumen dice: 0.9398, wall dice: 0.8500, distal recall: 0.8741
epoch: 101, iter: 3000/3251, distal-aware loss: 0.2941, lumen dice: 0.9398, wall dice: 0.8500, distal recall: 0.8740
epoch: 101, iter: 3010/3251, distal-aware loss: 0.2940, lumen dice: 0.9397, wall dice: 0.8500, distal recall: 0.8740
epoch: 101, iter: 3020/3251, distal-aware loss: 0.2940, lumen dice: 0.9397, wall dice: 0.8500, distal recall: 0.8740
epoch: 101, iter: 3030/3251, distal-aware loss: 0.2941, lumen dice: 0.9397, wall dice: 0.8500, distal recall: 0.8741
epoch: 101, iter: 3040/3251, distal-aware loss: 0.2941, lumen dice: 0.9397, wall dice: 0.8501, distal recall: 0.8740
epoch: 101, iter: 3050/3251, distal-aware loss: 0.2940, lumen dice: 0.9398, wall dice: 0.8501, distal recall: 0.8741
epoch: 101, iter: 3060/3251, distal-aware loss: 0.2940, lumen dice: 0.9398, wall dice: 0.8501, distal recall: 0.8741
epoch: 101, iter: 3070/3251, distal-aware loss: 0.2939, lumen dice: 0.9398, wall dice: 0.8501, distal recall: 0.8741
epoch: 101, iter: 3080/3251, distal-aware loss: 0.2939, lumen dice: 0.9398, wall dice: 0.8501, distal recall: 0.8742
epoch: 101, iter: 3090/3251, distal-aware loss: 0.2939, lumen dice: 0.9398, wall dice: 0.8502, distal recall: 0.8742
epoch: 101, iter: 3100/3251, distal-aware loss: 0.2938, lumen dice: 0.9399, wall dice: 0.8502, distal recall: 0.8742
epoch: 101, iter: 3110/3251, distal-aware loss: 0.2937, lumen dice: 0.9399, wall dice: 0.8503, distal recall: 0.8743
epoch: 101, iter: 3120/3251, distal-aware loss: 0.2937, lumen dice: 0.9399, wall dice: 0.8503, distal recall: 0.8743
epoch: 101, iter: 3130/3251, distal-aware loss: 0.2937, lumen dice: 0.9399, wall dice: 0.8503, distal recall: 0.8744
epoch: 101, iter: 3140/3251, distal-aware loss: 0.2938, lumen dice: 0.9399, wall dice: 0.8502, distal recall: 0.8744
epoch: 101, iter: 3150/3251, distal-aware loss: 0.2938, lumen dice: 0.9399, wall dice: 0.8502, distal recall: 0.8744
epoch: 101, iter: 3160/3251, distal-aware loss: 0.2936, lumen dice: 0.9399, wall dice: 0.8503, distal recall: 0.8744
epoch: 101, iter: 3170/3251, distal-aware loss: 0.2936, lumen dice: 0.9399, wall dice: 0.8503, distal recall: 0.8745
epoch: 101, iter: 3180/3251, distal-aware loss: 0.2935, lumen dice: 0.9400, wall dice: 0.8503, distal recall: 0.8745
epoch: 101, iter: 3190/3251, distal-aware loss: 0.2936, lumen dice: 0.9400, wall dice: 0.8502, distal recall: 0.8745
epoch: 101, iter: 3200/3251, distal-aware loss: 0.2938, lumen dice: 0.9399, wall dice: 0.8501, distal recall: 0.8745
epoch: 101, iter: 3210/3251, distal-aware loss: 0.2938, lumen dice: 0.9399, wall dice: 0.8501, distal recall: 0.8745
epoch: 101, iter: 3220/3251, distal-aware loss: 0.2938, lumen dice: 0.9399, wall dice: 0.8501, distal recall: 0.8745
epoch: 101, iter: 3230/3251, distal-aware loss: 0.2938, lumen dice: 0.9399, wall dice: 0.8501, distal recall: 0.8745
epoch: 101, iter: 3240/3251, distal-aware loss: 0.2937, lumen dice: 0.9400, wall dice: 0.8502, distal recall: 0.8746
epoch: 101, iter: 3250/3251, distal-aware loss: 0.2936, lumen dice: 0.9400, wall dice: 0.8502, distal recall: 0.8747
epoch: 101, val distal-aware loss: 0.2973, val lumen dice: 0.9470, val wall dice: 0.8741, val distal recall: 0.9187
starting epoch: 102
epoch: 102, iter: 0/3251, distal-aware loss: 0.3037, lumen dice: 0.9304, wall dice: 0.8487, distal recall: 0.9243
epoch: 102, iter: 10/3251, distal-aware loss: 0.2547, lumen dice: 0.9566, wall dice: 0.8799, distal recall: 0.8862
epoch: 102, iter: 20/3251, distal-aware loss: 0.2622, lumen dice: 0.9524, wall dice: 0.8728, distal recall: 0.8800
epoch: 102, iter: 30/3251, distal-aware loss: 0.2621, lumen dice: 0.9534, wall dice: 0.8741, distal recall: 0.8825
epoch: 102, iter: 40/3251, distal-aware loss: 0.2662, lumen dice: 0.9490, wall dice: 0.8712, distal recall: 0.8894
epoch: 102, iter: 50/3251, distal-aware loss: 0.2728, lumen dice: 0.9472, wall dice: 0.8685, distal recall: 0.8875
epoch: 102, iter: 60/3251, distal-aware loss: 0.2721, lumen dice: 0.9479, wall dice: 0.8676, distal recall: 0.8898
epoch: 102, iter: 70/3251, distal-aware loss: 0.2708, lumen dice: 0.9488, wall dice: 0.8694, distal recall: 0.8906
epoch: 102, iter: 80/3251, distal-aware loss: 0.2698, lumen dice: 0.9492, wall dice: 0.8695, distal recall: 0.8922
epoch: 102, iter: 90/3251, distal-aware loss: 0.2717, lumen dice: 0.9494, wall dice: 0.8654, distal recall: 0.8897
epoch: 102, iter: 100/3251, distal-aware loss: 0.2840, lumen dice: 0.9406, wall dice: 0.8580, distal recall: 0.8868
epoch: 102, iter: 110/3251, distal-aware loss: 0.2884, lumen dice: 0.9396, wall dice: 0.8540, distal recall: 0.8801
epoch: 102, iter: 120/3251, distal-aware loss: 0.2891, lumen dice: 0.9400, wall dice: 0.8531, distal recall: 0.8790
epoch: 102, iter: 130/3251, distal-aware loss: 0.2874, lumen dice: 0.9411, wall dice: 0.8545, distal recall: 0.8783
epoch: 102, iter: 140/3251, distal-aware loss: 0.2884, lumen dice: 0.9419, wall dice: 0.8529, distal recall: 0.8770
epoch: 102, iter: 150/3251, distal-aware loss: 0.2890, lumen dice: 0.9413, wall dice: 0.8526, distal recall: 0.8772
epoch: 102, iter: 160/3251, distal-aware loss: 0.2887, lumen dice: 0.9419, wall dice: 0.8533, distal recall: 0.8762
epoch: 102, iter: 170/3251, distal-aware loss: 0.2887, lumen dice: 0.9413, wall dice: 0.8531, distal recall: 0.8771
epoch: 102, iter: 180/3251, distal-aware loss: 0.2882, lumen dice: 0.9418, wall dice: 0.8535, distal recall: 0.8774
epoch: 102, iter: 190/3251, distal-aware loss: 0.2878, lumen dice: 0.9421, wall dice: 0.8541, distal recall: 0.8774
epoch: 102, iter: 200/3251, distal-aware loss: 0.2866, lumen dice: 0.9427, wall dice: 0.8546, distal recall: 0.8788
epoch: 102, iter: 210/3251, distal-aware loss: 0.2860, lumen dice: 0.9430, wall dice: 0.8555, distal recall: 0.8792
epoch: 102, iter: 220/3251, distal-aware loss: 0.2871, lumen dice: 0.9430, wall dice: 0.8551, distal recall: 0.8786
epoch: 102, iter: 230/3251, distal-aware loss: 0.2863, lumen dice: 0.9433, wall dice: 0.8551, distal recall: 0.8789
epoch: 102, iter: 240/3251, distal-aware loss: 0.2867, lumen dice: 0.9433, wall dice: 0.8555, distal recall: 0.8782
epoch: 102, iter: 250/3251, distal-aware loss: 0.2867, lumen dice: 0.9430, wall dice: 0.8551, distal recall: 0.8783
epoch: 102, iter: 260/3251, distal-aware loss: 0.2875, lumen dice: 0.9428, wall dice: 0.8548, distal recall: 0.8770
epoch: 102, iter: 270/3251, distal-aware loss: 0.2880, lumen dice: 0.9430, wall dice: 0.8546, distal recall: 0.8770
epoch: 102, iter: 280/3251, distal-aware loss: 0.2873, lumen dice: 0.9434, wall dice: 0.8548, distal recall: 0.8770
epoch: 102, iter: 290/3251, distal-aware loss: 0.2873, lumen dice: 0.9436, wall dice: 0.8551, distal recall: 0.8769
epoch: 102, iter: 300/3251, distal-aware loss: 0.2867, lumen dice: 0.9435, wall dice: 0.8556, distal recall: 0.8777
epoch: 102, iter: 310/3251, distal-aware loss: 0.2877, lumen dice: 0.9435, wall dice: 0.8552, distal recall: 0.8766
epoch: 102, iter: 320/3251, distal-aware loss: 0.2866, lumen dice: 0.9439, wall dice: 0.8557, distal recall: 0.8771
epoch: 102, iter: 330/3251, distal-aware loss: 0.2863, lumen dice: 0.9434, wall dice: 0.8560, distal recall: 0.8771
epoch: 102, iter: 340/3251, distal-aware loss: 0.2867, lumen dice: 0.9436, wall dice: 0.8558, distal recall: 0.8773
epoch: 102, iter: 350/3251, distal-aware loss: 0.2877, lumen dice: 0.9434, wall dice: 0.8552, distal recall: 0.8766
epoch: 102, iter: 360/3251, distal-aware loss: 0.2876, lumen dice: 0.9435, wall dice: 0.8554, distal recall: 0.8769
epoch: 102, iter: 370/3251, distal-aware loss: 0.2881, lumen dice: 0.9431, wall dice: 0.8550, distal recall: 0.8766
epoch: 102, iter: 380/3251, distal-aware loss: 0.2878, lumen dice: 0.9434, wall dice: 0.8553, distal recall: 0.8764
epoch: 102, iter: 390/3251, distal-aware loss: 0.2872, lumen dice: 0.9434, wall dice: 0.8556, distal recall: 0.8771
epoch: 102, iter: 400/3251, distal-aware loss: 0.2869, lumen dice: 0.9436, wall dice: 0.8558, distal recall: 0.8771
epoch: 102, iter: 410/3251, distal-aware loss: 0.2869, lumen dice: 0.9436, wall dice: 0.8557, distal recall: 0.8775
epoch: 102, iter: 420/3251, distal-aware loss: 0.2858, lumen dice: 0.9438, wall dice: 0.8564, distal recall: 0.8777
epoch: 102, iter: 430/3251, distal-aware loss: 0.2852, lumen dice: 0.9440, wall dice: 0.8566, distal recall: 0.8779
epoch: 102, iter: 440/3251, distal-aware loss: 0.2859, lumen dice: 0.9437, wall dice: 0.8564, distal recall: 0.8776
epoch: 102, iter: 450/3251, distal-aware loss: 0.2855, lumen dice: 0.9440, wall dice: 0.8565, distal recall: 0.8781
epoch: 102, iter: 460/3251, distal-aware loss: 0.2850, lumen dice: 0.9442, wall dice: 0.8567, distal recall: 0.8781
epoch: 102, iter: 470/3251, distal-aware loss: 0.2853, lumen dice: 0.9441, wall dice: 0.8564, distal recall: 0.8779
epoch: 102, iter: 480/3251, distal-aware loss: 0.2849, lumen dice: 0.9443, wall dice: 0.8567, distal recall: 0.8781
epoch: 102, iter: 490/3251, distal-aware loss: 0.2853, lumen dice: 0.9442, wall dice: 0.8564, distal recall: 0.8784
epoch: 102, iter: 500/3251, distal-aware loss: 0.2856, lumen dice: 0.9438, wall dice: 0.8564, distal recall: 0.8785
epoch: 102, iter: 510/3251, distal-aware loss: 0.2855, lumen dice: 0.9441, wall dice: 0.8561, distal recall: 0.8783
epoch: 102, iter: 520/3251, distal-aware loss: 0.2854, lumen dice: 0.9442, wall dice: 0.8563, distal recall: 0.8785
epoch: 102, iter: 530/3251, distal-aware loss: 0.2856, lumen dice: 0.9440, wall dice: 0.8562, distal recall: 0.8782
epoch: 102, iter: 540/3251, distal-aware loss: 0.2851, lumen dice: 0.9443, wall dice: 0.8564, distal recall: 0.8783
epoch: 102, iter: 550/3251, distal-aware loss: 0.2852, lumen dice: 0.9443, wall dice: 0.8562, distal recall: 0.8782
epoch: 102, iter: 560/3251, distal-aware loss: 0.2861, lumen dice: 0.9442, wall dice: 0.8561, distal recall: 0.8779
epoch: 102, iter: 570/3251, distal-aware loss: 0.2859, lumen dice: 0.9443, wall dice: 0.8561, distal recall: 0.8777
epoch: 102, iter: 580/3251, distal-aware loss: 0.2857, lumen dice: 0.9445, wall dice: 0.8563, distal recall: 0.8778
epoch: 102, iter: 590/3251, distal-aware loss: 0.2854, lumen dice: 0.9445, wall dice: 0.8564, distal recall: 0.8778
epoch: 102, iter: 600/3251, distal-aware loss: 0.2853, lumen dice: 0.9446, wall dice: 0.8564, distal recall: 0.8777
epoch: 102, iter: 610/3251, distal-aware loss: 0.2853, lumen dice: 0.9447, wall dice: 0.8564, distal recall: 0.8778
epoch: 102, iter: 620/3251, distal-aware loss: 0.2851, lumen dice: 0.9448, wall dice: 0.8562, distal recall: 0.8781
epoch: 102, iter: 630/3251, distal-aware loss: 0.2853, lumen dice: 0.9448, wall dice: 0.8563, distal recall: 0.8780
epoch: 102, iter: 640/3251, distal-aware loss: 0.2850, lumen dice: 0.9448, wall dice: 0.8564, distal recall: 0.8784
epoch: 102, iter: 650/3251, distal-aware loss: 0.2845, lumen dice: 0.9449, wall dice: 0.8566, distal recall: 0.8787
epoch: 102, iter: 660/3251, distal-aware loss: 0.2848, lumen dice: 0.9450, wall dice: 0.8567, distal recall: 0.8784
epoch: 102, iter: 670/3251, distal-aware loss: 0.2861, lumen dice: 0.9441, wall dice: 0.8556, distal recall: 0.8779
epoch: 102, iter: 680/3251, distal-aware loss: 0.2874, lumen dice: 0.9430, wall dice: 0.8545, distal recall: 0.8774
epoch: 102, iter: 690/3251, distal-aware loss: 0.2880, lumen dice: 0.9427, wall dice: 0.8539, distal recall: 0.8773
epoch: 102, iter: 700/3251, distal-aware loss: 0.2881, lumen dice: 0.9426, wall dice: 0.8537, distal recall: 0.8771
epoch: 102, iter: 710/3251, distal-aware loss: 0.2891, lumen dice: 0.9423, wall dice: 0.8531, distal recall: 0.8767
epoch: 102, iter: 720/3251, distal-aware loss: 0.2899, lumen dice: 0.9420, wall dice: 0.8526, distal recall: 0.8763
epoch: 102, iter: 730/3251, distal-aware loss: 0.2900, lumen dice: 0.9420, wall dice: 0.8522, distal recall: 0.8762
epoch: 102, iter: 740/3251, distal-aware loss: 0.2902, lumen dice: 0.9418, wall dice: 0.8520, distal recall: 0.8763
epoch: 102, iter: 750/3251, distal-aware loss: 0.2904, lumen dice: 0.9418, wall dice: 0.8520, distal recall: 0.8759
epoch: 102, iter: 760/3251, distal-aware loss: 0.2908, lumen dice: 0.9413, wall dice: 0.8517, distal recall: 0.8760
epoch: 102, iter: 770/3251, distal-aware loss: 0.2911, lumen dice: 0.9413, wall dice: 0.8513, distal recall: 0.8756
epoch: 102, iter: 780/3251, distal-aware loss: 0.2914, lumen dice: 0.9408, wall dice: 0.8510, distal recall: 0.8755
epoch: 102, iter: 790/3251, distal-aware loss: 0.2917, lumen dice: 0.9409, wall dice: 0.8510, distal recall: 0.8751
epoch: 102, iter: 800/3251, distal-aware loss: 0.2920, lumen dice: 0.9408, wall dice: 0.8508, distal recall: 0.8751
epoch: 102, iter: 810/3251, distal-aware loss: 0.2921, lumen dice: 0.9409, wall dice: 0.8505, distal recall: 0.8752
epoch: 102, iter: 820/3251, distal-aware loss: 0.2923, lumen dice: 0.9409, wall dice: 0.8503, distal recall: 0.8747
epoch: 102, iter: 830/3251, distal-aware loss: 0.2921, lumen dice: 0.9409, wall dice: 0.8504, distal recall: 0.8747
epoch: 102, iter: 840/3251, distal-aware loss: 0.2919, lumen dice: 0.9410, wall dice: 0.8505, distal recall: 0.8749
epoch: 102, iter: 850/3251, distal-aware loss: 0.2919, lumen dice: 0.9409, wall dice: 0.8504, distal recall: 0.8750
epoch: 102, iter: 860/3251, distal-aware loss: 0.2915, lumen dice: 0.9411, wall dice: 0.8507, distal recall: 0.8752
epoch: 102, iter: 870/3251, distal-aware loss: 0.2916, lumen dice: 0.9411, wall dice: 0.8507, distal recall: 0.8751
epoch: 102, iter: 880/3251, distal-aware loss: 0.2918, lumen dice: 0.9411, wall dice: 0.8508, distal recall: 0.8749
epoch: 102, iter: 890/3251, distal-aware loss: 0.2922, lumen dice: 0.9407, wall dice: 0.8503, distal recall: 0.8749
epoch: 102, iter: 900/3251, distal-aware loss: 0.2922, lumen dice: 0.9407, wall dice: 0.8504, distal recall: 0.8748
epoch: 102, iter: 910/3251, distal-aware loss: 0.2922, lumen dice: 0.9407, wall dice: 0.8504, distal recall: 0.8749
epoch: 102, iter: 920/3251, distal-aware loss: 0.2924, lumen dice: 0.9403, wall dice: 0.8504, distal recall: 0.8749
epoch: 102, iter: 930/3251, distal-aware loss: 0.2921, lumen dice: 0.9404, wall dice: 0.8505, distal recall: 0.8747
epoch: 102, iter: 940/3251, distal-aware loss: 0.2921, lumen dice: 0.9404, wall dice: 0.8505, distal recall: 0.8748
epoch: 102, iter: 950/3251, distal-aware loss: 0.2921, lumen dice: 0.9404, wall dice: 0.8505, distal recall: 0.8750
epoch: 102, iter: 960/3251, distal-aware loss: 0.2921, lumen dice: 0.9404, wall dice: 0.8505, distal recall: 0.8751
epoch: 102, iter: 970/3251, distal-aware loss: 0.2918, lumen dice: 0.9405, wall dice: 0.8507, distal recall: 0.8753
epoch: 102, iter: 980/3251, distal-aware loss: 0.2916, lumen dice: 0.9404, wall dice: 0.8508, distal recall: 0.8755
epoch: 102, iter: 990/3251, distal-aware loss: 0.2918, lumen dice: 0.9402, wall dice: 0.8508, distal recall: 0.8755
epoch: 102, iter: 1000/3251, distal-aware loss: 0.2919, lumen dice: 0.9402, wall dice: 0.8507, distal recall: 0.8755
epoch: 102, iter: 1010/3251, distal-aware loss: 0.2921, lumen dice: 0.9401, wall dice: 0.8507, distal recall: 0.8754
epoch: 102, iter: 1020/3251, distal-aware loss: 0.2918, lumen dice: 0.9402, wall dice: 0.8508, distal recall: 0.8757
epoch: 102, iter: 1030/3251, distal-aware loss: 0.2917, lumen dice: 0.9402, wall dice: 0.8510, distal recall: 0.8758
epoch: 102, iter: 1040/3251, distal-aware loss: 0.2916, lumen dice: 0.9402, wall dice: 0.8510, distal recall: 0.8758
epoch: 102, iter: 1050/3251, distal-aware loss: 0.2918, lumen dice: 0.9402, wall dice: 0.8509, distal recall: 0.8758
epoch: 102, iter: 1060/3251, distal-aware loss: 0.2917, lumen dice: 0.9403, wall dice: 0.8510, distal recall: 0.8760
epoch: 102, iter: 1070/3251, distal-aware loss: 0.2917, lumen dice: 0.9402, wall dice: 0.8511, distal recall: 0.8761
epoch: 102, iter: 1080/3251, distal-aware loss: 0.2917, lumen dice: 0.9402, wall dice: 0.8511, distal recall: 0.8760
epoch: 102, iter: 1090/3251, distal-aware loss: 0.2916, lumen dice: 0.9403, wall dice: 0.8511, distal recall: 0.8760
epoch: 102, iter: 1100/3251, distal-aware loss: 0.2915, lumen dice: 0.9404, wall dice: 0.8512, distal recall: 0.8759
epoch: 102, iter: 1110/3251, distal-aware loss: 0.2915, lumen dice: 0.9404, wall dice: 0.8513, distal recall: 0.8762
epoch: 102, iter: 1120/3251, distal-aware loss: 0.2914, lumen dice: 0.9406, wall dice: 0.8513, distal recall: 0.8760
epoch: 102, iter: 1130/3251, distal-aware loss: 0.2916, lumen dice: 0.9405, wall dice: 0.8512, distal recall: 0.8760
epoch: 102, iter: 1140/3251, distal-aware loss: 0.2916, lumen dice: 0.9405, wall dice: 0.8512, distal recall: 0.8761
epoch: 102, iter: 1150/3251, distal-aware loss: 0.2919, lumen dice: 0.9404, wall dice: 0.8512, distal recall: 0.8759
epoch: 102, iter: 1160/3251, distal-aware loss: 0.2920, lumen dice: 0.9403, wall dice: 0.8511, distal recall: 0.8760
epoch: 102, iter: 1170/3251, distal-aware loss: 0.2918, lumen dice: 0.9404, wall dice: 0.8512, distal recall: 0.8760
epoch: 102, iter: 1180/3251, distal-aware loss: 0.2917, lumen dice: 0.9405, wall dice: 0.8513, distal recall: 0.8762
epoch: 102, iter: 1190/3251, distal-aware loss: 0.2918, lumen dice: 0.9405, wall dice: 0.8512, distal recall: 0.8762
epoch: 102, iter: 1200/3251, distal-aware loss: 0.2919, lumen dice: 0.9405, wall dice: 0.8513, distal recall: 0.8762
epoch: 102, iter: 1210/3251, distal-aware loss: 0.2919, lumen dice: 0.9405, wall dice: 0.8513, distal recall: 0.8763
epoch: 102, iter: 1220/3251, distal-aware loss: 0.2918, lumen dice: 0.9405, wall dice: 0.8513, distal recall: 0.8763
epoch: 102, iter: 1230/3251, distal-aware loss: 0.2919, lumen dice: 0.9405, wall dice: 0.8513, distal recall: 0.8764
epoch: 102, iter: 1240/3251, distal-aware loss: 0.2921, lumen dice: 0.9404, wall dice: 0.8512, distal recall: 0.8760
epoch: 102, iter: 1250/3251, distal-aware loss: 0.2923, lumen dice: 0.9403, wall dice: 0.8511, distal recall: 0.8761
epoch: 102, iter: 1260/3251, distal-aware loss: 0.2924, lumen dice: 0.9403, wall dice: 0.8511, distal recall: 0.8759
epoch: 102, iter: 1270/3251, distal-aware loss: 0.2924, lumen dice: 0.9403, wall dice: 0.8511, distal recall: 0.8760
epoch: 102, iter: 1280/3251, distal-aware loss: 0.2923, lumen dice: 0.9404, wall dice: 0.8512, distal recall: 0.8761
epoch: 102, iter: 1290/3251, distal-aware loss: 0.2924, lumen dice: 0.9402, wall dice: 0.8513, distal recall: 0.8761
epoch: 102, iter: 1300/3251, distal-aware loss: 0.2924, lumen dice: 0.9402, wall dice: 0.8513, distal recall: 0.8763
epoch: 102, iter: 1310/3251, distal-aware loss: 0.2925, lumen dice: 0.9402, wall dice: 0.8513, distal recall: 0.8762
epoch: 102, iter: 1320/3251, distal-aware loss: 0.2924, lumen dice: 0.9402, wall dice: 0.8513, distal recall: 0.8762
epoch: 102, iter: 1330/3251, distal-aware loss: 0.2926, lumen dice: 0.9402, wall dice: 0.8510, distal recall: 0.8759
epoch: 102, iter: 1340/3251, distal-aware loss: 0.2925, lumen dice: 0.9402, wall dice: 0.8511, distal recall: 0.8761
epoch: 102, iter: 1350/3251, distal-aware loss: 0.2924, lumen dice: 0.9402, wall dice: 0.8512, distal recall: 0.8760
epoch: 102, iter: 1360/3251, distal-aware loss: 0.2920, lumen dice: 0.9403, wall dice: 0.8513, distal recall: 0.8762
epoch: 102, iter: 1370/3251, distal-aware loss: 0.2923, lumen dice: 0.9403, wall dice: 0.8512, distal recall: 0.8761
epoch: 102, iter: 1380/3251, distal-aware loss: 0.2922, lumen dice: 0.9402, wall dice: 0.8513, distal recall: 0.8761
epoch: 102, iter: 1390/3251, distal-aware loss: 0.2926, lumen dice: 0.9401, wall dice: 0.8510, distal recall: 0.8760
epoch: 102, iter: 1400/3251, distal-aware loss: 0.2925, lumen dice: 0.9403, wall dice: 0.8510, distal recall: 0.8760
epoch: 102, iter: 1410/3251, distal-aware loss: 0.2927, lumen dice: 0.9402, wall dice: 0.8508, distal recall: 0.8760
epoch: 102, iter: 1420/3251, distal-aware loss: 0.2925, lumen dice: 0.9403, wall dice: 0.8509, distal recall: 0.8761
epoch: 102, iter: 1430/3251, distal-aware loss: 0.2926, lumen dice: 0.9402, wall dice: 0.8509, distal recall: 0.8761
epoch: 102, iter: 1440/3251, distal-aware loss: 0.2924, lumen dice: 0.9402, wall dice: 0.8511, distal recall: 0.8763
epoch: 102, iter: 1450/3251, distal-aware loss: 0.2924, lumen dice: 0.9402, wall dice: 0.8512, distal recall: 0.8762
epoch: 102, iter: 1460/3251, distal-aware loss: 0.2922, lumen dice: 0.9403, wall dice: 0.8514, distal recall: 0.8763
epoch: 102, iter: 1470/3251, distal-aware loss: 0.2921, lumen dice: 0.9404, wall dice: 0.8514, distal recall: 0.8763
epoch: 102, iter: 1480/3251, distal-aware loss: 0.2919, lumen dice: 0.9404, wall dice: 0.8516, distal recall: 0.8765
epoch: 102, iter: 1490/3251, distal-aware loss: 0.2917, lumen dice: 0.9405, wall dice: 0.8517, distal recall: 0.8765
epoch: 102, iter: 1500/3251, distal-aware loss: 0.2915, lumen dice: 0.9406, wall dice: 0.8518, distal recall: 0.8767
epoch: 102, iter: 1510/3251, distal-aware loss: 0.2916, lumen dice: 0.9406, wall dice: 0.8518, distal recall: 0.8767
epoch: 102, iter: 1520/3251, distal-aware loss: 0.2916, lumen dice: 0.9406, wall dice: 0.8519, distal recall: 0.8767
epoch: 102, iter: 1530/3251, distal-aware loss: 0.2914, lumen dice: 0.9407, wall dice: 0.8520, distal recall: 0.8768
epoch: 102, iter: 1540/3251, distal-aware loss: 0.2913, lumen dice: 0.9408, wall dice: 0.8521, distal recall: 0.8768
epoch: 102, iter: 1550/3251, distal-aware loss: 0.2914, lumen dice: 0.9407, wall dice: 0.8520, distal recall: 0.8769
epoch: 102, iter: 1560/3251, distal-aware loss: 0.2917, lumen dice: 0.9406, wall dice: 0.8518, distal recall: 0.8769
epoch: 102, iter: 1570/3251, distal-aware loss: 0.2915, lumen dice: 0.9407, wall dice: 0.8520, distal recall: 0.8769
epoch: 102, iter: 1580/3251, distal-aware loss: 0.2915, lumen dice: 0.9408, wall dice: 0.8520, distal recall: 0.8768
epoch: 102, iter: 1590/3251, distal-aware loss: 0.2914, lumen dice: 0.9408, wall dice: 0.8521, distal recall: 0.8770
epoch: 102, iter: 1600/3251, distal-aware loss: 0.2912, lumen dice: 0.9409, wall dice: 0.8522, distal recall: 0.8771
epoch: 102, iter: 1610/3251, distal-aware loss: 0.2913, lumen dice: 0.9409, wall dice: 0.8522, distal recall: 0.8770
epoch: 102, iter: 1620/3251, distal-aware loss: 0.2911, lumen dice: 0.9409, wall dice: 0.8523, distal recall: 0.8772
epoch: 102, iter: 1630/3251, distal-aware loss: 0.2911, lumen dice: 0.9409, wall dice: 0.8522, distal recall: 0.8772
epoch: 102, iter: 1640/3251, distal-aware loss: 0.2913, lumen dice: 0.9409, wall dice: 0.8522, distal recall: 0.8771
epoch: 102, iter: 1650/3251, distal-aware loss: 0.2913, lumen dice: 0.9409, wall dice: 0.8522, distal recall: 0.8772
epoch: 102, iter: 1660/3251, distal-aware loss: 0.2913, lumen dice: 0.9410, wall dice: 0.8522, distal recall: 0.8771
epoch: 102, iter: 1670/3251, distal-aware loss: 0.2912, lumen dice: 0.9409, wall dice: 0.8522, distal recall: 0.8772
epoch: 102, iter: 1680/3251, distal-aware loss: 0.2910, lumen dice: 0.9410, wall dice: 0.8523, distal recall: 0.8772
epoch: 102, iter: 1690/3251, distal-aware loss: 0.2910, lumen dice: 0.9410, wall dice: 0.8523, distal recall: 0.8772
epoch: 102, iter: 1700/3251, distal-aware loss: 0.2909, lumen dice: 0.9410, wall dice: 0.8524, distal recall: 0.8772
epoch: 102, iter: 1710/3251, distal-aware loss: 0.2909, lumen dice: 0.9410, wall dice: 0.8524, distal recall: 0.8772
epoch: 102, iter: 1720/3251, distal-aware loss: 0.2910, lumen dice: 0.9410, wall dice: 0.8524, distal recall: 0.8771
epoch: 102, iter: 1730/3251, distal-aware loss: 0.2910, lumen dice: 0.9410, wall dice: 0.8524, distal recall: 0.8771
epoch: 102, iter: 1740/3251, distal-aware loss: 0.2909, lumen dice: 0.9411, wall dice: 0.8523, distal recall: 0.8772
epoch: 102, iter: 1750/3251, distal-aware loss: 0.2910, lumen dice: 0.9410, wall dice: 0.8524, distal recall: 0.8773
epoch: 102, iter: 1760/3251, distal-aware loss: 0.2911, lumen dice: 0.9410, wall dice: 0.8523, distal recall: 0.8772
epoch: 102, iter: 1770/3251, distal-aware loss: 0.2911, lumen dice: 0.9410, wall dice: 0.8523, distal recall: 0.8771
epoch: 102, iter: 1780/3251, distal-aware loss: 0.2911, lumen dice: 0.9410, wall dice: 0.8523, distal recall: 0.8771
epoch: 102, iter: 1790/3251, distal-aware loss: 0.2912, lumen dice: 0.9410, wall dice: 0.8522, distal recall: 0.8771
epoch: 102, iter: 1800/3251, distal-aware loss: 0.2910, lumen dice: 0.9410, wall dice: 0.8523, distal recall: 0.8772
epoch: 102, iter: 1810/3251, distal-aware loss: 0.2910, lumen dice: 0.9409, wall dice: 0.8524, distal recall: 0.8773
epoch: 102, iter: 1820/3251, distal-aware loss: 0.2909, lumen dice: 0.9410, wall dice: 0.8524, distal recall: 0.8773
epoch: 102, iter: 1830/3251, distal-aware loss: 0.2909, lumen dice: 0.9410, wall dice: 0.8523, distal recall: 0.8773
epoch: 102, iter: 1840/3251, distal-aware loss: 0.2908, lumen dice: 0.9411, wall dice: 0.8524, distal recall: 0.8774
epoch: 102, iter: 1850/3251, distal-aware loss: 0.2910, lumen dice: 0.9410, wall dice: 0.8522, distal recall: 0.8772
epoch: 102, iter: 1860/3251, distal-aware loss: 0.2911, lumen dice: 0.9410, wall dice: 0.8522, distal recall: 0.8772
epoch: 102, iter: 1870/3251, distal-aware loss: 0.2909, lumen dice: 0.9411, wall dice: 0.8523, distal recall: 0.8773
epoch: 102, iter: 1880/3251, distal-aware loss: 0.2906, lumen dice: 0.9412, wall dice: 0.8525, distal recall: 0.8774
epoch: 102, iter: 1890/3251, distal-aware loss: 0.2906, lumen dice: 0.9413, wall dice: 0.8525, distal recall: 0.8774
epoch: 102, iter: 1900/3251, distal-aware loss: 0.2907, lumen dice: 0.9413, wall dice: 0.8524, distal recall: 0.8774
epoch: 102, iter: 1910/3251, distal-aware loss: 0.2907, lumen dice: 0.9412, wall dice: 0.8525, distal recall: 0.8775
epoch: 102, iter: 1920/3251, distal-aware loss: 0.2906, lumen dice: 0.9412, wall dice: 0.8526, distal recall: 0.8776
epoch: 102, iter: 1930/3251, distal-aware loss: 0.2905, lumen dice: 0.9412, wall dice: 0.8526, distal recall: 0.8776
epoch: 102, iter: 1940/3251, distal-aware loss: 0.2905, lumen dice: 0.9412, wall dice: 0.8526, distal recall: 0.8776
epoch: 102, iter: 1950/3251, distal-aware loss: 0.2903, lumen dice: 0.9413, wall dice: 0.8528, distal recall: 0.8776
epoch: 102, iter: 1960/3251, distal-aware loss: 0.2903, lumen dice: 0.9413, wall dice: 0.8528, distal recall: 0.8777
epoch: 102, iter: 1970/3251, distal-aware loss: 0.2904, lumen dice: 0.9412, wall dice: 0.8527, distal recall: 0.8776
epoch: 102, iter: 1980/3251, distal-aware loss: 0.2905, lumen dice: 0.9412, wall dice: 0.8526, distal recall: 0.8777
epoch: 102, iter: 1990/3251, distal-aware loss: 0.2907, lumen dice: 0.9412, wall dice: 0.8524, distal recall: 0.8776
epoch: 102, iter: 2000/3251, distal-aware loss: 0.2909, lumen dice: 0.9410, wall dice: 0.8524, distal recall: 0.8776
epoch: 102, iter: 2010/3251, distal-aware loss: 0.2909, lumen dice: 0.9411, wall dice: 0.8523, distal recall: 0.8777
epoch: 102, iter: 2020/3251, distal-aware loss: 0.2909, lumen dice: 0.9411, wall dice: 0.8522, distal recall: 0.8776
epoch: 102, iter: 2030/3251, distal-aware loss: 0.2909, lumen dice: 0.9411, wall dice: 0.8523, distal recall: 0.8777
epoch: 102, iter: 2040/3251, distal-aware loss: 0.2917, lumen dice: 0.9406, wall dice: 0.8519, distal recall: 0.8772
epoch: 102, iter: 2050/3251, distal-aware loss: 0.2917, lumen dice: 0.9407, wall dice: 0.8519, distal recall: 0.8772
epoch: 102, iter: 2060/3251, distal-aware loss: 0.2920, lumen dice: 0.9405, wall dice: 0.8517, distal recall: 0.8771
epoch: 102, iter: 2070/3251, distal-aware loss: 0.2923, lumen dice: 0.9404, wall dice: 0.8514, distal recall: 0.8769
epoch: 102, iter: 2080/3251, distal-aware loss: 0.2925, lumen dice: 0.9403, wall dice: 0.8513, distal recall: 0.8769
epoch: 102, iter: 2090/3251, distal-aware loss: 0.2926, lumen dice: 0.9403, wall dice: 0.8513, distal recall: 0.8768
epoch: 102, iter: 2100/3251, distal-aware loss: 0.2927, lumen dice: 0.9403, wall dice: 0.8512, distal recall: 0.8767
epoch: 102, iter: 2110/3251, distal-aware loss: 0.2926, lumen dice: 0.9403, wall dice: 0.8513, distal recall: 0.8768
epoch: 102, iter: 2120/3251, distal-aware loss: 0.2927, lumen dice: 0.9403, wall dice: 0.8512, distal recall: 0.8767
epoch: 102, iter: 2130/3251, distal-aware loss: 0.2929, lumen dice: 0.9402, wall dice: 0.8511, distal recall: 0.8765
epoch: 102, iter: 2140/3251, distal-aware loss: 0.2927, lumen dice: 0.9403, wall dice: 0.8511, distal recall: 0.8766
epoch: 102, iter: 2150/3251, distal-aware loss: 0.2926, lumen dice: 0.9403, wall dice: 0.8512, distal recall: 0.8767
epoch: 102, iter: 2160/3251, distal-aware loss: 0.2926, lumen dice: 0.9404, wall dice: 0.8512, distal recall: 0.8766
epoch: 102, iter: 2170/3251, distal-aware loss: 0.2926, lumen dice: 0.9403, wall dice: 0.8512, distal recall: 0.8767
epoch: 102, iter: 2180/3251, distal-aware loss: 0.2927, lumen dice: 0.9403, wall dice: 0.8512, distal recall: 0.8766
epoch: 102, iter: 2190/3251, distal-aware loss: 0.2925, lumen dice: 0.9404, wall dice: 0.8512, distal recall: 0.8767
epoch: 102, iter: 2200/3251, distal-aware loss: 0.2925, lumen dice: 0.9405, wall dice: 0.8513, distal recall: 0.8767
epoch: 102, iter: 2210/3251, distal-aware loss: 0.2924, lumen dice: 0.9405, wall dice: 0.8513, distal recall: 0.8767
epoch: 102, iter: 2220/3251, distal-aware loss: 0.2932, lumen dice: 0.9403, wall dice: 0.8509, distal recall: 0.8760
epoch: 102, iter: 2230/3251, distal-aware loss: 0.2938, lumen dice: 0.9401, wall dice: 0.8506, distal recall: 0.8753
epoch: 102, iter: 2240/3251, distal-aware loss: 0.2942, lumen dice: 0.9401, wall dice: 0.8503, distal recall: 0.8748
epoch: 102, iter: 2250/3251, distal-aware loss: 0.2944, lumen dice: 0.9401, wall dice: 0.8501, distal recall: 0.8746
epoch: 102, iter: 2260/3251, distal-aware loss: 0.2945, lumen dice: 0.9400, wall dice: 0.8500, distal recall: 0.8744
epoch: 102, iter: 2270/3251, distal-aware loss: 0.2947, lumen dice: 0.9400, wall dice: 0.8500, distal recall: 0.8742
epoch: 102, iter: 2280/3251, distal-aware loss: 0.2947, lumen dice: 0.9400, wall dice: 0.8499, distal recall: 0.8742
epoch: 102, iter: 2290/3251, distal-aware loss: 0.2950, lumen dice: 0.9398, wall dice: 0.8497, distal recall: 0.8740
epoch: 102, iter: 2300/3251, distal-aware loss: 0.2951, lumen dice: 0.9398, wall dice: 0.8497, distal recall: 0.8737
epoch: 102, iter: 2310/3251, distal-aware loss: 0.2953, lumen dice: 0.9398, wall dice: 0.8495, distal recall: 0.8735
epoch: 102, iter: 2320/3251, distal-aware loss: 0.2954, lumen dice: 0.9397, wall dice: 0.8495, distal recall: 0.8735
epoch: 102, iter: 2330/3251, distal-aware loss: 0.2955, lumen dice: 0.9397, wall dice: 0.8494, distal recall: 0.8733
epoch: 102, iter: 2340/3251, distal-aware loss: 0.2954, lumen dice: 0.9397, wall dice: 0.8494, distal recall: 0.8733
epoch: 102, iter: 2350/3251, distal-aware loss: 0.2955, lumen dice: 0.9397, wall dice: 0.8493, distal recall: 0.8732
epoch: 102, iter: 2360/3251, distal-aware loss: 0.2956, lumen dice: 0.9397, wall dice: 0.8493, distal recall: 0.8732
epoch: 102, iter: 2370/3251, distal-aware loss: 0.2955, lumen dice: 0.9397, wall dice: 0.8493, distal recall: 0.8732
epoch: 102, iter: 2380/3251, distal-aware loss: 0.2956, lumen dice: 0.9397, wall dice: 0.8493, distal recall: 0.8730
epoch: 102, iter: 2390/3251, distal-aware loss: 0.2956, lumen dice: 0.9398, wall dice: 0.8493, distal recall: 0.8730
epoch: 102, iter: 2400/3251, distal-aware loss: 0.2956, lumen dice: 0.9398, wall dice: 0.8493, distal recall: 0.8730
epoch: 102, iter: 2410/3251, distal-aware loss: 0.2954, lumen dice: 0.9398, wall dice: 0.8493, distal recall: 0.8731
epoch: 102, iter: 2420/3251, distal-aware loss: 0.2954, lumen dice: 0.9399, wall dice: 0.8493, distal recall: 0.8731
epoch: 102, iter: 2430/3251, distal-aware loss: 0.2955, lumen dice: 0.9399, wall dice: 0.8493, distal recall: 0.8731
epoch: 102, iter: 2440/3251, distal-aware loss: 0.2955, lumen dice: 0.9398, wall dice: 0.8493, distal recall: 0.8732
epoch: 102, iter: 2450/3251, distal-aware loss: 0.2953, lumen dice: 0.9399, wall dice: 0.8494, distal recall: 0.8733
epoch: 102, iter: 2460/3251, distal-aware loss: 0.2954, lumen dice: 0.9398, wall dice: 0.8494, distal recall: 0.8732
epoch: 102, iter: 2470/3251, distal-aware loss: 0.2955, lumen dice: 0.9398, wall dice: 0.8494, distal recall: 0.8730
epoch: 102, iter: 2480/3251, distal-aware loss: 0.2955, lumen dice: 0.9398, wall dice: 0.8493, distal recall: 0.8730
epoch: 102, iter: 2490/3251, distal-aware loss: 0.2956, lumen dice: 0.9397, wall dice: 0.8492, distal recall: 0.8730
epoch: 102, iter: 2500/3251, distal-aware loss: 0.2956, lumen dice: 0.9397, wall dice: 0.8493, distal recall: 0.8731
epoch: 102, iter: 2510/3251, distal-aware loss: 0.2957, lumen dice: 0.9397, wall dice: 0.8492, distal recall: 0.8729
epoch: 102, iter: 2520/3251, distal-aware loss: 0.2957, lumen dice: 0.9397, wall dice: 0.8490, distal recall: 0.8730
epoch: 102, iter: 2530/3251, distal-aware loss: 0.2958, lumen dice: 0.9397, wall dice: 0.8489, distal recall: 0.8729
epoch: 102, iter: 2540/3251, distal-aware loss: 0.2959, lumen dice: 0.9397, wall dice: 0.8489, distal recall: 0.8729
epoch: 102, iter: 2550/3251, distal-aware loss: 0.2958, lumen dice: 0.9398, wall dice: 0.8489, distal recall: 0.8729
epoch: 102, iter: 2560/3251, distal-aware loss: 0.2958, lumen dice: 0.9397, wall dice: 0.8489, distal recall: 0.8729
epoch: 102, iter: 2570/3251, distal-aware loss: 0.2958, lumen dice: 0.9397, wall dice: 0.8489, distal recall: 0.8729
epoch: 102, iter: 2580/3251, distal-aware loss: 0.2957, lumen dice: 0.9397, wall dice: 0.8489, distal recall: 0.8729
epoch: 102, iter: 2590/3251, distal-aware loss: 0.2958, lumen dice: 0.9397, wall dice: 0.8489, distal recall: 0.8728
epoch: 102, iter: 2600/3251, distal-aware loss: 0.2957, lumen dice: 0.9398, wall dice: 0.8489, distal recall: 0.8729
epoch: 102, iter: 2610/3251, distal-aware loss: 0.2957, lumen dice: 0.9398, wall dice: 0.8489, distal recall: 0.8729
epoch: 102, iter: 2620/3251, distal-aware loss: 0.2957, lumen dice: 0.9398, wall dice: 0.8490, distal recall: 0.8730
epoch: 102, iter: 2630/3251, distal-aware loss: 0.2957, lumen dice: 0.9398, wall dice: 0.8490, distal recall: 0.8730
epoch: 102, iter: 2640/3251, distal-aware loss: 0.2957, lumen dice: 0.9398, wall dice: 0.8490, distal recall: 0.8730
epoch: 102, iter: 2650/3251, distal-aware loss: 0.2956, lumen dice: 0.9398, wall dice: 0.8490, distal recall: 0.8731
epoch: 102, iter: 2660/3251, distal-aware loss: 0.2957, lumen dice: 0.9398, wall dice: 0.8490, distal recall: 0.8730
epoch: 102, iter: 2670/3251, distal-aware loss: 0.2957, lumen dice: 0.9398, wall dice: 0.8490, distal recall: 0.8731
epoch: 102, iter: 2680/3251, distal-aware loss: 0.2956, lumen dice: 0.9399, wall dice: 0.8491, distal recall: 0.8731
epoch: 102, iter: 2690/3251, distal-aware loss: 0.2956, lumen dice: 0.9398, wall dice: 0.8491, distal recall: 0.8732
epoch: 102, iter: 2700/3251, distal-aware loss: 0.2957, lumen dice: 0.9399, wall dice: 0.8489, distal recall: 0.8731
epoch: 102, iter: 2710/3251, distal-aware loss: 0.2958, lumen dice: 0.9399, wall dice: 0.8490, distal recall: 0.8730
epoch: 102, iter: 2720/3251, distal-aware loss: 0.2957, lumen dice: 0.9399, wall dice: 0.8490, distal recall: 0.8730
epoch: 102, iter: 2730/3251, distal-aware loss: 0.2957, lumen dice: 0.9399, wall dice: 0.8489, distal recall: 0.8730
epoch: 102, iter: 2740/3251, distal-aware loss: 0.2958, lumen dice: 0.9399, wall dice: 0.8489, distal recall: 0.8729
epoch: 102, iter: 2750/3251, distal-aware loss: 0.2959, lumen dice: 0.9399, wall dice: 0.8488, distal recall: 0.8729
epoch: 102, iter: 2760/3251, distal-aware loss: 0.2958, lumen dice: 0.9400, wall dice: 0.8488, distal recall: 0.8729
epoch: 102, iter: 2770/3251, distal-aware loss: 0.2957, lumen dice: 0.9399, wall dice: 0.8489, distal recall: 0.8730
epoch: 102, iter: 2780/3251, distal-aware loss: 0.2956, lumen dice: 0.9399, wall dice: 0.8489, distal recall: 0.8730
epoch: 102, iter: 2790/3251, distal-aware loss: 0.2956, lumen dice: 0.9400, wall dice: 0.8489, distal recall: 0.8730
epoch: 102, iter: 2800/3251, distal-aware loss: 0.2955, lumen dice: 0.9400, wall dice: 0.8489, distal recall: 0.8731
epoch: 102, iter: 2810/3251, distal-aware loss: 0.2955, lumen dice: 0.9400, wall dice: 0.8489, distal recall: 0.8730
epoch: 102, iter: 2820/3251, distal-aware loss: 0.2954, lumen dice: 0.9400, wall dice: 0.8490, distal recall: 0.8731
epoch: 102, iter: 2830/3251, distal-aware loss: 0.2953, lumen dice: 0.9401, wall dice: 0.8491, distal recall: 0.8731
epoch: 102, iter: 2840/3251, distal-aware loss: 0.2953, lumen dice: 0.9401, wall dice: 0.8491, distal recall: 0.8731
epoch: 102, iter: 2850/3251, distal-aware loss: 0.2954, lumen dice: 0.9401, wall dice: 0.8491, distal recall: 0.8731
epoch: 102, iter: 2860/3251, distal-aware loss: 0.2953, lumen dice: 0.9401, wall dice: 0.8491, distal recall: 0.8731
epoch: 102, iter: 2870/3251, distal-aware loss: 0.2953, lumen dice: 0.9401, wall dice: 0.8491, distal recall: 0.8730
epoch: 102, iter: 2880/3251, distal-aware loss: 0.2954, lumen dice: 0.9400, wall dice: 0.8491, distal recall: 0.8731
epoch: 102, iter: 2890/3251, distal-aware loss: 0.2954, lumen dice: 0.9400, wall dice: 0.8490, distal recall: 0.8729
epoch: 102, iter: 2900/3251, distal-aware loss: 0.2954, lumen dice: 0.9400, wall dice: 0.8490, distal recall: 0.8730
epoch: 102, iter: 2910/3251, distal-aware loss: 0.2953, lumen dice: 0.9400, wall dice: 0.8490, distal recall: 0.8730
epoch: 102, iter: 2920/3251, distal-aware loss: 0.2953, lumen dice: 0.9400, wall dice: 0.8490, distal recall: 0.8730
epoch: 102, iter: 2930/3251, distal-aware loss: 0.2952, lumen dice: 0.9400, wall dice: 0.8491, distal recall: 0.8731
epoch: 102, iter: 2940/3251, distal-aware loss: 0.2952, lumen dice: 0.9401, wall dice: 0.8491, distal recall: 0.8730
epoch: 102, iter: 2950/3251, distal-aware loss: 0.2953, lumen dice: 0.9401, wall dice: 0.8491, distal recall: 0.8729
epoch: 102, iter: 2960/3251, distal-aware loss: 0.2952, lumen dice: 0.9401, wall dice: 0.8491, distal recall: 0.8730
epoch: 102, iter: 2970/3251, distal-aware loss: 0.2952, lumen dice: 0.9401, wall dice: 0.8491, distal recall: 0.8729
epoch: 102, iter: 2980/3251, distal-aware loss: 0.2952, lumen dice: 0.9401, wall dice: 0.8492, distal recall: 0.8730
epoch: 102, iter: 2990/3251, distal-aware loss: 0.2952, lumen dice: 0.9401, wall dice: 0.8492, distal recall: 0.8730
epoch: 102, iter: 3000/3251, distal-aware loss: 0.2953, lumen dice: 0.9401, wall dice: 0.8491, distal recall: 0.8730
epoch: 102, iter: 3010/3251, distal-aware loss: 0.2956, lumen dice: 0.9400, wall dice: 0.8490, distal recall: 0.8728
epoch: 102, iter: 3020/3251, distal-aware loss: 0.2958, lumen dice: 0.9399, wall dice: 0.8489, distal recall: 0.8727
epoch: 102, iter: 3030/3251, distal-aware loss: 0.2958, lumen dice: 0.9399, wall dice: 0.8489, distal recall: 0.8727
epoch: 102, iter: 3040/3251, distal-aware loss: 0.2959, lumen dice: 0.9399, wall dice: 0.8488, distal recall: 0.8726
epoch: 102, iter: 3050/3251, distal-aware loss: 0.2959, lumen dice: 0.9397, wall dice: 0.8487, distal recall: 0.8727
epoch: 102, iter: 3060/3251, distal-aware loss: 0.2960, lumen dice: 0.9398, wall dice: 0.8487, distal recall: 0.8726
epoch: 102, iter: 3070/3251, distal-aware loss: 0.2960, lumen dice: 0.9398, wall dice: 0.8487, distal recall: 0.8726
epoch: 102, iter: 3080/3251, distal-aware loss: 0.2959, lumen dice: 0.9397, wall dice: 0.8488, distal recall: 0.8727
epoch: 102, iter: 3090/3251, distal-aware loss: 0.2959, lumen dice: 0.9397, wall dice: 0.8488, distal recall: 0.8727
epoch: 102, iter: 3100/3251, distal-aware loss: 0.2966, lumen dice: 0.9394, wall dice: 0.8484, distal recall: 0.8728
epoch: 102, iter: 3110/3251, distal-aware loss: 0.2966, lumen dice: 0.9393, wall dice: 0.8485, distal recall: 0.8726
epoch: 102, iter: 3120/3251, distal-aware loss: 0.2967, lumen dice: 0.9393, wall dice: 0.8484, distal recall: 0.8725
epoch: 102, iter: 3130/3251, distal-aware loss: 0.2968, lumen dice: 0.9392, wall dice: 0.8484, distal recall: 0.8725
epoch: 102, iter: 3140/3251, distal-aware loss: 0.2967, lumen dice: 0.9393, wall dice: 0.8484, distal recall: 0.8725
epoch: 102, iter: 3150/3251, distal-aware loss: 0.2967, lumen dice: 0.9393, wall dice: 0.8484, distal recall: 0.8725
epoch: 102, iter: 3160/3251, distal-aware loss: 0.2967, lumen dice: 0.9393, wall dice: 0.8484, distal recall: 0.8725
epoch: 102, iter: 3170/3251, distal-aware loss: 0.2967, lumen dice: 0.9393, wall dice: 0.8484, distal recall: 0.8725
epoch: 102, iter: 3180/3251, distal-aware loss: 0.2966, lumen dice: 0.9393, wall dice: 0.8485, distal recall: 0.8726
epoch: 102, iter: 3190/3251, distal-aware loss: 0.2966, lumen dice: 0.9393, wall dice: 0.8484, distal recall: 0.8726
epoch: 102, iter: 3200/3251, distal-aware loss: 0.2966, lumen dice: 0.9393, wall dice: 0.8484, distal recall: 0.8726
epoch: 102, iter: 3210/3251, distal-aware loss: 0.2966, lumen dice: 0.9394, wall dice: 0.8484, distal recall: 0.8726
epoch: 102, iter: 3220/3251, distal-aware loss: 0.2965, lumen dice: 0.9394, wall dice: 0.8484, distal recall: 0.8726
epoch: 102, iter: 3230/3251, distal-aware loss: 0.2965, lumen dice: 0.9394, wall dice: 0.8484, distal recall: 0.8726
epoch: 102, iter: 3240/3251, distal-aware loss: 0.2964, lumen dice: 0.9395, wall dice: 0.8484, distal recall: 0.8726
epoch: 102, iter: 3250/3251, distal-aware loss: 0.2963, lumen dice: 0.9395, wall dice: 0.8485, distal recall: 0.8727
epoch: 102, val distal-aware loss: 0.2971, val lumen dice: 0.9496, val wall dice: 0.8770, val distal recall: 0.9045
starting epoch: 103
epoch: 103, iter: 0/3251, distal-aware loss: 0.2232, lumen dice: 0.9739, wall dice: 0.8943, distal recall: 0.9076
epoch: 103, iter: 10/3251, distal-aware loss: 0.3118, lumen dice: 0.9051, wall dice: 0.8451, distal recall: 0.8853
epoch: 103, iter: 20/3251, distal-aware loss: 0.2924, lumen dice: 0.9278, wall dice: 0.8551, distal recall: 0.8904
epoch: 103, iter: 30/3251, distal-aware loss: 0.2803, lumen dice: 0.9368, wall dice: 0.8612, distal recall: 0.8927
epoch: 103, iter: 40/3251, distal-aware loss: 0.2771, lumen dice: 0.9427, wall dice: 0.8624, distal recall: 0.8878
epoch: 103, iter: 50/3251, distal-aware loss: 0.2788, lumen dice: 0.9418, wall dice: 0.8623, distal recall: 0.8899
epoch: 103, iter: 60/3251, distal-aware loss: 0.2795, lumen dice: 0.9421, wall dice: 0.8628, distal recall: 0.8910
epoch: 103, iter: 70/3251, distal-aware loss: 0.2806, lumen dice: 0.9434, wall dice: 0.8624, distal recall: 0.8863
epoch: 103, iter: 80/3251, distal-aware loss: 0.2793, lumen dice: 0.9448, wall dice: 0.8634, distal recall: 0.8846
epoch: 103, iter: 90/3251, distal-aware loss: 0.3029, lumen dice: 0.9345, wall dice: 0.8528, distal recall: 0.8848
epoch: 103, iter: 100/3251, distal-aware loss: 0.3025, lumen dice: 0.9356, wall dice: 0.8536, distal recall: 0.8835
epoch: 103, iter: 110/3251, distal-aware loss: 0.3043, lumen dice: 0.9353, wall dice: 0.8533, distal recall: 0.8842
epoch: 103, iter: 120/3251, distal-aware loss: 0.3042, lumen dice: 0.9359, wall dice: 0.8513, distal recall: 0.8838
epoch: 103, iter: 130/3251, distal-aware loss: 0.3007, lumen dice: 0.9366, wall dice: 0.8525, distal recall: 0.8840
epoch: 103, iter: 140/3251, distal-aware loss: 0.2990, lumen dice: 0.9377, wall dice: 0.8532, distal recall: 0.8833
epoch: 103, iter: 150/3251, distal-aware loss: 0.2979, lumen dice: 0.9375, wall dice: 0.8531, distal recall: 0.8835
epoch: 103, iter: 160/3251, distal-aware loss: 0.3000, lumen dice: 0.9362, wall dice: 0.8512, distal recall: 0.8808
epoch: 103, iter: 170/3251, distal-aware loss: 0.2978, lumen dice: 0.9368, wall dice: 0.8521, distal recall: 0.8819
epoch: 103, iter: 180/3251, distal-aware loss: 0.2963, lumen dice: 0.9379, wall dice: 0.8529, distal recall: 0.8823
epoch: 103, iter: 190/3251, distal-aware loss: 0.2951, lumen dice: 0.9386, wall dice: 0.8538, distal recall: 0.8828
epoch: 103, iter: 200/3251, distal-aware loss: 0.2946, lumen dice: 0.9391, wall dice: 0.8543, distal recall: 0.8834
epoch: 103, iter: 210/3251, distal-aware loss: 0.2948, lumen dice: 0.9394, wall dice: 0.8540, distal recall: 0.8828
epoch: 103, iter: 220/3251, distal-aware loss: 0.2936, lumen dice: 0.9400, wall dice: 0.8545, distal recall: 0.8839
epoch: 103, iter: 230/3251, distal-aware loss: 0.2933, lumen dice: 0.9407, wall dice: 0.8538, distal recall: 0.8833
epoch: 103, iter: 240/3251, distal-aware loss: 0.2939, lumen dice: 0.9373, wall dice: 0.8538, distal recall: 0.8836
epoch: 103, iter: 250/3251, distal-aware loss: 0.2929, lumen dice: 0.9374, wall dice: 0.8543, distal recall: 0.8837
epoch: 103, iter: 260/3251, distal-aware loss: 0.2927, lumen dice: 0.9377, wall dice: 0.8545, distal recall: 0.8831
epoch: 103, iter: 270/3251, distal-aware loss: 0.2912, lumen dice: 0.9386, wall dice: 0.8553, distal recall: 0.8833
epoch: 103, iter: 280/3251, distal-aware loss: 0.2910, lumen dice: 0.9389, wall dice: 0.8555, distal recall: 0.8842
epoch: 103, iter: 290/3251, distal-aware loss: 0.2906, lumen dice: 0.9393, wall dice: 0.8560, distal recall: 0.8836
epoch: 103, iter: 300/3251, distal-aware loss: 0.2901, lumen dice: 0.9396, wall dice: 0.8563, distal recall: 0.8836
epoch: 103, iter: 310/3251, distal-aware loss: 0.2897, lumen dice: 0.9396, wall dice: 0.8564, distal recall: 0.8834
epoch: 103, iter: 320/3251, distal-aware loss: 0.2897, lumen dice: 0.9396, wall dice: 0.8562, distal recall: 0.8833
epoch: 103, iter: 330/3251, distal-aware loss: 0.2891, lumen dice: 0.9402, wall dice: 0.8565, distal recall: 0.8830
epoch: 103, iter: 340/3251, distal-aware loss: 0.2882, lumen dice: 0.9405, wall dice: 0.8570, distal recall: 0.8831
epoch: 103, iter: 350/3251, distal-aware loss: 0.2889, lumen dice: 0.9395, wall dice: 0.8566, distal recall: 0.8822
epoch: 103, iter: 360/3251, distal-aware loss: 0.2878, lumen dice: 0.9401, wall dice: 0.8571, distal recall: 0.8827
epoch: 103, iter: 370/3251, distal-aware loss: 0.2875, lumen dice: 0.9401, wall dice: 0.8572, distal recall: 0.8830
epoch: 103, iter: 380/3251, distal-aware loss: 0.2876, lumen dice: 0.9402, wall dice: 0.8572, distal recall: 0.8826
epoch: 103, iter: 390/3251, distal-aware loss: 0.2877, lumen dice: 0.9406, wall dice: 0.8571, distal recall: 0.8825
epoch: 103, iter: 400/3251, distal-aware loss: 0.2881, lumen dice: 0.9403, wall dice: 0.8569, distal recall: 0.8826
epoch: 103, iter: 410/3251, distal-aware loss: 0.2876, lumen dice: 0.9406, wall dice: 0.8573, distal recall: 0.8824
epoch: 103, iter: 420/3251, distal-aware loss: 0.2874, lumen dice: 0.9402, wall dice: 0.8575, distal recall: 0.8826
epoch: 103, iter: 430/3251, distal-aware loss: 0.2866, lumen dice: 0.9409, wall dice: 0.8575, distal recall: 0.8826
epoch: 103, iter: 440/3251, distal-aware loss: 0.2862, lumen dice: 0.9412, wall dice: 0.8576, distal recall: 0.8824
epoch: 103, iter: 450/3251, distal-aware loss: 0.2868, lumen dice: 0.9412, wall dice: 0.8567, distal recall: 0.8819
epoch: 103, iter: 460/3251, distal-aware loss: 0.2874, lumen dice: 0.9412, wall dice: 0.8563, distal recall: 0.8814
epoch: 103, iter: 470/3251, distal-aware loss: 0.2872, lumen dice: 0.9412, wall dice: 0.8564, distal recall: 0.8819
epoch: 103, iter: 480/3251, distal-aware loss: 0.2876, lumen dice: 0.9412, wall dice: 0.8561, distal recall: 0.8815
epoch: 103, iter: 490/3251, distal-aware loss: 0.2868, lumen dice: 0.9417, wall dice: 0.8565, distal recall: 0.8816
epoch: 103, iter: 500/3251, distal-aware loss: 0.2871, lumen dice: 0.9417, wall dice: 0.8564, distal recall: 0.8814
epoch: 103, iter: 510/3251, distal-aware loss: 0.2874, lumen dice: 0.9417, wall dice: 0.8562, distal recall: 0.8814
epoch: 103, iter: 520/3251, distal-aware loss: 0.2872, lumen dice: 0.9419, wall dice: 0.8561, distal recall: 0.8816
epoch: 103, iter: 530/3251, distal-aware loss: 0.2868, lumen dice: 0.9420, wall dice: 0.8562, distal recall: 0.8816
epoch: 103, iter: 540/3251, distal-aware loss: 0.2866, lumen dice: 0.9421, wall dice: 0.8562, distal recall: 0.8817
epoch: 103, iter: 550/3251, distal-aware loss: 0.2869, lumen dice: 0.9420, wall dice: 0.8563, distal recall: 0.8819
epoch: 103, iter: 560/3251, distal-aware loss: 0.2871, lumen dice: 0.9420, wall dice: 0.8560, distal recall: 0.8821
epoch: 103, iter: 570/3251, distal-aware loss: 0.2866, lumen dice: 0.9422, wall dice: 0.8562, distal recall: 0.8817
epoch: 103, iter: 580/3251, distal-aware loss: 0.2868, lumen dice: 0.9422, wall dice: 0.8559, distal recall: 0.8816
epoch: 103, iter: 590/3251, distal-aware loss: 0.2869, lumen dice: 0.9422, wall dice: 0.8560, distal recall: 0.8813
epoch: 103, iter: 600/3251, distal-aware loss: 0.2868, lumen dice: 0.9421, wall dice: 0.8560, distal recall: 0.8814
epoch: 103, iter: 610/3251, distal-aware loss: 0.2868, lumen dice: 0.9421, wall dice: 0.8561, distal recall: 0.8817
epoch: 103, iter: 620/3251, distal-aware loss: 0.2875, lumen dice: 0.9418, wall dice: 0.8557, distal recall: 0.8814
epoch: 103, iter: 630/3251, distal-aware loss: 0.2879, lumen dice: 0.9416, wall dice: 0.8554, distal recall: 0.8810
epoch: 103, iter: 640/3251, distal-aware loss: 0.2881, lumen dice: 0.9418, wall dice: 0.8548, distal recall: 0.8810
epoch: 103, iter: 650/3251, distal-aware loss: 0.2874, lumen dice: 0.9420, wall dice: 0.8552, distal recall: 0.8814
epoch: 103, iter: 660/3251, distal-aware loss: 0.2877, lumen dice: 0.9418, wall dice: 0.8550, distal recall: 0.8811
epoch: 103, iter: 670/3251, distal-aware loss: 0.2877, lumen dice: 0.9418, wall dice: 0.8550, distal recall: 0.8810
epoch: 103, iter: 680/3251, distal-aware loss: 0.2879, lumen dice: 0.9420, wall dice: 0.8548, distal recall: 0.8806
epoch: 103, iter: 690/3251, distal-aware loss: 0.2875, lumen dice: 0.9423, wall dice: 0.8550, distal recall: 0.8805
epoch: 103, iter: 700/3251, distal-aware loss: 0.2882, lumen dice: 0.9421, wall dice: 0.8545, distal recall: 0.8803
epoch: 103, iter: 710/3251, distal-aware loss: 0.2888, lumen dice: 0.9418, wall dice: 0.8540, distal recall: 0.8804
epoch: 103, iter: 720/3251, distal-aware loss: 0.2885, lumen dice: 0.9418, wall dice: 0.8540, distal recall: 0.8806
epoch: 103, iter: 730/3251, distal-aware loss: 0.2887, lumen dice: 0.9418, wall dice: 0.8540, distal recall: 0.8804
epoch: 103, iter: 740/3251, distal-aware loss: 0.2883, lumen dice: 0.9421, wall dice: 0.8542, distal recall: 0.8804
epoch: 103, iter: 750/3251, distal-aware loss: 0.2883, lumen dice: 0.9422, wall dice: 0.8543, distal recall: 0.8802
epoch: 103, iter: 760/3251, distal-aware loss: 0.2880, lumen dice: 0.9423, wall dice: 0.8545, distal recall: 0.8802
epoch: 103, iter: 770/3251, distal-aware loss: 0.2878, lumen dice: 0.9425, wall dice: 0.8547, distal recall: 0.8802
epoch: 103, iter: 780/3251, distal-aware loss: 0.2876, lumen dice: 0.9426, wall dice: 0.8547, distal recall: 0.8802
epoch: 103, iter: 790/3251, distal-aware loss: 0.2876, lumen dice: 0.9426, wall dice: 0.8547, distal recall: 0.8801
epoch: 103, iter: 800/3251, distal-aware loss: 0.2875, lumen dice: 0.9424, wall dice: 0.8548, distal recall: 0.8803
epoch: 103, iter: 810/3251, distal-aware loss: 0.2876, lumen dice: 0.9423, wall dice: 0.8548, distal recall: 0.8803
epoch: 103, iter: 820/3251, distal-aware loss: 0.2875, lumen dice: 0.9421, wall dice: 0.8548, distal recall: 0.8804
epoch: 103, iter: 830/3251, distal-aware loss: 0.2873, lumen dice: 0.9422, wall dice: 0.8550, distal recall: 0.8805
epoch: 103, iter: 840/3251, distal-aware loss: 0.2871, lumen dice: 0.9423, wall dice: 0.8552, distal recall: 0.8806
epoch: 103, iter: 850/3251, distal-aware loss: 0.2870, lumen dice: 0.9423, wall dice: 0.8552, distal recall: 0.8807
epoch: 103, iter: 860/3251, distal-aware loss: 0.2872, lumen dice: 0.9419, wall dice: 0.8550, distal recall: 0.8803
epoch: 103, iter: 870/3251, distal-aware loss: 0.2875, lumen dice: 0.9417, wall dice: 0.8550, distal recall: 0.8802
epoch: 103, iter: 880/3251, distal-aware loss: 0.2880, lumen dice: 0.9412, wall dice: 0.8544, distal recall: 0.8801
epoch: 103, iter: 890/3251, distal-aware loss: 0.2878, lumen dice: 0.9413, wall dice: 0.8546, distal recall: 0.8802
epoch: 103, iter: 900/3251, distal-aware loss: 0.2877, lumen dice: 0.9414, wall dice: 0.8546, distal recall: 0.8805
epoch: 103, iter: 910/3251, distal-aware loss: 0.2875, lumen dice: 0.9416, wall dice: 0.8547, distal recall: 0.8805
epoch: 103, iter: 920/3251, distal-aware loss: 0.2879, lumen dice: 0.9414, wall dice: 0.8546, distal recall: 0.8805
epoch: 103, iter: 930/3251, distal-aware loss: 0.2878, lumen dice: 0.9415, wall dice: 0.8547, distal recall: 0.8804
epoch: 103, iter: 940/3251, distal-aware loss: 0.2875, lumen dice: 0.9412, wall dice: 0.8547, distal recall: 0.8805
epoch: 103, iter: 950/3251, distal-aware loss: 0.2875, lumen dice: 0.9414, wall dice: 0.8548, distal recall: 0.8805
epoch: 103, iter: 960/3251, distal-aware loss: 0.2884, lumen dice: 0.9410, wall dice: 0.8540, distal recall: 0.8804
epoch: 103, iter: 970/3251, distal-aware loss: 0.2884, lumen dice: 0.9410, wall dice: 0.8539, distal recall: 0.8801
epoch: 103, iter: 980/3251, distal-aware loss: 0.2885, lumen dice: 0.9410, wall dice: 0.8538, distal recall: 0.8802
epoch: 103, iter: 990/3251, distal-aware loss: 0.2885, lumen dice: 0.9411, wall dice: 0.8538, distal recall: 0.8803
epoch: 103, iter: 1000/3251, distal-aware loss: 0.2884, lumen dice: 0.9412, wall dice: 0.8538, distal recall: 0.8801
epoch: 103, iter: 1010/3251, distal-aware loss: 0.2883, lumen dice: 0.9413, wall dice: 0.8538, distal recall: 0.8800
epoch: 103, iter: 1020/3251, distal-aware loss: 0.2882, lumen dice: 0.9414, wall dice: 0.8538, distal recall: 0.8800
epoch: 103, iter: 1030/3251, distal-aware loss: 0.2886, lumen dice: 0.9413, wall dice: 0.8538, distal recall: 0.8801
epoch: 103, iter: 1040/3251, distal-aware loss: 0.2887, lumen dice: 0.9412, wall dice: 0.8538, distal recall: 0.8800
epoch: 103, iter: 1050/3251, distal-aware loss: 0.2886, lumen dice: 0.9412, wall dice: 0.8537, distal recall: 0.8802
epoch: 103, iter: 1060/3251, distal-aware loss: 0.2883, lumen dice: 0.9414, wall dice: 0.8539, distal recall: 0.8802
epoch: 103, iter: 1070/3251, distal-aware loss: 0.2882, lumen dice: 0.9415, wall dice: 0.8539, distal recall: 0.8802
epoch: 103, iter: 1080/3251, distal-aware loss: 0.2879, lumen dice: 0.9416, wall dice: 0.8542, distal recall: 0.8803
epoch: 103, iter: 1090/3251, distal-aware loss: 0.2878, lumen dice: 0.9416, wall dice: 0.8542, distal recall: 0.8803
epoch: 103, iter: 1100/3251, distal-aware loss: 0.2877, lumen dice: 0.9418, wall dice: 0.8542, distal recall: 0.8802
epoch: 103, iter: 1110/3251, distal-aware loss: 0.2878, lumen dice: 0.9417, wall dice: 0.8542, distal recall: 0.8801
epoch: 103, iter: 1120/3251, distal-aware loss: 0.2882, lumen dice: 0.9415, wall dice: 0.8540, distal recall: 0.8800
epoch: 103, iter: 1130/3251, distal-aware loss: 0.2881, lumen dice: 0.9416, wall dice: 0.8541, distal recall: 0.8799
epoch: 103, iter: 1140/3251, distal-aware loss: 0.2879, lumen dice: 0.9417, wall dice: 0.8542, distal recall: 0.8798
epoch: 103, iter: 1150/3251, distal-aware loss: 0.2883, lumen dice: 0.9417, wall dice: 0.8537, distal recall: 0.8797
epoch: 103, iter: 1160/3251, distal-aware loss: 0.2882, lumen dice: 0.9416, wall dice: 0.8537, distal recall: 0.8798
epoch: 103, iter: 1170/3251, distal-aware loss: 0.2882, lumen dice: 0.9414, wall dice: 0.8538, distal recall: 0.8800
epoch: 103, iter: 1180/3251, distal-aware loss: 0.2884, lumen dice: 0.9414, wall dice: 0.8535, distal recall: 0.8799
epoch: 103, iter: 1190/3251, distal-aware loss: 0.2886, lumen dice: 0.9415, wall dice: 0.8534, distal recall: 0.8798
epoch: 103, iter: 1200/3251, distal-aware loss: 0.2885, lumen dice: 0.9415, wall dice: 0.8535, distal recall: 0.8798
epoch: 103, iter: 1210/3251, distal-aware loss: 0.2884, lumen dice: 0.9416, wall dice: 0.8536, distal recall: 0.8797
epoch: 103, iter: 1220/3251, distal-aware loss: 0.2883, lumen dice: 0.9416, wall dice: 0.8537, distal recall: 0.8799
epoch: 103, iter: 1230/3251, distal-aware loss: 0.2884, lumen dice: 0.9416, wall dice: 0.8537, distal recall: 0.8798
epoch: 103, iter: 1240/3251, distal-aware loss: 0.2886, lumen dice: 0.9416, wall dice: 0.8533, distal recall: 0.8797
epoch: 103, iter: 1250/3251, distal-aware loss: 0.2885, lumen dice: 0.9417, wall dice: 0.8534, distal recall: 0.8799
epoch: 103, iter: 1260/3251, distal-aware loss: 0.2886, lumen dice: 0.9416, wall dice: 0.8534, distal recall: 0.8797
epoch: 103, iter: 1270/3251, distal-aware loss: 0.2885, lumen dice: 0.9416, wall dice: 0.8535, distal recall: 0.8800
epoch: 103, iter: 1280/3251, distal-aware loss: 0.2888, lumen dice: 0.9415, wall dice: 0.8532, distal recall: 0.8798
epoch: 103, iter: 1290/3251, distal-aware loss: 0.2887, lumen dice: 0.9415, wall dice: 0.8533, distal recall: 0.8799
epoch: 103, iter: 1300/3251, distal-aware loss: 0.2886, lumen dice: 0.9415, wall dice: 0.8534, distal recall: 0.8800
epoch: 103, iter: 1310/3251, distal-aware loss: 0.2886, lumen dice: 0.9415, wall dice: 0.8534, distal recall: 0.8801
epoch: 103, iter: 1320/3251, distal-aware loss: 0.2887, lumen dice: 0.9414, wall dice: 0.8534, distal recall: 0.8799
epoch: 103, iter: 1330/3251, distal-aware loss: 0.2885, lumen dice: 0.9415, wall dice: 0.8535, distal recall: 0.8801
epoch: 103, iter: 1340/3251, distal-aware loss: 0.2885, lumen dice: 0.9416, wall dice: 0.8535, distal recall: 0.8799
epoch: 103, iter: 1350/3251, distal-aware loss: 0.2885, lumen dice: 0.9416, wall dice: 0.8535, distal recall: 0.8800
epoch: 103, iter: 1360/3251, distal-aware loss: 0.2885, lumen dice: 0.9416, wall dice: 0.8536, distal recall: 0.8801
epoch: 103, iter: 1370/3251, distal-aware loss: 0.2887, lumen dice: 0.9415, wall dice: 0.8534, distal recall: 0.8799
epoch: 103, iter: 1380/3251, distal-aware loss: 0.2887, lumen dice: 0.9415, wall dice: 0.8535, distal recall: 0.8800
epoch: 103, iter: 1390/3251, distal-aware loss: 0.2885, lumen dice: 0.9416, wall dice: 0.8536, distal recall: 0.8801
epoch: 103, iter: 1400/3251, distal-aware loss: 0.2884, lumen dice: 0.9416, wall dice: 0.8537, distal recall: 0.8800
epoch: 103, iter: 1410/3251, distal-aware loss: 0.2883, lumen dice: 0.9417, wall dice: 0.8537, distal recall: 0.8801
epoch: 103, iter: 1420/3251, distal-aware loss: 0.2882, lumen dice: 0.9418, wall dice: 0.8538, distal recall: 0.8800
epoch: 103, iter: 1430/3251, distal-aware loss: 0.2881, lumen dice: 0.9418, wall dice: 0.8538, distal recall: 0.8800
epoch: 103, iter: 1440/3251, distal-aware loss: 0.2881, lumen dice: 0.9417, wall dice: 0.8539, distal recall: 0.8801
epoch: 103, iter: 1450/3251, distal-aware loss: 0.2879, lumen dice: 0.9418, wall dice: 0.8540, distal recall: 0.8802
epoch: 103, iter: 1460/3251, distal-aware loss: 0.2879, lumen dice: 0.9418, wall dice: 0.8541, distal recall: 0.8802
epoch: 103, iter: 1470/3251, distal-aware loss: 0.2879, lumen dice: 0.9418, wall dice: 0.8540, distal recall: 0.8802
epoch: 103, iter: 1480/3251, distal-aware loss: 0.2879, lumen dice: 0.9418, wall dice: 0.8540, distal recall: 0.8802
epoch: 103, iter: 1490/3251, distal-aware loss: 0.2877, lumen dice: 0.9419, wall dice: 0.8541, distal recall: 0.8803
epoch: 103, iter: 1500/3251, distal-aware loss: 0.2877, lumen dice: 0.9419, wall dice: 0.8542, distal recall: 0.8804
epoch: 103, iter: 1510/3251, distal-aware loss: 0.2878, lumen dice: 0.9418, wall dice: 0.8538, distal recall: 0.8803
epoch: 103, iter: 1520/3251, distal-aware loss: 0.2876, lumen dice: 0.9419, wall dice: 0.8539, distal recall: 0.8802
epoch: 103, iter: 1530/3251, distal-aware loss: 0.2878, lumen dice: 0.9419, wall dice: 0.8538, distal recall: 0.8802
epoch: 103, iter: 1540/3251, distal-aware loss: 0.2880, lumen dice: 0.9417, wall dice: 0.8537, distal recall: 0.8801
epoch: 103, iter: 1550/3251, distal-aware loss: 0.2883, lumen dice: 0.9417, wall dice: 0.8535, distal recall: 0.8799
epoch: 103, iter: 1560/3251, distal-aware loss: 0.2885, lumen dice: 0.9417, wall dice: 0.8533, distal recall: 0.8797
epoch: 103, iter: 1570/3251, distal-aware loss: 0.2888, lumen dice: 0.9417, wall dice: 0.8532, distal recall: 0.8797
epoch: 103, iter: 1580/3251, distal-aware loss: 0.2886, lumen dice: 0.9418, wall dice: 0.8533, distal recall: 0.8797
epoch: 103, iter: 1590/3251, distal-aware loss: 0.2888, lumen dice: 0.9417, wall dice: 0.8533, distal recall: 0.8797
epoch: 103, iter: 1600/3251, distal-aware loss: 0.2887, lumen dice: 0.9417, wall dice: 0.8533, distal recall: 0.8797
epoch: 103, iter: 1610/3251, distal-aware loss: 0.2887, lumen dice: 0.9417, wall dice: 0.8534, distal recall: 0.8798
epoch: 103, iter: 1620/3251, distal-aware loss: 0.2885, lumen dice: 0.9418, wall dice: 0.8535, distal recall: 0.8798
epoch: 103, iter: 1630/3251, distal-aware loss: 0.2883, lumen dice: 0.9418, wall dice: 0.8535, distal recall: 0.8799
epoch: 103, iter: 1640/3251, distal-aware loss: 0.2882, lumen dice: 0.9419, wall dice: 0.8536, distal recall: 0.8798
epoch: 103, iter: 1650/3251, distal-aware loss: 0.2883, lumen dice: 0.9419, wall dice: 0.8536, distal recall: 0.8797
epoch: 103, iter: 1660/3251, distal-aware loss: 0.2882, lumen dice: 0.9420, wall dice: 0.8535, distal recall: 0.8797
epoch: 103, iter: 1670/3251, distal-aware loss: 0.2882, lumen dice: 0.9420, wall dice: 0.8536, distal recall: 0.8798
epoch: 103, iter: 1680/3251, distal-aware loss: 0.2882, lumen dice: 0.9421, wall dice: 0.8536, distal recall: 0.8798
epoch: 103, iter: 1690/3251, distal-aware loss: 0.2880, lumen dice: 0.9422, wall dice: 0.8538, distal recall: 0.8799
epoch: 103, iter: 1700/3251, distal-aware loss: 0.2877, lumen dice: 0.9423, wall dice: 0.8539, distal recall: 0.8799
epoch: 103, iter: 1710/3251, distal-aware loss: 0.2875, lumen dice: 0.9424, wall dice: 0.8540, distal recall: 0.8800
epoch: 103, iter: 1720/3251, distal-aware loss: 0.2875, lumen dice: 0.9423, wall dice: 0.8540, distal recall: 0.8800
epoch: 103, iter: 1730/3251, distal-aware loss: 0.2877, lumen dice: 0.9422, wall dice: 0.8539, distal recall: 0.8801
epoch: 103, iter: 1740/3251, distal-aware loss: 0.2879, lumen dice: 0.9422, wall dice: 0.8538, distal recall: 0.8799
epoch: 103, iter: 1750/3251, distal-aware loss: 0.2879, lumen dice: 0.9422, wall dice: 0.8539, distal recall: 0.8800
epoch: 103, iter: 1760/3251, distal-aware loss: 0.2879, lumen dice: 0.9421, wall dice: 0.8539, distal recall: 0.8801
epoch: 103, iter: 1770/3251, distal-aware loss: 0.2878, lumen dice: 0.9422, wall dice: 0.8539, distal recall: 0.8801
epoch: 103, iter: 1780/3251, distal-aware loss: 0.2877, lumen dice: 0.9422, wall dice: 0.8540, distal recall: 0.8801
epoch: 103, iter: 1790/3251, distal-aware loss: 0.2877, lumen dice: 0.9422, wall dice: 0.8541, distal recall: 0.8802
epoch: 103, iter: 1800/3251, distal-aware loss: 0.2877, lumen dice: 0.9420, wall dice: 0.8541, distal recall: 0.8802
epoch: 103, iter: 1810/3251, distal-aware loss: 0.2877, lumen dice: 0.9420, wall dice: 0.8541, distal recall: 0.8801
epoch: 103, iter: 1820/3251, distal-aware loss: 0.2878, lumen dice: 0.9420, wall dice: 0.8540, distal recall: 0.8800
epoch: 103, iter: 1830/3251, distal-aware loss: 0.2878, lumen dice: 0.9420, wall dice: 0.8541, distal recall: 0.8800
epoch: 103, iter: 1840/3251, distal-aware loss: 0.2876, lumen dice: 0.9421, wall dice: 0.8542, distal recall: 0.8801
epoch: 103, iter: 1850/3251, distal-aware loss: 0.2876, lumen dice: 0.9421, wall dice: 0.8542, distal recall: 0.8801
epoch: 103, iter: 1860/3251, distal-aware loss: 0.2876, lumen dice: 0.9421, wall dice: 0.8542, distal recall: 0.8800
epoch: 103, iter: 1870/3251, distal-aware loss: 0.2876, lumen dice: 0.9421, wall dice: 0.8543, distal recall: 0.8800
epoch: 103, iter: 1880/3251, distal-aware loss: 0.2876, lumen dice: 0.9421, wall dice: 0.8543, distal recall: 0.8800
epoch: 103, iter: 1890/3251, distal-aware loss: 0.2875, lumen dice: 0.9421, wall dice: 0.8543, distal recall: 0.8801
epoch: 103, iter: 1900/3251, distal-aware loss: 0.2874, lumen dice: 0.9421, wall dice: 0.8544, distal recall: 0.8802
epoch: 103, iter: 1910/3251, distal-aware loss: 0.2874, lumen dice: 0.9421, wall dice: 0.8544, distal recall: 0.8802
epoch: 103, iter: 1920/3251, distal-aware loss: 0.2873, lumen dice: 0.9421, wall dice: 0.8544, distal recall: 0.8803
epoch: 103, iter: 1930/3251, distal-aware loss: 0.2874, lumen dice: 0.9421, wall dice: 0.8544, distal recall: 0.8803
epoch: 103, iter: 1940/3251, distal-aware loss: 0.2872, lumen dice: 0.9422, wall dice: 0.8544, distal recall: 0.8804
epoch: 103, iter: 1950/3251, distal-aware loss: 0.2872, lumen dice: 0.9422, wall dice: 0.8544, distal recall: 0.8803
epoch: 103, iter: 1960/3251, distal-aware loss: 0.2872, lumen dice: 0.9422, wall dice: 0.8544, distal recall: 0.8803
epoch: 103, iter: 1970/3251, distal-aware loss: 0.2876, lumen dice: 0.9421, wall dice: 0.8541, distal recall: 0.8801
epoch: 103, iter: 1980/3251, distal-aware loss: 0.2875, lumen dice: 0.9421, wall dice: 0.8541, distal recall: 0.8801
epoch: 103, iter: 1990/3251, distal-aware loss: 0.2876, lumen dice: 0.9421, wall dice: 0.8540, distal recall: 0.8801
epoch: 103, iter: 2000/3251, distal-aware loss: 0.2877, lumen dice: 0.9421, wall dice: 0.8540, distal recall: 0.8800
epoch: 103, iter: 2010/3251, distal-aware loss: 0.2876, lumen dice: 0.9420, wall dice: 0.8541, distal recall: 0.8801
epoch: 103, iter: 2020/3251, distal-aware loss: 0.2876, lumen dice: 0.9421, wall dice: 0.8541, distal recall: 0.8800
epoch: 103, iter: 2030/3251, distal-aware loss: 0.2875, lumen dice: 0.9421, wall dice: 0.8542, distal recall: 0.8801
epoch: 103, iter: 2040/3251, distal-aware loss: 0.2875, lumen dice: 0.9421, wall dice: 0.8542, distal recall: 0.8800
epoch: 103, iter: 2050/3251, distal-aware loss: 0.2874, lumen dice: 0.9422, wall dice: 0.8542, distal recall: 0.8801
epoch: 103, iter: 2060/3251, distal-aware loss: 0.2875, lumen dice: 0.9422, wall dice: 0.8542, distal recall: 0.8800
epoch: 103, iter: 2070/3251, distal-aware loss: 0.2875, lumen dice: 0.9422, wall dice: 0.8542, distal recall: 0.8800
epoch: 103, iter: 2080/3251, distal-aware loss: 0.2876, lumen dice: 0.9422, wall dice: 0.8542, distal recall: 0.8799
epoch: 103, iter: 2090/3251, distal-aware loss: 0.2874, lumen dice: 0.9423, wall dice: 0.8542, distal recall: 0.8799
epoch: 103, iter: 2100/3251, distal-aware loss: 0.2873, lumen dice: 0.9423, wall dice: 0.8543, distal recall: 0.8800
epoch: 103, iter: 2110/3251, distal-aware loss: 0.2874, lumen dice: 0.9423, wall dice: 0.8543, distal recall: 0.8799
epoch: 103, iter: 2120/3251, distal-aware loss: 0.2873, lumen dice: 0.9423, wall dice: 0.8544, distal recall: 0.8800
epoch: 103, iter: 2130/3251, distal-aware loss: 0.2873, lumen dice: 0.9423, wall dice: 0.8543, distal recall: 0.8801
epoch: 103, iter: 2140/3251, distal-aware loss: 0.2873, lumen dice: 0.9422, wall dice: 0.8543, distal recall: 0.8801
epoch: 103, iter: 2150/3251, distal-aware loss: 0.2872, lumen dice: 0.9422, wall dice: 0.8544, distal recall: 0.8802
epoch: 103, iter: 2160/3251, distal-aware loss: 0.2872, lumen dice: 0.9423, wall dice: 0.8544, distal recall: 0.8801
epoch: 103, iter: 2170/3251, distal-aware loss: 0.2873, lumen dice: 0.9422, wall dice: 0.8544, distal recall: 0.8800
epoch: 103, iter: 2180/3251, distal-aware loss: 0.2872, lumen dice: 0.9423, wall dice: 0.8544, distal recall: 0.8801
epoch: 103, iter: 2190/3251, distal-aware loss: 0.2871, lumen dice: 0.9423, wall dice: 0.8544, distal recall: 0.8802
epoch: 103, iter: 2200/3251, distal-aware loss: 0.2872, lumen dice: 0.9423, wall dice: 0.8544, distal recall: 0.8802
epoch: 103, iter: 2210/3251, distal-aware loss: 0.2872, lumen dice: 0.9423, wall dice: 0.8544, distal recall: 0.8801
epoch: 103, iter: 2220/3251, distal-aware loss: 0.2872, lumen dice: 0.9424, wall dice: 0.8545, distal recall: 0.8802
epoch: 103, iter: 2230/3251, distal-aware loss: 0.2871, lumen dice: 0.9424, wall dice: 0.8545, distal recall: 0.8802
epoch: 103, iter: 2240/3251, distal-aware loss: 0.2870, lumen dice: 0.9424, wall dice: 0.8546, distal recall: 0.8803
epoch: 103, iter: 2250/3251, distal-aware loss: 0.2869, lumen dice: 0.9424, wall dice: 0.8547, distal recall: 0.8803
epoch: 103, iter: 2260/3251, distal-aware loss: 0.2868, lumen dice: 0.9425, wall dice: 0.8547, distal recall: 0.8803
epoch: 103, iter: 2270/3251, distal-aware loss: 0.2868, lumen dice: 0.9426, wall dice: 0.8547, distal recall: 0.8803
epoch: 103, iter: 2280/3251, distal-aware loss: 0.2869, lumen dice: 0.9425, wall dice: 0.8546, distal recall: 0.8803
epoch: 103, iter: 2290/3251, distal-aware loss: 0.2869, lumen dice: 0.9426, wall dice: 0.8547, distal recall: 0.8803
epoch: 103, iter: 2300/3251, distal-aware loss: 0.2869, lumen dice: 0.9426, wall dice: 0.8546, distal recall: 0.8803
epoch: 103, iter: 2310/3251, distal-aware loss: 0.2869, lumen dice: 0.9426, wall dice: 0.8546, distal recall: 0.8804
epoch: 103, iter: 2320/3251, distal-aware loss: 0.2869, lumen dice: 0.9426, wall dice: 0.8546, distal recall: 0.8803
epoch: 103, iter: 2330/3251, distal-aware loss: 0.2868, lumen dice: 0.9426, wall dice: 0.8547, distal recall: 0.8804
epoch: 103, iter: 2340/3251, distal-aware loss: 0.2868, lumen dice: 0.9427, wall dice: 0.8547, distal recall: 0.8803
epoch: 103, iter: 2350/3251, distal-aware loss: 0.2866, lumen dice: 0.9427, wall dice: 0.8548, distal recall: 0.8805
epoch: 103, iter: 2360/3251, distal-aware loss: 0.2866, lumen dice: 0.9427, wall dice: 0.8547, distal recall: 0.8805
epoch: 103, iter: 2370/3251, distal-aware loss: 0.2867, lumen dice: 0.9427, wall dice: 0.8546, distal recall: 0.8806
epoch: 103, iter: 2380/3251, distal-aware loss: 0.2868, lumen dice: 0.9426, wall dice: 0.8545, distal recall: 0.8806
epoch: 103, iter: 2390/3251, distal-aware loss: 0.2867, lumen dice: 0.9426, wall dice: 0.8546, distal recall: 0.8805
epoch: 103, iter: 2400/3251, distal-aware loss: 0.2869, lumen dice: 0.9426, wall dice: 0.8545, distal recall: 0.8805
epoch: 103, iter: 2410/3251, distal-aware loss: 0.2868, lumen dice: 0.9425, wall dice: 0.8546, distal recall: 0.8806
epoch: 103, iter: 2420/3251, distal-aware loss: 0.2868, lumen dice: 0.9425, wall dice: 0.8546, distal recall: 0.8804
epoch: 103, iter: 2430/3251, distal-aware loss: 0.2867, lumen dice: 0.9426, wall dice: 0.8546, distal recall: 0.8804
epoch: 103, iter: 2440/3251, distal-aware loss: 0.2869, lumen dice: 0.9425, wall dice: 0.8546, distal recall: 0.8804
epoch: 103, iter: 2450/3251, distal-aware loss: 0.2872, lumen dice: 0.9424, wall dice: 0.8543, distal recall: 0.8804
epoch: 103, iter: 2460/3251, distal-aware loss: 0.2878, lumen dice: 0.9422, wall dice: 0.8538, distal recall: 0.8800
epoch: 103, iter: 2470/3251, distal-aware loss: 0.2883, lumen dice: 0.9418, wall dice: 0.8535, distal recall: 0.8798
epoch: 103, iter: 2480/3251, distal-aware loss: 0.2889, lumen dice: 0.9416, wall dice: 0.8530, distal recall: 0.8795
epoch: 103, iter: 2490/3251, distal-aware loss: 0.2892, lumen dice: 0.9414, wall dice: 0.8528, distal recall: 0.8794
epoch: 103, iter: 2500/3251, distal-aware loss: 0.2893, lumen dice: 0.9413, wall dice: 0.8526, distal recall: 0.8793
epoch: 103, iter: 2510/3251, distal-aware loss: 0.2895, lumen dice: 0.9413, wall dice: 0.8526, distal recall: 0.8791
epoch: 103, iter: 2520/3251, distal-aware loss: 0.2896, lumen dice: 0.9413, wall dice: 0.8524, distal recall: 0.8790
epoch: 103, iter: 2530/3251, distal-aware loss: 0.2898, lumen dice: 0.9413, wall dice: 0.8523, distal recall: 0.8788
epoch: 103, iter: 2540/3251, distal-aware loss: 0.2898, lumen dice: 0.9413, wall dice: 0.8523, distal recall: 0.8788
epoch: 103, iter: 2550/3251, distal-aware loss: 0.2899, lumen dice: 0.9413, wall dice: 0.8522, distal recall: 0.8787
epoch: 103, iter: 2560/3251, distal-aware loss: 0.2900, lumen dice: 0.9412, wall dice: 0.8522, distal recall: 0.8787
epoch: 103, iter: 2570/3251, distal-aware loss: 0.2900, lumen dice: 0.9411, wall dice: 0.8521, distal recall: 0.8787
epoch: 103, iter: 2580/3251, distal-aware loss: 0.2901, lumen dice: 0.9411, wall dice: 0.8520, distal recall: 0.8787
epoch: 103, iter: 2590/3251, distal-aware loss: 0.2902, lumen dice: 0.9411, wall dice: 0.8520, distal recall: 0.8785
epoch: 103, iter: 2600/3251, distal-aware loss: 0.2903, lumen dice: 0.9411, wall dice: 0.8520, distal recall: 0.8785
epoch: 103, iter: 2610/3251, distal-aware loss: 0.2903, lumen dice: 0.9411, wall dice: 0.8519, distal recall: 0.8784
epoch: 103, iter: 2620/3251, distal-aware loss: 0.2904, lumen dice: 0.9411, wall dice: 0.8519, distal recall: 0.8783
epoch: 103, iter: 2630/3251, distal-aware loss: 0.2904, lumen dice: 0.9411, wall dice: 0.8519, distal recall: 0.8783
epoch: 103, iter: 2640/3251, distal-aware loss: 0.2905, lumen dice: 0.9411, wall dice: 0.8518, distal recall: 0.8782
epoch: 103, iter: 2650/3251, distal-aware loss: 0.2905, lumen dice: 0.9412, wall dice: 0.8518, distal recall: 0.8782
epoch: 103, iter: 2660/3251, distal-aware loss: 0.2905, lumen dice: 0.9412, wall dice: 0.8518, distal recall: 0.8783
epoch: 103, iter: 2670/3251, distal-aware loss: 0.2905, lumen dice: 0.9412, wall dice: 0.8518, distal recall: 0.8783
epoch: 103, iter: 2680/3251, distal-aware loss: 0.2904, lumen dice: 0.9412, wall dice: 0.8518, distal recall: 0.8783
epoch: 103, iter: 2690/3251, distal-aware loss: 0.2905, lumen dice: 0.9412, wall dice: 0.8518, distal recall: 0.8783
epoch: 103, iter: 2700/3251, distal-aware loss: 0.2906, lumen dice: 0.9410, wall dice: 0.8518, distal recall: 0.8783
epoch: 103, iter: 2710/3251, distal-aware loss: 0.2907, lumen dice: 0.9410, wall dice: 0.8517, distal recall: 0.8782
epoch: 103, iter: 2720/3251, distal-aware loss: 0.2907, lumen dice: 0.9410, wall dice: 0.8516, distal recall: 0.8783
epoch: 103, iter: 2730/3251, distal-aware loss: 0.2908, lumen dice: 0.9410, wall dice: 0.8516, distal recall: 0.8783
epoch: 103, iter: 2740/3251, distal-aware loss: 0.2908, lumen dice: 0.9410, wall dice: 0.8516, distal recall: 0.8784
epoch: 103, iter: 2750/3251, distal-aware loss: 0.2908, lumen dice: 0.9410, wall dice: 0.8516, distal recall: 0.8784
epoch: 103, iter: 2760/3251, distal-aware loss: 0.2907, lumen dice: 0.9410, wall dice: 0.8516, distal recall: 0.8784
epoch: 103, iter: 2770/3251, distal-aware loss: 0.2907, lumen dice: 0.9411, wall dice: 0.8516, distal recall: 0.8784
epoch: 103, iter: 2780/3251, distal-aware loss: 0.2907, lumen dice: 0.9411, wall dice: 0.8516, distal recall: 0.8784
epoch: 103, iter: 2790/3251, distal-aware loss: 0.2905, lumen dice: 0.9411, wall dice: 0.8517, distal recall: 0.8784
epoch: 103, iter: 2800/3251, distal-aware loss: 0.2905, lumen dice: 0.9412, wall dice: 0.8518, distal recall: 0.8784
epoch: 103, iter: 2810/3251, distal-aware loss: 0.2905, lumen dice: 0.9410, wall dice: 0.8518, distal recall: 0.8784
epoch: 103, iter: 2820/3251, distal-aware loss: 0.2905, lumen dice: 0.9411, wall dice: 0.8518, distal recall: 0.8784
epoch: 103, iter: 2830/3251, distal-aware loss: 0.2905, lumen dice: 0.9411, wall dice: 0.8518, distal recall: 0.8785
epoch: 103, iter: 2840/3251, distal-aware loss: 0.2904, lumen dice: 0.9411, wall dice: 0.8518, distal recall: 0.8785
epoch: 103, iter: 2850/3251, distal-aware loss: 0.2903, lumen dice: 0.9411, wall dice: 0.8519, distal recall: 0.8786
epoch: 103, iter: 2860/3251, distal-aware loss: 0.2903, lumen dice: 0.9411, wall dice: 0.8519, distal recall: 0.8786
epoch: 103, iter: 2870/3251, distal-aware loss: 0.2903, lumen dice: 0.9411, wall dice: 0.8519, distal recall: 0.8787
epoch: 103, iter: 2880/3251, distal-aware loss: 0.2903, lumen dice: 0.9412, wall dice: 0.8519, distal recall: 0.8786
epoch: 103, iter: 2890/3251, distal-aware loss: 0.2905, lumen dice: 0.9411, wall dice: 0.8518, distal recall: 0.8786
epoch: 103, iter: 2900/3251, distal-aware loss: 0.2905, lumen dice: 0.9410, wall dice: 0.8517, distal recall: 0.8786
epoch: 103, iter: 2910/3251, distal-aware loss: 0.2906, lumen dice: 0.9410, wall dice: 0.8517, distal recall: 0.8785
epoch: 103, iter: 2920/3251, distal-aware loss: 0.2907, lumen dice: 0.9410, wall dice: 0.8517, distal recall: 0.8785
epoch: 103, iter: 2930/3251, distal-aware loss: 0.2908, lumen dice: 0.9410, wall dice: 0.8516, distal recall: 0.8783
epoch: 103, iter: 2940/3251, distal-aware loss: 0.2907, lumen dice: 0.9410, wall dice: 0.8516, distal recall: 0.8782
epoch: 103, iter: 2950/3251, distal-aware loss: 0.2907, lumen dice: 0.9411, wall dice: 0.8517, distal recall: 0.8783
epoch: 103, iter: 2960/3251, distal-aware loss: 0.2907, lumen dice: 0.9409, wall dice: 0.8517, distal recall: 0.8783
epoch: 103, iter: 2970/3251, distal-aware loss: 0.2908, lumen dice: 0.9410, wall dice: 0.8517, distal recall: 0.8783
epoch: 103, iter: 2980/3251, distal-aware loss: 0.2909, lumen dice: 0.9409, wall dice: 0.8516, distal recall: 0.8782
epoch: 103, iter: 2990/3251, distal-aware loss: 0.2909, lumen dice: 0.9409, wall dice: 0.8515, distal recall: 0.8782
epoch: 103, iter: 3000/3251, distal-aware loss: 0.2909, lumen dice: 0.9409, wall dice: 0.8516, distal recall: 0.8782
epoch: 103, iter: 3010/3251, distal-aware loss: 0.2908, lumen dice: 0.9410, wall dice: 0.8516, distal recall: 0.8783
epoch: 103, iter: 3020/3251, distal-aware loss: 0.2907, lumen dice: 0.9410, wall dice: 0.8517, distal recall: 0.8783
epoch: 103, iter: 3030/3251, distal-aware loss: 0.2906, lumen dice: 0.9411, wall dice: 0.8518, distal recall: 0.8783
epoch: 103, iter: 3040/3251, distal-aware loss: 0.2904, lumen dice: 0.9411, wall dice: 0.8518, distal recall: 0.8784
epoch: 103, iter: 3050/3251, distal-aware loss: 0.2905, lumen dice: 0.9411, wall dice: 0.8518, distal recall: 0.8783
epoch: 103, iter: 3060/3251, distal-aware loss: 0.2904, lumen dice: 0.9411, wall dice: 0.8519, distal recall: 0.8784
epoch: 103, iter: 3070/3251, distal-aware loss: 0.2904, lumen dice: 0.9411, wall dice: 0.8517, distal recall: 0.8784
epoch: 103, iter: 3080/3251, distal-aware loss: 0.2904, lumen dice: 0.9411, wall dice: 0.8518, distal recall: 0.8785
epoch: 103, iter: 3090/3251, distal-aware loss: 0.2903, lumen dice: 0.9412, wall dice: 0.8518, distal recall: 0.8785
epoch: 103, iter: 3100/3251, distal-aware loss: 0.2902, lumen dice: 0.9412, wall dice: 0.8518, distal recall: 0.8785
epoch: 103, iter: 3110/3251, distal-aware loss: 0.2901, lumen dice: 0.9412, wall dice: 0.8518, distal recall: 0.8786
epoch: 103, iter: 3120/3251, distal-aware loss: 0.2900, lumen dice: 0.9413, wall dice: 0.8519, distal recall: 0.8786
epoch: 103, iter: 3130/3251, distal-aware loss: 0.2900, lumen dice: 0.9413, wall dice: 0.8519, distal recall: 0.8786
epoch: 103, iter: 3140/3251, distal-aware loss: 0.2900, lumen dice: 0.9413, wall dice: 0.8520, distal recall: 0.8787
epoch: 103, iter: 3150/3251, distal-aware loss: 0.2899, lumen dice: 0.9413, wall dice: 0.8519, distal recall: 0.8787
epoch: 103, iter: 3160/3251, distal-aware loss: 0.2899, lumen dice: 0.9413, wall dice: 0.8519, distal recall: 0.8786
epoch: 103, iter: 3170/3251, distal-aware loss: 0.2900, lumen dice: 0.9412, wall dice: 0.8519, distal recall: 0.8787
epoch: 103, iter: 3180/3251, distal-aware loss: 0.2900, lumen dice: 0.9412, wall dice: 0.8519, distal recall: 0.8787
epoch: 103, iter: 3190/3251, distal-aware loss: 0.2900, lumen dice: 0.9412, wall dice: 0.8519, distal recall: 0.8787
epoch: 103, iter: 3200/3251, distal-aware loss: 0.2899, lumen dice: 0.9412, wall dice: 0.8520, distal recall: 0.8787
epoch: 103, iter: 3210/3251, distal-aware loss: 0.2899, lumen dice: 0.9413, wall dice: 0.8520, distal recall: 0.8787
epoch: 103, iter: 3220/3251, distal-aware loss: 0.2898, lumen dice: 0.9413, wall dice: 0.8520, distal recall: 0.8787
epoch: 103, iter: 3230/3251, distal-aware loss: 0.2897, lumen dice: 0.9413, wall dice: 0.8521, distal recall: 0.8788
epoch: 103, iter: 3240/3251, distal-aware loss: 0.2897, lumen dice: 0.9413, wall dice: 0.8521, distal recall: 0.8788
epoch: 103, iter: 3250/3251, distal-aware loss: 0.2898, lumen dice: 0.9413, wall dice: 0.8521, distal recall: 0.8788
epoch: 103, val distal-aware loss: 0.2953, val lumen dice: 0.9492, val wall dice: 0.8768, val distal recall: 0.8945
starting epoch: 104
epoch: 104, iter: 0/3251, distal-aware loss: 0.2997, lumen dice: 0.9395, wall dice: 0.8550, distal recall: 0.8331
epoch: 104, iter: 10/3251, distal-aware loss: 0.2926, lumen dice: 0.9476, wall dice: 0.8603, distal recall: 0.8857
epoch: 104, iter: 20/3251, distal-aware loss: 0.2875, lumen dice: 0.9439, wall dice: 0.8598, distal recall: 0.8935
epoch: 104, iter: 30/3251, distal-aware loss: 0.2903, lumen dice: 0.9406, wall dice: 0.8586, distal recall: 0.8899
epoch: 104, iter: 40/3251, distal-aware loss: 0.2873, lumen dice: 0.9444, wall dice: 0.8601, distal recall: 0.8888
epoch: 104, iter: 50/3251, distal-aware loss: 0.2953, lumen dice: 0.9415, wall dice: 0.8480, distal recall: 0.8816
epoch: 104, iter: 60/3251, distal-aware loss: 0.2952, lumen dice: 0.9390, wall dice: 0.8495, distal recall: 0.8826
epoch: 104, iter: 70/3251, distal-aware loss: 0.2905, lumen dice: 0.9405, wall dice: 0.8524, distal recall: 0.8830
epoch: 104, iter: 80/3251, distal-aware loss: 0.2885, lumen dice: 0.9417, wall dice: 0.8548, distal recall: 0.8848
epoch: 104, iter: 90/3251, distal-aware loss: 0.2871, lumen dice: 0.9428, wall dice: 0.8555, distal recall: 0.8839
epoch: 104, iter: 100/3251, distal-aware loss: 0.2898, lumen dice: 0.9426, wall dice: 0.8537, distal recall: 0.8841
epoch: 104, iter: 110/3251, distal-aware loss: 0.2908, lumen dice: 0.9410, wall dice: 0.8520, distal recall: 0.8837
epoch: 104, iter: 120/3251, distal-aware loss: 0.2892, lumen dice: 0.9423, wall dice: 0.8529, distal recall: 0.8845
epoch: 104, iter: 130/3251, distal-aware loss: 0.2877, lumen dice: 0.9427, wall dice: 0.8543, distal recall: 0.8837
epoch: 104, iter: 140/3251, distal-aware loss: 0.2881, lumen dice: 0.9424, wall dice: 0.8543, distal recall: 0.8837
epoch: 104, iter: 150/3251, distal-aware loss: 0.2887, lumen dice: 0.9412, wall dice: 0.8545, distal recall: 0.8830
epoch: 104, iter: 160/3251, distal-aware loss: 0.2899, lumen dice: 0.9409, wall dice: 0.8540, distal recall: 0.8819
epoch: 104, iter: 170/3251, distal-aware loss: 0.2898, lumen dice: 0.9410, wall dice: 0.8539, distal recall: 0.8805
epoch: 104, iter: 180/3251, distal-aware loss: 0.2894, lumen dice: 0.9416, wall dice: 0.8543, distal recall: 0.8814
epoch: 104, iter: 190/3251, distal-aware loss: 0.2878, lumen dice: 0.9418, wall dice: 0.8552, distal recall: 0.8823
epoch: 104, iter: 200/3251, distal-aware loss: 0.2878, lumen dice: 0.9420, wall dice: 0.8551, distal recall: 0.8819
epoch: 104, iter: 210/3251, distal-aware loss: 0.2879, lumen dice: 0.9422, wall dice: 0.8550, distal recall: 0.8820
epoch: 104, iter: 220/3251, distal-aware loss: 0.2869, lumen dice: 0.9429, wall dice: 0.8551, distal recall: 0.8815
epoch: 104, iter: 230/3251, distal-aware loss: 0.2867, lumen dice: 0.9431, wall dice: 0.8550, distal recall: 0.8820
epoch: 104, iter: 240/3251, distal-aware loss: 0.2852, lumen dice: 0.9430, wall dice: 0.8560, distal recall: 0.8828
epoch: 104, iter: 250/3251, distal-aware loss: 0.2848, lumen dice: 0.9432, wall dice: 0.8564, distal recall: 0.8831
epoch: 104, iter: 260/3251, distal-aware loss: 0.2841, lumen dice: 0.9436, wall dice: 0.8566, distal recall: 0.8834
epoch: 104, iter: 270/3251, distal-aware loss: 0.2840, lumen dice: 0.9441, wall dice: 0.8572, distal recall: 0.8831
epoch: 104, iter: 280/3251, distal-aware loss: 0.2834, lumen dice: 0.9442, wall dice: 0.8578, distal recall: 0.8834
epoch: 104, iter: 290/3251, distal-aware loss: 0.2822, lumen dice: 0.9445, wall dice: 0.8584, distal recall: 0.8839
epoch: 104, iter: 300/3251, distal-aware loss: 0.2828, lumen dice: 0.9446, wall dice: 0.8581, distal recall: 0.8836
epoch: 104, iter: 310/3251, distal-aware loss: 0.2822, lumen dice: 0.9451, wall dice: 0.8584, distal recall: 0.8827
epoch: 104, iter: 320/3251, distal-aware loss: 0.2820, lumen dice: 0.9454, wall dice: 0.8590, distal recall: 0.8830
epoch: 104, iter: 330/3251, distal-aware loss: 0.2821, lumen dice: 0.9451, wall dice: 0.8588, distal recall: 0.8830
epoch: 104, iter: 340/3251, distal-aware loss: 0.2830, lumen dice: 0.9446, wall dice: 0.8584, distal recall: 0.8823
epoch: 104, iter: 350/3251, distal-aware loss: 0.2826, lumen dice: 0.9449, wall dice: 0.8587, distal recall: 0.8827
epoch: 104, iter: 360/3251, distal-aware loss: 0.2830, lumen dice: 0.9445, wall dice: 0.8589, distal recall: 0.8828
epoch: 104, iter: 370/3251, distal-aware loss: 0.2822, lumen dice: 0.9449, wall dice: 0.8590, distal recall: 0.8830
epoch: 104, iter: 380/3251, distal-aware loss: 0.2829, lumen dice: 0.9447, wall dice: 0.8584, distal recall: 0.8828
epoch: 104, iter: 390/3251, distal-aware loss: 0.2833, lumen dice: 0.9439, wall dice: 0.8584, distal recall: 0.8829
epoch: 104, iter: 400/3251, distal-aware loss: 0.2838, lumen dice: 0.9439, wall dice: 0.8582, distal recall: 0.8823
epoch: 104, iter: 410/3251, distal-aware loss: 0.2838, lumen dice: 0.9440, wall dice: 0.8581, distal recall: 0.8823
epoch: 104, iter: 420/3251, distal-aware loss: 0.2852, lumen dice: 0.9434, wall dice: 0.8571, distal recall: 0.8820
epoch: 104, iter: 430/3251, distal-aware loss: 0.2857, lumen dice: 0.9435, wall dice: 0.8568, distal recall: 0.8816
epoch: 104, iter: 440/3251, distal-aware loss: 0.2860, lumen dice: 0.9437, wall dice: 0.8565, distal recall: 0.8815
epoch: 104, iter: 450/3251, distal-aware loss: 0.2853, lumen dice: 0.9441, wall dice: 0.8567, distal recall: 0.8815
epoch: 104, iter: 460/3251, distal-aware loss: 0.2855, lumen dice: 0.9437, wall dice: 0.8566, distal recall: 0.8815
epoch: 104, iter: 470/3251, distal-aware loss: 0.2853, lumen dice: 0.9440, wall dice: 0.8567, distal recall: 0.8813
epoch: 104, iter: 480/3251, distal-aware loss: 0.2853, lumen dice: 0.9440, wall dice: 0.8565, distal recall: 0.8813
epoch: 104, iter: 490/3251, distal-aware loss: 0.2855, lumen dice: 0.9441, wall dice: 0.8565, distal recall: 0.8812
epoch: 104, iter: 500/3251, distal-aware loss: 0.2852, lumen dice: 0.9441, wall dice: 0.8568, distal recall: 0.8819
epoch: 104, iter: 510/3251, distal-aware loss: 0.2847, lumen dice: 0.9442, wall dice: 0.8570, distal recall: 0.8823
epoch: 104, iter: 520/3251, distal-aware loss: 0.2849, lumen dice: 0.9442, wall dice: 0.8571, distal recall: 0.8823
epoch: 104, iter: 530/3251, distal-aware loss: 0.2847, lumen dice: 0.9442, wall dice: 0.8575, distal recall: 0.8826
epoch: 104, iter: 540/3251, distal-aware loss: 0.2851, lumen dice: 0.9441, wall dice: 0.8573, distal recall: 0.8824
epoch: 104, iter: 550/3251, distal-aware loss: 0.2850, lumen dice: 0.9441, wall dice: 0.8574, distal recall: 0.8824
epoch: 104, iter: 560/3251, distal-aware loss: 0.2858, lumen dice: 0.9439, wall dice: 0.8569, distal recall: 0.8820
epoch: 104, iter: 570/3251, distal-aware loss: 0.2858, lumen dice: 0.9438, wall dice: 0.8570, distal recall: 0.8824
epoch: 104, iter: 580/3251, distal-aware loss: 0.2854, lumen dice: 0.9441, wall dice: 0.8572, distal recall: 0.8824
epoch: 104, iter: 590/3251, distal-aware loss: 0.2861, lumen dice: 0.9440, wall dice: 0.8564, distal recall: 0.8822
epoch: 104, iter: 600/3251, distal-aware loss: 0.2861, lumen dice: 0.9439, wall dice: 0.8565, distal recall: 0.8826
epoch: 104, iter: 610/3251, distal-aware loss: 0.2858, lumen dice: 0.9441, wall dice: 0.8566, distal recall: 0.8826
epoch: 104, iter: 620/3251, distal-aware loss: 0.2856, lumen dice: 0.9437, wall dice: 0.8567, distal recall: 0.8828
epoch: 104, iter: 630/3251, distal-aware loss: 0.2857, lumen dice: 0.9438, wall dice: 0.8566, distal recall: 0.8827
epoch: 104, iter: 640/3251, distal-aware loss: 0.2857, lumen dice: 0.9437, wall dice: 0.8565, distal recall: 0.8828
epoch: 104, iter: 650/3251, distal-aware loss: 0.2857, lumen dice: 0.9437, wall dice: 0.8566, distal recall: 0.8828
epoch: 104, iter: 660/3251, distal-aware loss: 0.2855, lumen dice: 0.9436, wall dice: 0.8567, distal recall: 0.8827
epoch: 104, iter: 670/3251, distal-aware loss: 0.2857, lumen dice: 0.9436, wall dice: 0.8565, distal recall: 0.8826
epoch: 104, iter: 680/3251, distal-aware loss: 0.2855, lumen dice: 0.9437, wall dice: 0.8564, distal recall: 0.8827
epoch: 104, iter: 690/3251, distal-aware loss: 0.2862, lumen dice: 0.9436, wall dice: 0.8561, distal recall: 0.8822
epoch: 104, iter: 700/3251, distal-aware loss: 0.2860, lumen dice: 0.9436, wall dice: 0.8563, distal recall: 0.8825
epoch: 104, iter: 710/3251, distal-aware loss: 0.2858, lumen dice: 0.9438, wall dice: 0.8566, distal recall: 0.8826
epoch: 104, iter: 720/3251, distal-aware loss: 0.2858, lumen dice: 0.9438, wall dice: 0.8565, distal recall: 0.8827
epoch: 104, iter: 730/3251, distal-aware loss: 0.2859, lumen dice: 0.9437, wall dice: 0.8565, distal recall: 0.8825
epoch: 104, iter: 740/3251, distal-aware loss: 0.2859, lumen dice: 0.9436, wall dice: 0.8565, distal recall: 0.8824
epoch: 104, iter: 750/3251, distal-aware loss: 0.2859, lumen dice: 0.9434, wall dice: 0.8566, distal recall: 0.8825
epoch: 104, iter: 760/3251, distal-aware loss: 0.2860, lumen dice: 0.9435, wall dice: 0.8566, distal recall: 0.8823
epoch: 104, iter: 770/3251, distal-aware loss: 0.2856, lumen dice: 0.9436, wall dice: 0.8568, distal recall: 0.8827
epoch: 104, iter: 780/3251, distal-aware loss: 0.2857, lumen dice: 0.9436, wall dice: 0.8568, distal recall: 0.8825
epoch: 104, iter: 790/3251, distal-aware loss: 0.2857, lumen dice: 0.9436, wall dice: 0.8562, distal recall: 0.8827
epoch: 104, iter: 800/3251, distal-aware loss: 0.2854, lumen dice: 0.9437, wall dice: 0.8562, distal recall: 0.8827
epoch: 104, iter: 810/3251, distal-aware loss: 0.2855, lumen dice: 0.9437, wall dice: 0.8563, distal recall: 0.8828
epoch: 104, iter: 820/3251, distal-aware loss: 0.2854, lumen dice: 0.9438, wall dice: 0.8563, distal recall: 0.8829
epoch: 104, iter: 830/3251, distal-aware loss: 0.2859, lumen dice: 0.9437, wall dice: 0.8562, distal recall: 0.8828
epoch: 104, iter: 840/3251, distal-aware loss: 0.2858, lumen dice: 0.9437, wall dice: 0.8563, distal recall: 0.8830
epoch: 104, iter: 850/3251, distal-aware loss: 0.2864, lumen dice: 0.9431, wall dice: 0.8561, distal recall: 0.8824
epoch: 104, iter: 860/3251, distal-aware loss: 0.2860, lumen dice: 0.9432, wall dice: 0.8563, distal recall: 0.8823
epoch: 104, iter: 870/3251, distal-aware loss: 0.2869, lumen dice: 0.9428, wall dice: 0.8556, distal recall: 0.8821
epoch: 104, iter: 880/3251, distal-aware loss: 0.2869, lumen dice: 0.9428, wall dice: 0.8556, distal recall: 0.8819
epoch: 104, iter: 890/3251, distal-aware loss: 0.2872, lumen dice: 0.9425, wall dice: 0.8556, distal recall: 0.8818
epoch: 104, iter: 900/3251, distal-aware loss: 0.2874, lumen dice: 0.9425, wall dice: 0.8554, distal recall: 0.8819
epoch: 104, iter: 910/3251, distal-aware loss: 0.2873, lumen dice: 0.9426, wall dice: 0.8555, distal recall: 0.8819
epoch: 104, iter: 920/3251, distal-aware loss: 0.2870, lumen dice: 0.9427, wall dice: 0.8556, distal recall: 0.8821
epoch: 104, iter: 930/3251, distal-aware loss: 0.2871, lumen dice: 0.9427, wall dice: 0.8555, distal recall: 0.8822
epoch: 104, iter: 940/3251, distal-aware loss: 0.2874, lumen dice: 0.9424, wall dice: 0.8553, distal recall: 0.8820
epoch: 104, iter: 950/3251, distal-aware loss: 0.2873, lumen dice: 0.9424, wall dice: 0.8553, distal recall: 0.8820
epoch: 104, iter: 960/3251, distal-aware loss: 0.2871, lumen dice: 0.9424, wall dice: 0.8554, distal recall: 0.8821
epoch: 104, iter: 970/3251, distal-aware loss: 0.2872, lumen dice: 0.9425, wall dice: 0.8555, distal recall: 0.8818
epoch: 104, iter: 980/3251, distal-aware loss: 0.2873, lumen dice: 0.9424, wall dice: 0.8554, distal recall: 0.8819
epoch: 104, iter: 990/3251, distal-aware loss: 0.2873, lumen dice: 0.9425, wall dice: 0.8551, distal recall: 0.8820
epoch: 104, iter: 1000/3251, distal-aware loss: 0.2873, lumen dice: 0.9425, wall dice: 0.8550, distal recall: 0.8820
epoch: 104, iter: 1010/3251, distal-aware loss: 0.2869, lumen dice: 0.9427, wall dice: 0.8553, distal recall: 0.8821
epoch: 104, iter: 1020/3251, distal-aware loss: 0.2871, lumen dice: 0.9426, wall dice: 0.8553, distal recall: 0.8820
epoch: 104, iter: 1030/3251, distal-aware loss: 0.2869, lumen dice: 0.9426, wall dice: 0.8555, distal recall: 0.8822
epoch: 104, iter: 1040/3251, distal-aware loss: 0.2870, lumen dice: 0.9425, wall dice: 0.8555, distal recall: 0.8822
epoch: 104, iter: 1050/3251, distal-aware loss: 0.2872, lumen dice: 0.9426, wall dice: 0.8555, distal recall: 0.8821
epoch: 104, iter: 1060/3251, distal-aware loss: 0.2871, lumen dice: 0.9426, wall dice: 0.8555, distal recall: 0.8820
epoch: 104, iter: 1070/3251, distal-aware loss: 0.2873, lumen dice: 0.9426, wall dice: 0.8553, distal recall: 0.8821
epoch: 104, iter: 1080/3251, distal-aware loss: 0.2870, lumen dice: 0.9427, wall dice: 0.8555, distal recall: 0.8822
epoch: 104, iter: 1090/3251, distal-aware loss: 0.2870, lumen dice: 0.9428, wall dice: 0.8556, distal recall: 0.8823
epoch: 104, iter: 1100/3251, distal-aware loss: 0.2870, lumen dice: 0.9427, wall dice: 0.8555, distal recall: 0.8825
epoch: 104, iter: 1110/3251, distal-aware loss: 0.2870, lumen dice: 0.9427, wall dice: 0.8554, distal recall: 0.8825
epoch: 104, iter: 1120/3251, distal-aware loss: 0.2872, lumen dice: 0.9427, wall dice: 0.8554, distal recall: 0.8824
epoch: 104, iter: 1130/3251, distal-aware loss: 0.2872, lumen dice: 0.9428, wall dice: 0.8555, distal recall: 0.8823
epoch: 104, iter: 1140/3251, distal-aware loss: 0.2875, lumen dice: 0.9427, wall dice: 0.8551, distal recall: 0.8821
epoch: 104, iter: 1150/3251, distal-aware loss: 0.2878, lumen dice: 0.9425, wall dice: 0.8549, distal recall: 0.8822
epoch: 104, iter: 1160/3251, distal-aware loss: 0.2885, lumen dice: 0.9422, wall dice: 0.8546, distal recall: 0.8818
epoch: 104, iter: 1170/3251, distal-aware loss: 0.2888, lumen dice: 0.9420, wall dice: 0.8542, distal recall: 0.8817
epoch: 104, iter: 1180/3251, distal-aware loss: 0.2891, lumen dice: 0.9418, wall dice: 0.8539, distal recall: 0.8815
epoch: 104, iter: 1190/3251, distal-aware loss: 0.2891, lumen dice: 0.9419, wall dice: 0.8539, distal recall: 0.8818
epoch: 104, iter: 1200/3251, distal-aware loss: 0.2888, lumen dice: 0.9420, wall dice: 0.8541, distal recall: 0.8818
epoch: 104, iter: 1210/3251, distal-aware loss: 0.2886, lumen dice: 0.9421, wall dice: 0.8542, distal recall: 0.8819
epoch: 104, iter: 1220/3251, distal-aware loss: 0.2885, lumen dice: 0.9422, wall dice: 0.8543, distal recall: 0.8819
epoch: 104, iter: 1230/3251, distal-aware loss: 0.2885, lumen dice: 0.9422, wall dice: 0.8543, distal recall: 0.8820
epoch: 104, iter: 1240/3251, distal-aware loss: 0.2884, lumen dice: 0.9422, wall dice: 0.8543, distal recall: 0.8818
epoch: 104, iter: 1250/3251, distal-aware loss: 0.2886, lumen dice: 0.9422, wall dice: 0.8542, distal recall: 0.8817
epoch: 104, iter: 1260/3251, distal-aware loss: 0.2886, lumen dice: 0.9421, wall dice: 0.8542, distal recall: 0.8816
epoch: 104, iter: 1270/3251, distal-aware loss: 0.2888, lumen dice: 0.9421, wall dice: 0.8539, distal recall: 0.8813
epoch: 104, iter: 1280/3251, distal-aware loss: 0.2889, lumen dice: 0.9420, wall dice: 0.8538, distal recall: 0.8814
epoch: 104, iter: 1290/3251, distal-aware loss: 0.2890, lumen dice: 0.9420, wall dice: 0.8538, distal recall: 0.8814
epoch: 104, iter: 1300/3251, distal-aware loss: 0.2889, lumen dice: 0.9420, wall dice: 0.8539, distal recall: 0.8814
epoch: 104, iter: 1310/3251, distal-aware loss: 0.2890, lumen dice: 0.9421, wall dice: 0.8538, distal recall: 0.8814
epoch: 104, iter: 1320/3251, distal-aware loss: 0.2890, lumen dice: 0.9421, wall dice: 0.8538, distal recall: 0.8814
epoch: 104, iter: 1330/3251, distal-aware loss: 0.2889, lumen dice: 0.9422, wall dice: 0.8539, distal recall: 0.8813
epoch: 104, iter: 1340/3251, distal-aware loss: 0.2886, lumen dice: 0.9423, wall dice: 0.8540, distal recall: 0.8813
epoch: 104, iter: 1350/3251, distal-aware loss: 0.2885, lumen dice: 0.9423, wall dice: 0.8540, distal recall: 0.8815
epoch: 104, iter: 1360/3251, distal-aware loss: 0.2883, lumen dice: 0.9424, wall dice: 0.8542, distal recall: 0.8815
epoch: 104, iter: 1370/3251, distal-aware loss: 0.2881, lumen dice: 0.9425, wall dice: 0.8543, distal recall: 0.8816
epoch: 104, iter: 1380/3251, distal-aware loss: 0.2880, lumen dice: 0.9425, wall dice: 0.8543, distal recall: 0.8817
epoch: 104, iter: 1390/3251, distal-aware loss: 0.2881, lumen dice: 0.9424, wall dice: 0.8542, distal recall: 0.8817
epoch: 104, iter: 1400/3251, distal-aware loss: 0.2883, lumen dice: 0.9424, wall dice: 0.8541, distal recall: 0.8817
epoch: 104, iter: 1410/3251, distal-aware loss: 0.2881, lumen dice: 0.9424, wall dice: 0.8543, distal recall: 0.8817
epoch: 104, iter: 1420/3251, distal-aware loss: 0.2882, lumen dice: 0.9424, wall dice: 0.8542, distal recall: 0.8818
epoch: 104, iter: 1430/3251, distal-aware loss: 0.2879, lumen dice: 0.9425, wall dice: 0.8543, distal recall: 0.8819
epoch: 104, iter: 1440/3251, distal-aware loss: 0.2878, lumen dice: 0.9424, wall dice: 0.8543, distal recall: 0.8820
epoch: 104, iter: 1450/3251, distal-aware loss: 0.2877, lumen dice: 0.9425, wall dice: 0.8545, distal recall: 0.8819
epoch: 104, iter: 1460/3251, distal-aware loss: 0.2878, lumen dice: 0.9424, wall dice: 0.8544, distal recall: 0.8818
epoch: 104, iter: 1470/3251, distal-aware loss: 0.2880, lumen dice: 0.9424, wall dice: 0.8544, distal recall: 0.8818
epoch: 104, iter: 1480/3251, distal-aware loss: 0.2878, lumen dice: 0.9425, wall dice: 0.8545, distal recall: 0.8818
epoch: 104, iter: 1490/3251, distal-aware loss: 0.2878, lumen dice: 0.9425, wall dice: 0.8545, distal recall: 0.8819
epoch: 104, iter: 1500/3251, distal-aware loss: 0.2878, lumen dice: 0.9426, wall dice: 0.8545, distal recall: 0.8820
epoch: 104, iter: 1510/3251, distal-aware loss: 0.2879, lumen dice: 0.9425, wall dice: 0.8545, distal recall: 0.8819
epoch: 104, iter: 1520/3251, distal-aware loss: 0.2876, lumen dice: 0.9426, wall dice: 0.8546, distal recall: 0.8820
epoch: 104, iter: 1530/3251, distal-aware loss: 0.2878, lumen dice: 0.9426, wall dice: 0.8545, distal recall: 0.8819
epoch: 104, iter: 1540/3251, distal-aware loss: 0.2878, lumen dice: 0.9427, wall dice: 0.8546, distal recall: 0.8819
epoch: 104, iter: 1550/3251, distal-aware loss: 0.2877, lumen dice: 0.9426, wall dice: 0.8546, distal recall: 0.8820
epoch: 104, iter: 1560/3251, distal-aware loss: 0.2875, lumen dice: 0.9427, wall dice: 0.8547, distal recall: 0.8819
epoch: 104, iter: 1570/3251, distal-aware loss: 0.2874, lumen dice: 0.9427, wall dice: 0.8548, distal recall: 0.8821
epoch: 104, iter: 1580/3251, distal-aware loss: 0.2874, lumen dice: 0.9427, wall dice: 0.8547, distal recall: 0.8818
epoch: 104, iter: 1590/3251, distal-aware loss: 0.2874, lumen dice: 0.9426, wall dice: 0.8546, distal recall: 0.8817
epoch: 104, iter: 1600/3251, distal-aware loss: 0.2874, lumen dice: 0.9426, wall dice: 0.8546, distal recall: 0.8816
epoch: 104, iter: 1610/3251, distal-aware loss: 0.2874, lumen dice: 0.9426, wall dice: 0.8547, distal recall: 0.8817
epoch: 104, iter: 1620/3251, distal-aware loss: 0.2874, lumen dice: 0.9427, wall dice: 0.8547, distal recall: 0.8815
epoch: 104, iter: 1630/3251, distal-aware loss: 0.2874, lumen dice: 0.9428, wall dice: 0.8548, distal recall: 0.8815
epoch: 104, iter: 1640/3251, distal-aware loss: 0.2873, lumen dice: 0.9428, wall dice: 0.8548, distal recall: 0.8816
epoch: 104, iter: 1650/3251, distal-aware loss: 0.2873, lumen dice: 0.9427, wall dice: 0.8548, distal recall: 0.8816
epoch: 104, iter: 1660/3251, distal-aware loss: 0.2874, lumen dice: 0.9427, wall dice: 0.8548, distal recall: 0.8816
epoch: 104, iter: 1670/3251, distal-aware loss: 0.2874, lumen dice: 0.9427, wall dice: 0.8548, distal recall: 0.8816
epoch: 104, iter: 1680/3251, distal-aware loss: 0.2876, lumen dice: 0.9426, wall dice: 0.8546, distal recall: 0.8816
epoch: 104, iter: 1690/3251, distal-aware loss: 0.2875, lumen dice: 0.9426, wall dice: 0.8547, distal recall: 0.8815
epoch: 104, iter: 1700/3251, distal-aware loss: 0.2876, lumen dice: 0.9426, wall dice: 0.8547, distal recall: 0.8814
epoch: 104, iter: 1710/3251, distal-aware loss: 0.2875, lumen dice: 0.9427, wall dice: 0.8548, distal recall: 0.8815
epoch: 104, iter: 1720/3251, distal-aware loss: 0.2873, lumen dice: 0.9427, wall dice: 0.8549, distal recall: 0.8815
epoch: 104, iter: 1730/3251, distal-aware loss: 0.2875, lumen dice: 0.9426, wall dice: 0.8547, distal recall: 0.8815
epoch: 104, iter: 1740/3251, distal-aware loss: 0.2874, lumen dice: 0.9427, wall dice: 0.8548, distal recall: 0.8815
epoch: 104, iter: 1750/3251, distal-aware loss: 0.2872, lumen dice: 0.9428, wall dice: 0.8549, distal recall: 0.8817
epoch: 104, iter: 1760/3251, distal-aware loss: 0.2869, lumen dice: 0.9429, wall dice: 0.8551, distal recall: 0.8818
epoch: 104, iter: 1770/3251, distal-aware loss: 0.2868, lumen dice: 0.9430, wall dice: 0.8552, distal recall: 0.8818
epoch: 104, iter: 1780/3251, distal-aware loss: 0.2868, lumen dice: 0.9430, wall dice: 0.8552, distal recall: 0.8818
epoch: 104, iter: 1790/3251, distal-aware loss: 0.2867, lumen dice: 0.9430, wall dice: 0.8552, distal recall: 0.8817
epoch: 104, iter: 1800/3251, distal-aware loss: 0.2867, lumen dice: 0.9430, wall dice: 0.8553, distal recall: 0.8817
epoch: 104, iter: 1810/3251, distal-aware loss: 0.2866, lumen dice: 0.9430, wall dice: 0.8553, distal recall: 0.8818
epoch: 104, iter: 1820/3251, distal-aware loss: 0.2867, lumen dice: 0.9426, wall dice: 0.8553, distal recall: 0.8820
epoch: 104, iter: 1830/3251, distal-aware loss: 0.2867, lumen dice: 0.9426, wall dice: 0.8552, distal recall: 0.8820
epoch: 104, iter: 1840/3251, distal-aware loss: 0.2867, lumen dice: 0.9426, wall dice: 0.8552, distal recall: 0.8820
epoch: 104, iter: 1850/3251, distal-aware loss: 0.2869, lumen dice: 0.9426, wall dice: 0.8552, distal recall: 0.8819
epoch: 104, iter: 1860/3251, distal-aware loss: 0.2871, lumen dice: 0.9424, wall dice: 0.8551, distal recall: 0.8818
epoch: 104, iter: 1870/3251, distal-aware loss: 0.2870, lumen dice: 0.9424, wall dice: 0.8552, distal recall: 0.8818
epoch: 104, iter: 1880/3251, distal-aware loss: 0.2871, lumen dice: 0.9424, wall dice: 0.8552, distal recall: 0.8818
epoch: 104, iter: 1890/3251, distal-aware loss: 0.2873, lumen dice: 0.9424, wall dice: 0.8551, distal recall: 0.8817
epoch: 104, iter: 1900/3251, distal-aware loss: 0.2871, lumen dice: 0.9424, wall dice: 0.8551, distal recall: 0.8817
epoch: 104, iter: 1910/3251, distal-aware loss: 0.2872, lumen dice: 0.9425, wall dice: 0.8551, distal recall: 0.8817
epoch: 104, iter: 1920/3251, distal-aware loss: 0.2871, lumen dice: 0.9425, wall dice: 0.8551, distal recall: 0.8816
epoch: 104, iter: 1930/3251, distal-aware loss: 0.2871, lumen dice: 0.9425, wall dice: 0.8552, distal recall: 0.8816
epoch: 104, iter: 1940/3251, distal-aware loss: 0.2872, lumen dice: 0.9426, wall dice: 0.8551, distal recall: 0.8815
epoch: 104, iter: 1950/3251, distal-aware loss: 0.2872, lumen dice: 0.9425, wall dice: 0.8551, distal recall: 0.8815
epoch: 104, iter: 1960/3251, distal-aware loss: 0.2870, lumen dice: 0.9426, wall dice: 0.8552, distal recall: 0.8815
epoch: 104, iter: 1970/3251, distal-aware loss: 0.2871, lumen dice: 0.9426, wall dice: 0.8552, distal recall: 0.8815
epoch: 104, iter: 1980/3251, distal-aware loss: 0.2870, lumen dice: 0.9427, wall dice: 0.8552, distal recall: 0.8815
epoch: 104, iter: 1990/3251, distal-aware loss: 0.2870, lumen dice: 0.9427, wall dice: 0.8553, distal recall: 0.8816
epoch: 104, iter: 2000/3251, distal-aware loss: 0.2870, lumen dice: 0.9427, wall dice: 0.8551, distal recall: 0.8815
epoch: 104, iter: 2010/3251, distal-aware loss: 0.2872, lumen dice: 0.9426, wall dice: 0.8551, distal recall: 0.8813
epoch: 104, iter: 2020/3251, distal-aware loss: 0.2871, lumen dice: 0.9426, wall dice: 0.8551, distal recall: 0.8813
epoch: 104, iter: 2030/3251, distal-aware loss: 0.2871, lumen dice: 0.9426, wall dice: 0.8551, distal recall: 0.8814
epoch: 104, iter: 2040/3251, distal-aware loss: 0.2871, lumen dice: 0.9427, wall dice: 0.8551, distal recall: 0.8813
epoch: 104, iter: 2050/3251, distal-aware loss: 0.2869, lumen dice: 0.9427, wall dice: 0.8551, distal recall: 0.8814
epoch: 104, iter: 2060/3251, distal-aware loss: 0.2869, lumen dice: 0.9427, wall dice: 0.8552, distal recall: 0.8813
epoch: 104, iter: 2070/3251, distal-aware loss: 0.2869, lumen dice: 0.9427, wall dice: 0.8551, distal recall: 0.8812
epoch: 104, iter: 2080/3251, distal-aware loss: 0.2869, lumen dice: 0.9428, wall dice: 0.8551, distal recall: 0.8812
epoch: 104, iter: 2090/3251, distal-aware loss: 0.2870, lumen dice: 0.9428, wall dice: 0.8551, distal recall: 0.8811
epoch: 104, iter: 2100/3251, distal-aware loss: 0.2869, lumen dice: 0.9428, wall dice: 0.8552, distal recall: 0.8812
epoch: 104, iter: 2110/3251, distal-aware loss: 0.2870, lumen dice: 0.9428, wall dice: 0.8550, distal recall: 0.8812
epoch: 104, iter: 2120/3251, distal-aware loss: 0.2870, lumen dice: 0.9428, wall dice: 0.8551, distal recall: 0.8812
epoch: 104, iter: 2130/3251, distal-aware loss: 0.2869, lumen dice: 0.9428, wall dice: 0.8551, distal recall: 0.8813
epoch: 104, iter: 2140/3251, distal-aware loss: 0.2869, lumen dice: 0.9428, wall dice: 0.8551, distal recall: 0.8813
epoch: 104, iter: 2150/3251, distal-aware loss: 0.2868, lumen dice: 0.9427, wall dice: 0.8551, distal recall: 0.8814
epoch: 104, iter: 2160/3251, distal-aware loss: 0.2870, lumen dice: 0.9427, wall dice: 0.8549, distal recall: 0.8812
epoch: 104, iter: 2170/3251, distal-aware loss: 0.2872, lumen dice: 0.9425, wall dice: 0.8547, distal recall: 0.8812
epoch: 104, iter: 2180/3251, distal-aware loss: 0.2871, lumen dice: 0.9426, wall dice: 0.8548, distal recall: 0.8812
epoch: 104, iter: 2190/3251, distal-aware loss: 0.2872, lumen dice: 0.9425, wall dice: 0.8547, distal recall: 0.8811
epoch: 104, iter: 2200/3251, distal-aware loss: 0.2872, lumen dice: 0.9425, wall dice: 0.8548, distal recall: 0.8812
epoch: 104, iter: 2210/3251, distal-aware loss: 0.2871, lumen dice: 0.9425, wall dice: 0.8548, distal recall: 0.8812
epoch: 104, iter: 2220/3251, distal-aware loss: 0.2869, lumen dice: 0.9426, wall dice: 0.8549, distal recall: 0.8812
epoch: 104, iter: 2230/3251, distal-aware loss: 0.2868, lumen dice: 0.9426, wall dice: 0.8550, distal recall: 0.8812
epoch: 104, iter: 2240/3251, distal-aware loss: 0.2868, lumen dice: 0.9426, wall dice: 0.8550, distal recall: 0.8812
epoch: 104, iter: 2250/3251, distal-aware loss: 0.2867, lumen dice: 0.9426, wall dice: 0.8551, distal recall: 0.8813
epoch: 104, iter: 2260/3251, distal-aware loss: 0.2868, lumen dice: 0.9427, wall dice: 0.8551, distal recall: 0.8812
epoch: 104, iter: 2270/3251, distal-aware loss: 0.2868, lumen dice: 0.9427, wall dice: 0.8550, distal recall: 0.8813
epoch: 104, iter: 2280/3251, distal-aware loss: 0.2870, lumen dice: 0.9425, wall dice: 0.8549, distal recall: 0.8812
epoch: 104, iter: 2290/3251, distal-aware loss: 0.2871, lumen dice: 0.9425, wall dice: 0.8548, distal recall: 0.8813
epoch: 104, iter: 2300/3251, distal-aware loss: 0.2871, lumen dice: 0.9425, wall dice: 0.8548, distal recall: 0.8812
epoch: 104, iter: 2310/3251, distal-aware loss: 0.2870, lumen dice: 0.9426, wall dice: 0.8548, distal recall: 0.8813
epoch: 104, iter: 2320/3251, distal-aware loss: 0.2869, lumen dice: 0.9426, wall dice: 0.8549, distal recall: 0.8813
epoch: 104, iter: 2330/3251, distal-aware loss: 0.2869, lumen dice: 0.9425, wall dice: 0.8549, distal recall: 0.8813
epoch: 104, iter: 2340/3251, distal-aware loss: 0.2870, lumen dice: 0.9425, wall dice: 0.8549, distal recall: 0.8813
epoch: 104, iter: 2350/3251, distal-aware loss: 0.2869, lumen dice: 0.9425, wall dice: 0.8550, distal recall: 0.8814
epoch: 104, iter: 2360/3251, distal-aware loss: 0.2869, lumen dice: 0.9425, wall dice: 0.8550, distal recall: 0.8813
epoch: 104, iter: 2370/3251, distal-aware loss: 0.2870, lumen dice: 0.9426, wall dice: 0.8549, distal recall: 0.8814
epoch: 104, iter: 2380/3251, distal-aware loss: 0.2870, lumen dice: 0.9426, wall dice: 0.8549, distal recall: 0.8814
epoch: 104, iter: 2390/3251, distal-aware loss: 0.2869, lumen dice: 0.9426, wall dice: 0.8550, distal recall: 0.8814
epoch: 104, iter: 2400/3251, distal-aware loss: 0.2869, lumen dice: 0.9426, wall dice: 0.8550, distal recall: 0.8813
epoch: 104, iter: 2410/3251, distal-aware loss: 0.2870, lumen dice: 0.9426, wall dice: 0.8549, distal recall: 0.8814
epoch: 104, iter: 2420/3251, distal-aware loss: 0.2869, lumen dice: 0.9426, wall dice: 0.8548, distal recall: 0.8814
epoch: 104, iter: 2430/3251, distal-aware loss: 0.2870, lumen dice: 0.9426, wall dice: 0.8549, distal recall: 0.8814
epoch: 104, iter: 2440/3251, distal-aware loss: 0.2869, lumen dice: 0.9426, wall dice: 0.8549, distal recall: 0.8814
epoch: 104, iter: 2450/3251, distal-aware loss: 0.2868, lumen dice: 0.9427, wall dice: 0.8550, distal recall: 0.8815
epoch: 104, iter: 2460/3251, distal-aware loss: 0.2868, lumen dice: 0.9427, wall dice: 0.8549, distal recall: 0.8814
epoch: 104, iter: 2470/3251, distal-aware loss: 0.2868, lumen dice: 0.9427, wall dice: 0.8549, distal recall: 0.8814
epoch: 104, iter: 2480/3251, distal-aware loss: 0.2869, lumen dice: 0.9427, wall dice: 0.8549, distal recall: 0.8814
epoch: 104, iter: 2490/3251, distal-aware loss: 0.2868, lumen dice: 0.9427, wall dice: 0.8549, distal recall: 0.8816
epoch: 104, iter: 2500/3251, distal-aware loss: 0.2868, lumen dice: 0.9427, wall dice: 0.8549, distal recall: 0.8816
epoch: 104, iter: 2510/3251, distal-aware loss: 0.2868, lumen dice: 0.9427, wall dice: 0.8549, distal recall: 0.8816
epoch: 104, iter: 2520/3251, distal-aware loss: 0.2867, lumen dice: 0.9426, wall dice: 0.8549, distal recall: 0.8816
epoch: 104, iter: 2530/3251, distal-aware loss: 0.2868, lumen dice: 0.9426, wall dice: 0.8548, distal recall: 0.8816
epoch: 104, iter: 2540/3251, distal-aware loss: 0.2868, lumen dice: 0.9426, wall dice: 0.8548, distal recall: 0.8817
epoch: 104, iter: 2550/3251, distal-aware loss: 0.2869, lumen dice: 0.9426, wall dice: 0.8547, distal recall: 0.8817
epoch: 104, iter: 2560/3251, distal-aware loss: 0.2871, lumen dice: 0.9425, wall dice: 0.8546, distal recall: 0.8816
epoch: 104, iter: 2570/3251, distal-aware loss: 0.2870, lumen dice: 0.9426, wall dice: 0.8547, distal recall: 0.8816
epoch: 104, iter: 2580/3251, distal-aware loss: 0.2870, lumen dice: 0.9424, wall dice: 0.8545, distal recall: 0.8816
epoch: 104, iter: 2590/3251, distal-aware loss: 0.2871, lumen dice: 0.9424, wall dice: 0.8544, distal recall: 0.8816
epoch: 104, iter: 2600/3251, distal-aware loss: 0.2870, lumen dice: 0.9425, wall dice: 0.8545, distal recall: 0.8815
epoch: 104, iter: 2610/3251, distal-aware loss: 0.2870, lumen dice: 0.9425, wall dice: 0.8544, distal recall: 0.8815
epoch: 104, iter: 2620/3251, distal-aware loss: 0.2870, lumen dice: 0.9425, wall dice: 0.8544, distal recall: 0.8815
epoch: 104, iter: 2630/3251, distal-aware loss: 0.2870, lumen dice: 0.9425, wall dice: 0.8543, distal recall: 0.8815
epoch: 104, iter: 2640/3251, distal-aware loss: 0.2870, lumen dice: 0.9425, wall dice: 0.8543, distal recall: 0.8815
epoch: 104, iter: 2650/3251, distal-aware loss: 0.2870, lumen dice: 0.9425, wall dice: 0.8543, distal recall: 0.8814
epoch: 104, iter: 2660/3251, distal-aware loss: 0.2869, lumen dice: 0.9425, wall dice: 0.8544, distal recall: 0.8814
epoch: 104, iter: 2670/3251, distal-aware loss: 0.2868, lumen dice: 0.9426, wall dice: 0.8544, distal recall: 0.8814
epoch: 104, iter: 2680/3251, distal-aware loss: 0.2868, lumen dice: 0.9426, wall dice: 0.8544, distal recall: 0.8814
epoch: 104, iter: 2690/3251, distal-aware loss: 0.2868, lumen dice: 0.9426, wall dice: 0.8544, distal recall: 0.8814
epoch: 104, iter: 2700/3251, distal-aware loss: 0.2868, lumen dice: 0.9426, wall dice: 0.8545, distal recall: 0.8814
epoch: 104, iter: 2710/3251, distal-aware loss: 0.2869, lumen dice: 0.9426, wall dice: 0.8545, distal recall: 0.8814
epoch: 104, iter: 2720/3251, distal-aware loss: 0.2869, lumen dice: 0.9426, wall dice: 0.8545, distal recall: 0.8813
epoch: 104, iter: 2730/3251, distal-aware loss: 0.2869, lumen dice: 0.9426, wall dice: 0.8545, distal recall: 0.8813
epoch: 104, iter: 2740/3251, distal-aware loss: 0.2868, lumen dice: 0.9426, wall dice: 0.8545, distal recall: 0.8813
epoch: 104, iter: 2750/3251, distal-aware loss: 0.2868, lumen dice: 0.9426, wall dice: 0.8545, distal recall: 0.8813
epoch: 104, iter: 2760/3251, distal-aware loss: 0.2868, lumen dice: 0.9426, wall dice: 0.8545, distal recall: 0.8814
epoch: 104, iter: 2770/3251, distal-aware loss: 0.2866, lumen dice: 0.9427, wall dice: 0.8546, distal recall: 0.8814
epoch: 104, iter: 2780/3251, distal-aware loss: 0.2866, lumen dice: 0.9427, wall dice: 0.8546, distal recall: 0.8814
epoch: 104, iter: 2790/3251, distal-aware loss: 0.2867, lumen dice: 0.9427, wall dice: 0.8546, distal recall: 0.8814
epoch: 104, iter: 2800/3251, distal-aware loss: 0.2867, lumen dice: 0.9427, wall dice: 0.8545, distal recall: 0.8814
epoch: 104, iter: 2810/3251, distal-aware loss: 0.2867, lumen dice: 0.9427, wall dice: 0.8546, distal recall: 0.8813
epoch: 104, iter: 2820/3251, distal-aware loss: 0.2867, lumen dice: 0.9428, wall dice: 0.8546, distal recall: 0.8814
epoch: 104, iter: 2830/3251, distal-aware loss: 0.2867, lumen dice: 0.9427, wall dice: 0.8545, distal recall: 0.8814
epoch: 104, iter: 2840/3251, distal-aware loss: 0.2867, lumen dice: 0.9428, wall dice: 0.8545, distal recall: 0.8815
epoch: 104, iter: 2850/3251, distal-aware loss: 0.2867, lumen dice: 0.9428, wall dice: 0.8545, distal recall: 0.8814
epoch: 104, iter: 2860/3251, distal-aware loss: 0.2867, lumen dice: 0.9428, wall dice: 0.8546, distal recall: 0.8815
epoch: 104, iter: 2870/3251, distal-aware loss: 0.2868, lumen dice: 0.9427, wall dice: 0.8545, distal recall: 0.8814
epoch: 104, iter: 2880/3251, distal-aware loss: 0.2867, lumen dice: 0.9427, wall dice: 0.8545, distal recall: 0.8815
epoch: 104, iter: 2890/3251, distal-aware loss: 0.2867, lumen dice: 0.9426, wall dice: 0.8545, distal recall: 0.8815
epoch: 104, iter: 2900/3251, distal-aware loss: 0.2868, lumen dice: 0.9426, wall dice: 0.8544, distal recall: 0.8814
epoch: 104, iter: 2910/3251, distal-aware loss: 0.2868, lumen dice: 0.9426, wall dice: 0.8545, distal recall: 0.8816
epoch: 104, iter: 2920/3251, distal-aware loss: 0.2867, lumen dice: 0.9426, wall dice: 0.8545, distal recall: 0.8816
epoch: 104, iter: 2930/3251, distal-aware loss: 0.2867, lumen dice: 0.9426, wall dice: 0.8545, distal recall: 0.8815
epoch: 104, iter: 2940/3251, distal-aware loss: 0.2868, lumen dice: 0.9425, wall dice: 0.8545, distal recall: 0.8815
epoch: 104, iter: 2950/3251, distal-aware loss: 0.2869, lumen dice: 0.9426, wall dice: 0.8544, distal recall: 0.8815
epoch: 104, iter: 2960/3251, distal-aware loss: 0.2868, lumen dice: 0.9426, wall dice: 0.8544, distal recall: 0.8815
epoch: 104, iter: 2970/3251, distal-aware loss: 0.2868, lumen dice: 0.9426, wall dice: 0.8545, distal recall: 0.8816
epoch: 104, iter: 2980/3251, distal-aware loss: 0.2867, lumen dice: 0.9426, wall dice: 0.8545, distal recall: 0.8816
epoch: 104, iter: 2990/3251, distal-aware loss: 0.2867, lumen dice: 0.9426, wall dice: 0.8545, distal recall: 0.8816
epoch: 104, iter: 3000/3251, distal-aware loss: 0.2867, lumen dice: 0.9427, wall dice: 0.8545, distal recall: 0.8816
epoch: 104, iter: 3010/3251, distal-aware loss: 0.2866, lumen dice: 0.9427, wall dice: 0.8546, distal recall: 0.8816
epoch: 104, iter: 3020/3251, distal-aware loss: 0.2868, lumen dice: 0.9427, wall dice: 0.8544, distal recall: 0.8816
epoch: 104, iter: 3030/3251, distal-aware loss: 0.2867, lumen dice: 0.9427, wall dice: 0.8544, distal recall: 0.8815
epoch: 104, iter: 3040/3251, distal-aware loss: 0.2867, lumen dice: 0.9427, wall dice: 0.8545, distal recall: 0.8816
epoch: 104, iter: 3050/3251, distal-aware loss: 0.2867, lumen dice: 0.9427, wall dice: 0.8545, distal recall: 0.8817
epoch: 104, iter: 3060/3251, distal-aware loss: 0.2867, lumen dice: 0.9426, wall dice: 0.8545, distal recall: 0.8817
epoch: 104, iter: 3070/3251, distal-aware loss: 0.2868, lumen dice: 0.9426, wall dice: 0.8545, distal recall: 0.8816
epoch: 104, iter: 3080/3251, distal-aware loss: 0.2869, lumen dice: 0.9426, wall dice: 0.8544, distal recall: 0.8815
epoch: 104, iter: 3090/3251, distal-aware loss: 0.2869, lumen dice: 0.9426, wall dice: 0.8544, distal recall: 0.8815
epoch: 104, iter: 3100/3251, distal-aware loss: 0.2868, lumen dice: 0.9427, wall dice: 0.8545, distal recall: 0.8816
epoch: 104, iter: 3110/3251, distal-aware loss: 0.2868, lumen dice: 0.9427, wall dice: 0.8546, distal recall: 0.8816
epoch: 104, iter: 3120/3251, distal-aware loss: 0.2867, lumen dice: 0.9427, wall dice: 0.8545, distal recall: 0.8816
epoch: 104, iter: 3130/3251, distal-aware loss: 0.2873, lumen dice: 0.9425, wall dice: 0.8542, distal recall: 0.8813
epoch: 104, iter: 3140/3251, distal-aware loss: 0.2875, lumen dice: 0.9424, wall dice: 0.8540, distal recall: 0.8812
epoch: 104, iter: 3150/3251, distal-aware loss: 0.2877, lumen dice: 0.9423, wall dice: 0.8539, distal recall: 0.8811
epoch: 104, iter: 3160/3251, distal-aware loss: 0.2878, lumen dice: 0.9423, wall dice: 0.8538, distal recall: 0.8810
epoch: 104, iter: 3170/3251, distal-aware loss: 0.2879, lumen dice: 0.9422, wall dice: 0.8537, distal recall: 0.8810
epoch: 104, iter: 3180/3251, distal-aware loss: 0.2879, lumen dice: 0.9422, wall dice: 0.8537, distal recall: 0.8809
epoch: 104, iter: 3190/3251, distal-aware loss: 0.2879, lumen dice: 0.9422, wall dice: 0.8538, distal recall: 0.8810
epoch: 104, iter: 3200/3251, distal-aware loss: 0.2879, lumen dice: 0.9423, wall dice: 0.8538, distal recall: 0.8809
epoch: 104, iter: 3210/3251, distal-aware loss: 0.2880, lumen dice: 0.9423, wall dice: 0.8537, distal recall: 0.8809
epoch: 104, iter: 3220/3251, distal-aware loss: 0.2880, lumen dice: 0.9423, wall dice: 0.8537, distal recall: 0.8809
epoch: 104, iter: 3230/3251, distal-aware loss: 0.2880, lumen dice: 0.9423, wall dice: 0.8537, distal recall: 0.8809
epoch: 104, iter: 3240/3251, distal-aware loss: 0.2880, lumen dice: 0.9423, wall dice: 0.8537, distal recall: 0.8809
epoch: 104, iter: 3250/3251, distal-aware loss: 0.2880, lumen dice: 0.9422, wall dice: 0.8537, distal recall: 0.8809
epoch: 104, val distal-aware loss: 0.3005, val lumen dice: 0.9505, val wall dice: 0.8782, val distal recall: 0.8758
starting epoch: 105
epoch: 105, iter: 0/3251, distal-aware loss: 0.2933, lumen dice: 0.9352, wall dice: 0.8677, distal recall: 0.8731
epoch: 105, iter: 10/3251, distal-aware loss: 0.2914, lumen dice: 0.9413, wall dice: 0.8537, distal recall: 0.8698
epoch: 105, iter: 20/3251, distal-aware loss: 0.2996, lumen dice: 0.9389, wall dice: 0.8498, distal recall: 0.8749
epoch: 105, iter: 30/3251, distal-aware loss: 0.2966, lumen dice: 0.9386, wall dice: 0.8483, distal recall: 0.8800
epoch: 105, iter: 40/3251, distal-aware loss: 0.2956, lumen dice: 0.9377, wall dice: 0.8462, distal recall: 0.8817
epoch: 105, iter: 50/3251, distal-aware loss: 0.2960, lumen dice: 0.9408, wall dice: 0.8465, distal recall: 0.8783
epoch: 105, iter: 60/3251, distal-aware loss: 0.2968, lumen dice: 0.9399, wall dice: 0.8467, distal recall: 0.8780
epoch: 105, iter: 70/3251, distal-aware loss: 0.3048, lumen dice: 0.9311, wall dice: 0.8443, distal recall: 0.8729
epoch: 105, iter: 80/3251, distal-aware loss: 0.3042, lumen dice: 0.9316, wall dice: 0.8456, distal recall: 0.8726
epoch: 105, iter: 90/3251, distal-aware loss: 0.2997, lumen dice: 0.9323, wall dice: 0.8473, distal recall: 0.8762
epoch: 105, iter: 100/3251, distal-aware loss: 0.2960, lumen dice: 0.9352, wall dice: 0.8485, distal recall: 0.8740
epoch: 105, iter: 110/3251, distal-aware loss: 0.2973, lumen dice: 0.9361, wall dice: 0.8476, distal recall: 0.8750
epoch: 105, iter: 120/3251, distal-aware loss: 0.2962, lumen dice: 0.9367, wall dice: 0.8486, distal recall: 0.8756
epoch: 105, iter: 130/3251, distal-aware loss: 0.2950, lumen dice: 0.9377, wall dice: 0.8496, distal recall: 0.8757
epoch: 105, iter: 140/3251, distal-aware loss: 0.2940, lumen dice: 0.9381, wall dice: 0.8498, distal recall: 0.8759
epoch: 105, iter: 150/3251, distal-aware loss: 0.2943, lumen dice: 0.9383, wall dice: 0.8490, distal recall: 0.8763
epoch: 105, iter: 160/3251, distal-aware loss: 0.2924, lumen dice: 0.9389, wall dice: 0.8503, distal recall: 0.8793
epoch: 105, iter: 170/3251, distal-aware loss: 0.2917, lumen dice: 0.9389, wall dice: 0.8512, distal recall: 0.8792
epoch: 105, iter: 180/3251, distal-aware loss: 0.2909, lumen dice: 0.9386, wall dice: 0.8518, distal recall: 0.8792
epoch: 105, iter: 190/3251, distal-aware loss: 0.2903, lumen dice: 0.9386, wall dice: 0.8525, distal recall: 0.8803
epoch: 105, iter: 200/3251, distal-aware loss: 0.2896, lumen dice: 0.9394, wall dice: 0.8530, distal recall: 0.8797
epoch: 105, iter: 210/3251, distal-aware loss: 0.2907, lumen dice: 0.9390, wall dice: 0.8513, distal recall: 0.8789
epoch: 105, iter: 220/3251, distal-aware loss: 0.2912, lumen dice: 0.9389, wall dice: 0.8510, distal recall: 0.8796
epoch: 105, iter: 230/3251, distal-aware loss: 0.2898, lumen dice: 0.9395, wall dice: 0.8521, distal recall: 0.8809
epoch: 105, iter: 240/3251, distal-aware loss: 0.2902, lumen dice: 0.9398, wall dice: 0.8517, distal recall: 0.8814
epoch: 105, iter: 250/3251, distal-aware loss: 0.2888, lumen dice: 0.9401, wall dice: 0.8523, distal recall: 0.8821
epoch: 105, iter: 260/3251, distal-aware loss: 0.2890, lumen dice: 0.9403, wall dice: 0.8528, distal recall: 0.8820
epoch: 105, iter: 270/3251, distal-aware loss: 0.2885, lumen dice: 0.9409, wall dice: 0.8532, distal recall: 0.8822
epoch: 105, iter: 280/3251, distal-aware loss: 0.2887, lumen dice: 0.9411, wall dice: 0.8530, distal recall: 0.8825
epoch: 105, iter: 290/3251, distal-aware loss: 0.2889, lumen dice: 0.9413, wall dice: 0.8530, distal recall: 0.8825
epoch: 105, iter: 300/3251, distal-aware loss: 0.2881, lumen dice: 0.9420, wall dice: 0.8529, distal recall: 0.8829
epoch: 105, iter: 310/3251, distal-aware loss: 0.2882, lumen dice: 0.9419, wall dice: 0.8528, distal recall: 0.8832
epoch: 105, iter: 320/3251, distal-aware loss: 0.2874, lumen dice: 0.9419, wall dice: 0.8533, distal recall: 0.8837
epoch: 105, iter: 330/3251, distal-aware loss: 0.2874, lumen dice: 0.9417, wall dice: 0.8531, distal recall: 0.8836
epoch: 105, iter: 340/3251, distal-aware loss: 0.2870, lumen dice: 0.9419, wall dice: 0.8536, distal recall: 0.8837
epoch: 105, iter: 350/3251, distal-aware loss: 0.2873, lumen dice: 0.9412, wall dice: 0.8534, distal recall: 0.8841
epoch: 105, iter: 360/3251, distal-aware loss: 0.2874, lumen dice: 0.9410, wall dice: 0.8533, distal recall: 0.8840
epoch: 105, iter: 370/3251, distal-aware loss: 0.2876, lumen dice: 0.9411, wall dice: 0.8534, distal recall: 0.8841
epoch: 105, iter: 380/3251, distal-aware loss: 0.2882, lumen dice: 0.9402, wall dice: 0.8532, distal recall: 0.8844
epoch: 105, iter: 390/3251, distal-aware loss: 0.2884, lumen dice: 0.9404, wall dice: 0.8530, distal recall: 0.8837
epoch: 105, iter: 400/3251, distal-aware loss: 0.2909, lumen dice: 0.9383, wall dice: 0.8514, distal recall: 0.8840
epoch: 105, iter: 410/3251, distal-aware loss: 0.2905, lumen dice: 0.9384, wall dice: 0.8516, distal recall: 0.8842
epoch: 105, iter: 420/3251, distal-aware loss: 0.2900, lumen dice: 0.9388, wall dice: 0.8521, distal recall: 0.8845
epoch: 105, iter: 430/3251, distal-aware loss: 0.2901, lumen dice: 0.9385, wall dice: 0.8520, distal recall: 0.8847
epoch: 105, iter: 440/3251, distal-aware loss: 0.2898, lumen dice: 0.9385, wall dice: 0.8523, distal recall: 0.8846
epoch: 105, iter: 450/3251, distal-aware loss: 0.2899, lumen dice: 0.9388, wall dice: 0.8522, distal recall: 0.8844
epoch: 105, iter: 460/3251, distal-aware loss: 0.2897, lumen dice: 0.9390, wall dice: 0.8521, distal recall: 0.8840
epoch: 105, iter: 470/3251, distal-aware loss: 0.2888, lumen dice: 0.9392, wall dice: 0.8527, distal recall: 0.8846
epoch: 105, iter: 480/3251, distal-aware loss: 0.2889, lumen dice: 0.9393, wall dice: 0.8527, distal recall: 0.8845
epoch: 105, iter: 490/3251, distal-aware loss: 0.2888, lumen dice: 0.9395, wall dice: 0.8525, distal recall: 0.8843
epoch: 105, iter: 500/3251, distal-aware loss: 0.2886, lumen dice: 0.9397, wall dice: 0.8527, distal recall: 0.8847
epoch: 105, iter: 510/3251, distal-aware loss: 0.2889, lumen dice: 0.9399, wall dice: 0.8527, distal recall: 0.8842
epoch: 105, iter: 520/3251, distal-aware loss: 0.2888, lumen dice: 0.9400, wall dice: 0.8524, distal recall: 0.8840
epoch: 105, iter: 530/3251, distal-aware loss: 0.2888, lumen dice: 0.9398, wall dice: 0.8526, distal recall: 0.8837
epoch: 105, iter: 540/3251, distal-aware loss: 0.2887, lumen dice: 0.9398, wall dice: 0.8528, distal recall: 0.8838
epoch: 105, iter: 550/3251, distal-aware loss: 0.2881, lumen dice: 0.9401, wall dice: 0.8531, distal recall: 0.8838
epoch: 105, iter: 560/3251, distal-aware loss: 0.2880, lumen dice: 0.9403, wall dice: 0.8531, distal recall: 0.8835
epoch: 105, iter: 570/3251, distal-aware loss: 0.2881, lumen dice: 0.9405, wall dice: 0.8531, distal recall: 0.8830
epoch: 105, iter: 580/3251, distal-aware loss: 0.2882, lumen dice: 0.9405, wall dice: 0.8533, distal recall: 0.8831
epoch: 105, iter: 590/3251, distal-aware loss: 0.2879, lumen dice: 0.9405, wall dice: 0.8534, distal recall: 0.8835
epoch: 105, iter: 600/3251, distal-aware loss: 0.2875, lumen dice: 0.9406, wall dice: 0.8536, distal recall: 0.8835
epoch: 105, iter: 610/3251, distal-aware loss: 0.2872, lumen dice: 0.9408, wall dice: 0.8538, distal recall: 0.8835
epoch: 105, iter: 620/3251, distal-aware loss: 0.2871, lumen dice: 0.9409, wall dice: 0.8538, distal recall: 0.8838
epoch: 105, iter: 630/3251, distal-aware loss: 0.2871, lumen dice: 0.9408, wall dice: 0.8539, distal recall: 0.8835
epoch: 105, iter: 640/3251, distal-aware loss: 0.2873, lumen dice: 0.9408, wall dice: 0.8540, distal recall: 0.8834
epoch: 105, iter: 650/3251, distal-aware loss: 0.2874, lumen dice: 0.9407, wall dice: 0.8539, distal recall: 0.8834
epoch: 105, iter: 660/3251, distal-aware loss: 0.2871, lumen dice: 0.9409, wall dice: 0.8541, distal recall: 0.8834
epoch: 105, iter: 670/3251, distal-aware loss: 0.2871, lumen dice: 0.9410, wall dice: 0.8540, distal recall: 0.8836
epoch: 105, iter: 680/3251, distal-aware loss: 0.2874, lumen dice: 0.9411, wall dice: 0.8539, distal recall: 0.8834
epoch: 105, iter: 690/3251, distal-aware loss: 0.2874, lumen dice: 0.9409, wall dice: 0.8539, distal recall: 0.8836
epoch: 105, iter: 700/3251, distal-aware loss: 0.2873, lumen dice: 0.9409, wall dice: 0.8540, distal recall: 0.8837
epoch: 105, iter: 710/3251, distal-aware loss: 0.2870, lumen dice: 0.9411, wall dice: 0.8542, distal recall: 0.8836
epoch: 105, iter: 720/3251, distal-aware loss: 0.2869, lumen dice: 0.9413, wall dice: 0.8545, distal recall: 0.8837
epoch: 105, iter: 730/3251, distal-aware loss: 0.2868, lumen dice: 0.9414, wall dice: 0.8545, distal recall: 0.8838
epoch: 105, iter: 740/3251, distal-aware loss: 0.2870, lumen dice: 0.9413, wall dice: 0.8543, distal recall: 0.8837
epoch: 105, iter: 750/3251, distal-aware loss: 0.2867, lumen dice: 0.9414, wall dice: 0.8547, distal recall: 0.8836
epoch: 105, iter: 760/3251, distal-aware loss: 0.2868, lumen dice: 0.9412, wall dice: 0.8547, distal recall: 0.8835
epoch: 105, iter: 770/3251, distal-aware loss: 0.2867, lumen dice: 0.9413, wall dice: 0.8547, distal recall: 0.8832
epoch: 105, iter: 780/3251, distal-aware loss: 0.2866, lumen dice: 0.9414, wall dice: 0.8548, distal recall: 0.8834
epoch: 105, iter: 790/3251, distal-aware loss: 0.2864, lumen dice: 0.9415, wall dice: 0.8550, distal recall: 0.8836
epoch: 105, iter: 800/3251, distal-aware loss: 0.2866, lumen dice: 0.9414, wall dice: 0.8541, distal recall: 0.8833
epoch: 105, iter: 810/3251, distal-aware loss: 0.2868, lumen dice: 0.9413, wall dice: 0.8540, distal recall: 0.8833
epoch: 105, iter: 820/3251, distal-aware loss: 0.2868, lumen dice: 0.9413, wall dice: 0.8539, distal recall: 0.8834
epoch: 105, iter: 830/3251, distal-aware loss: 0.2867, lumen dice: 0.9414, wall dice: 0.8539, distal recall: 0.8834
epoch: 105, iter: 840/3251, distal-aware loss: 0.2866, lumen dice: 0.9415, wall dice: 0.8541, distal recall: 0.8833
epoch: 105, iter: 850/3251, distal-aware loss: 0.2868, lumen dice: 0.9415, wall dice: 0.8541, distal recall: 0.8830
epoch: 105, iter: 860/3251, distal-aware loss: 0.2868, lumen dice: 0.9414, wall dice: 0.8541, distal recall: 0.8830
epoch: 105, iter: 870/3251, distal-aware loss: 0.2865, lumen dice: 0.9416, wall dice: 0.8543, distal recall: 0.8830
epoch: 105, iter: 880/3251, distal-aware loss: 0.2864, lumen dice: 0.9416, wall dice: 0.8544, distal recall: 0.8832
epoch: 105, iter: 890/3251, distal-aware loss: 0.2862, lumen dice: 0.9418, wall dice: 0.8545, distal recall: 0.8833
epoch: 105, iter: 900/3251, distal-aware loss: 0.2859, lumen dice: 0.9419, wall dice: 0.8547, distal recall: 0.8834
epoch: 105, iter: 910/3251, distal-aware loss: 0.2858, lumen dice: 0.9420, wall dice: 0.8548, distal recall: 0.8833
epoch: 105, iter: 920/3251, distal-aware loss: 0.2856, lumen dice: 0.9420, wall dice: 0.8550, distal recall: 0.8835
epoch: 105, iter: 930/3251, distal-aware loss: 0.2852, lumen dice: 0.9423, wall dice: 0.8551, distal recall: 0.8834
epoch: 105, iter: 940/3251, distal-aware loss: 0.2852, lumen dice: 0.9423, wall dice: 0.8552, distal recall: 0.8833
epoch: 105, iter: 950/3251, distal-aware loss: 0.2846, lumen dice: 0.9426, wall dice: 0.8555, distal recall: 0.8835
epoch: 105, iter: 960/3251, distal-aware loss: 0.2843, lumen dice: 0.9426, wall dice: 0.8557, distal recall: 0.8836
epoch: 105, iter: 970/3251, distal-aware loss: 0.2842, lumen dice: 0.9427, wall dice: 0.8558, distal recall: 0.8835
epoch: 105, iter: 980/3251, distal-aware loss: 0.2842, lumen dice: 0.9427, wall dice: 0.8558, distal recall: 0.8836
epoch: 105, iter: 990/3251, distal-aware loss: 0.2842, lumen dice: 0.9428, wall dice: 0.8557, distal recall: 0.8836
epoch: 105, iter: 1000/3251, distal-aware loss: 0.2843, lumen dice: 0.9426, wall dice: 0.8557, distal recall: 0.8836
epoch: 105, iter: 1010/3251, distal-aware loss: 0.2841, lumen dice: 0.9428, wall dice: 0.8558, distal recall: 0.8834
epoch: 105, iter: 1020/3251, distal-aware loss: 0.2842, lumen dice: 0.9428, wall dice: 0.8558, distal recall: 0.8832
epoch: 105, iter: 1030/3251, distal-aware loss: 0.2843, lumen dice: 0.9428, wall dice: 0.8556, distal recall: 0.8833
epoch: 105, iter: 1040/3251, distal-aware loss: 0.2843, lumen dice: 0.9428, wall dice: 0.8556, distal recall: 0.8833
epoch: 105, iter: 1050/3251, distal-aware loss: 0.2844, lumen dice: 0.9427, wall dice: 0.8556, distal recall: 0.8833
epoch: 105, iter: 1060/3251, distal-aware loss: 0.2842, lumen dice: 0.9427, wall dice: 0.8558, distal recall: 0.8834
epoch: 105, iter: 1070/3251, distal-aware loss: 0.2841, lumen dice: 0.9428, wall dice: 0.8558, distal recall: 0.8835
epoch: 105, iter: 1080/3251, distal-aware loss: 0.2844, lumen dice: 0.9426, wall dice: 0.8556, distal recall: 0.8835
epoch: 105, iter: 1090/3251, distal-aware loss: 0.2845, lumen dice: 0.9427, wall dice: 0.8556, distal recall: 0.8833
epoch: 105, iter: 1100/3251, distal-aware loss: 0.2846, lumen dice: 0.9426, wall dice: 0.8554, distal recall: 0.8834
epoch: 105, iter: 1110/3251, distal-aware loss: 0.2843, lumen dice: 0.9428, wall dice: 0.8556, distal recall: 0.8833
epoch: 105, iter: 1120/3251, distal-aware loss: 0.2842, lumen dice: 0.9430, wall dice: 0.8557, distal recall: 0.8832
epoch: 105, iter: 1130/3251, distal-aware loss: 0.2843, lumen dice: 0.9430, wall dice: 0.8557, distal recall: 0.8832
epoch: 105, iter: 1140/3251, distal-aware loss: 0.2843, lumen dice: 0.9430, wall dice: 0.8558, distal recall: 0.8831
epoch: 105, iter: 1150/3251, distal-aware loss: 0.2842, lumen dice: 0.9431, wall dice: 0.8559, distal recall: 0.8832
epoch: 105, iter: 1160/3251, distal-aware loss: 0.2841, lumen dice: 0.9431, wall dice: 0.8559, distal recall: 0.8832
epoch: 105, iter: 1170/3251, distal-aware loss: 0.2839, lumen dice: 0.9429, wall dice: 0.8560, distal recall: 0.8833
epoch: 105, iter: 1180/3251, distal-aware loss: 0.2839, lumen dice: 0.9430, wall dice: 0.8560, distal recall: 0.8831
epoch: 105, iter: 1190/3251, distal-aware loss: 0.2838, lumen dice: 0.9431, wall dice: 0.8560, distal recall: 0.8832
epoch: 105, iter: 1200/3251, distal-aware loss: 0.2836, lumen dice: 0.9431, wall dice: 0.8560, distal recall: 0.8834
epoch: 105, iter: 1210/3251, distal-aware loss: 0.2832, lumen dice: 0.9433, wall dice: 0.8562, distal recall: 0.8835
epoch: 105, iter: 1220/3251, distal-aware loss: 0.2831, lumen dice: 0.9434, wall dice: 0.8563, distal recall: 0.8835
epoch: 105, iter: 1230/3251, distal-aware loss: 0.2832, lumen dice: 0.9434, wall dice: 0.8561, distal recall: 0.8835
epoch: 105, iter: 1240/3251, distal-aware loss: 0.2833, lumen dice: 0.9432, wall dice: 0.8561, distal recall: 0.8836
epoch: 105, iter: 1250/3251, distal-aware loss: 0.2830, lumen dice: 0.9432, wall dice: 0.8563, distal recall: 0.8836
epoch: 105, iter: 1260/3251, distal-aware loss: 0.2830, lumen dice: 0.9433, wall dice: 0.8564, distal recall: 0.8837
epoch: 105, iter: 1270/3251, distal-aware loss: 0.2831, lumen dice: 0.9433, wall dice: 0.8563, distal recall: 0.8838
epoch: 105, iter: 1280/3251, distal-aware loss: 0.2832, lumen dice: 0.9433, wall dice: 0.8563, distal recall: 0.8835
epoch: 105, iter: 1290/3251, distal-aware loss: 0.2832, lumen dice: 0.9434, wall dice: 0.8563, distal recall: 0.8836
epoch: 105, iter: 1300/3251, distal-aware loss: 0.2830, lumen dice: 0.9434, wall dice: 0.8564, distal recall: 0.8837
epoch: 105, iter: 1310/3251, distal-aware loss: 0.2829, lumen dice: 0.9435, wall dice: 0.8565, distal recall: 0.8836
epoch: 105, iter: 1320/3251, distal-aware loss: 0.2831, lumen dice: 0.9435, wall dice: 0.8563, distal recall: 0.8836
epoch: 105, iter: 1330/3251, distal-aware loss: 0.2831, lumen dice: 0.9435, wall dice: 0.8563, distal recall: 0.8835
epoch: 105, iter: 1340/3251, distal-aware loss: 0.2830, lumen dice: 0.9435, wall dice: 0.8564, distal recall: 0.8835
epoch: 105, iter: 1350/3251, distal-aware loss: 0.2830, lumen dice: 0.9435, wall dice: 0.8563, distal recall: 0.8837
epoch: 105, iter: 1360/3251, distal-aware loss: 0.2831, lumen dice: 0.9434, wall dice: 0.8563, distal recall: 0.8836
epoch: 105, iter: 1370/3251, distal-aware loss: 0.2833, lumen dice: 0.9433, wall dice: 0.8562, distal recall: 0.8835
epoch: 105, iter: 1380/3251, distal-aware loss: 0.2831, lumen dice: 0.9434, wall dice: 0.8563, distal recall: 0.8835
epoch: 105, iter: 1390/3251, distal-aware loss: 0.2830, lumen dice: 0.9434, wall dice: 0.8563, distal recall: 0.8835
epoch: 105, iter: 1400/3251, distal-aware loss: 0.2834, lumen dice: 0.9434, wall dice: 0.8561, distal recall: 0.8831
epoch: 105, iter: 1410/3251, distal-aware loss: 0.2833, lumen dice: 0.9434, wall dice: 0.8562, distal recall: 0.8832
epoch: 105, iter: 1420/3251, distal-aware loss: 0.2837, lumen dice: 0.9433, wall dice: 0.8559, distal recall: 0.8829
epoch: 105, iter: 1430/3251, distal-aware loss: 0.2837, lumen dice: 0.9434, wall dice: 0.8559, distal recall: 0.8829
epoch: 105, iter: 1440/3251, distal-aware loss: 0.2837, lumen dice: 0.9433, wall dice: 0.8559, distal recall: 0.8829
epoch: 105, iter: 1450/3251, distal-aware loss: 0.2839, lumen dice: 0.9430, wall dice: 0.8558, distal recall: 0.8829
epoch: 105, iter: 1460/3251, distal-aware loss: 0.2838, lumen dice: 0.9431, wall dice: 0.8558, distal recall: 0.8830
epoch: 105, iter: 1470/3251, distal-aware loss: 0.2836, lumen dice: 0.9432, wall dice: 0.8559, distal recall: 0.8830
epoch: 105, iter: 1480/3251, distal-aware loss: 0.2837, lumen dice: 0.9432, wall dice: 0.8559, distal recall: 0.8830
epoch: 105, iter: 1490/3251, distal-aware loss: 0.2840, lumen dice: 0.9427, wall dice: 0.8558, distal recall: 0.8829
epoch: 105, iter: 1500/3251, distal-aware loss: 0.2841, lumen dice: 0.9427, wall dice: 0.8557, distal recall: 0.8829
epoch: 105, iter: 1510/3251, distal-aware loss: 0.2841, lumen dice: 0.9427, wall dice: 0.8557, distal recall: 0.8828
epoch: 105, iter: 1520/3251, distal-aware loss: 0.2841, lumen dice: 0.9427, wall dice: 0.8558, distal recall: 0.8829
epoch: 105, iter: 1530/3251, distal-aware loss: 0.2839, lumen dice: 0.9428, wall dice: 0.8559, distal recall: 0.8829
epoch: 105, iter: 1540/3251, distal-aware loss: 0.2840, lumen dice: 0.9428, wall dice: 0.8559, distal recall: 0.8828
epoch: 105, iter: 1550/3251, distal-aware loss: 0.2839, lumen dice: 0.9429, wall dice: 0.8560, distal recall: 0.8828
epoch: 105, iter: 1560/3251, distal-aware loss: 0.2839, lumen dice: 0.9430, wall dice: 0.8561, distal recall: 0.8827
epoch: 105, iter: 1570/3251, distal-aware loss: 0.2837, lumen dice: 0.9429, wall dice: 0.8562, distal recall: 0.8827
epoch: 105, iter: 1580/3251, distal-aware loss: 0.2836, lumen dice: 0.9430, wall dice: 0.8562, distal recall: 0.8828
epoch: 105, iter: 1590/3251, distal-aware loss: 0.2836, lumen dice: 0.9431, wall dice: 0.8562, distal recall: 0.8827
epoch: 105, iter: 1600/3251, distal-aware loss: 0.2839, lumen dice: 0.9430, wall dice: 0.8559, distal recall: 0.8826
epoch: 105, iter: 1610/3251, distal-aware loss: 0.2837, lumen dice: 0.9431, wall dice: 0.8560, distal recall: 0.8826
epoch: 105, iter: 1620/3251, distal-aware loss: 0.2838, lumen dice: 0.9430, wall dice: 0.8560, distal recall: 0.8827
epoch: 105, iter: 1630/3251, distal-aware loss: 0.2837, lumen dice: 0.9431, wall dice: 0.8561, distal recall: 0.8827
epoch: 105, iter: 1640/3251, distal-aware loss: 0.2837, lumen dice: 0.9430, wall dice: 0.8561, distal recall: 0.8827
epoch: 105, iter: 1650/3251, distal-aware loss: 0.2836, lumen dice: 0.9431, wall dice: 0.8563, distal recall: 0.8828
epoch: 105, iter: 1660/3251, distal-aware loss: 0.2836, lumen dice: 0.9431, wall dice: 0.8562, distal recall: 0.8828
epoch: 105, iter: 1670/3251, distal-aware loss: 0.2837, lumen dice: 0.9430, wall dice: 0.8562, distal recall: 0.8827
epoch: 105, iter: 1680/3251, distal-aware loss: 0.2835, lumen dice: 0.9431, wall dice: 0.8562, distal recall: 0.8826
epoch: 105, iter: 1690/3251, distal-aware loss: 0.2835, lumen dice: 0.9431, wall dice: 0.8562, distal recall: 0.8827
epoch: 105, iter: 1700/3251, distal-aware loss: 0.2836, lumen dice: 0.9429, wall dice: 0.8562, distal recall: 0.8827
epoch: 105, iter: 1710/3251, distal-aware loss: 0.2835, lumen dice: 0.9429, wall dice: 0.8562, distal recall: 0.8828
epoch: 105, iter: 1720/3251, distal-aware loss: 0.2836, lumen dice: 0.9431, wall dice: 0.8562, distal recall: 0.8826
epoch: 105, iter: 1730/3251, distal-aware loss: 0.2836, lumen dice: 0.9431, wall dice: 0.8562, distal recall: 0.8826
epoch: 105, iter: 1740/3251, distal-aware loss: 0.2835, lumen dice: 0.9431, wall dice: 0.8561, distal recall: 0.8826
epoch: 105, iter: 1750/3251, distal-aware loss: 0.2837, lumen dice: 0.9431, wall dice: 0.8560, distal recall: 0.8825
epoch: 105, iter: 1760/3251, distal-aware loss: 0.2837, lumen dice: 0.9431, wall dice: 0.8559, distal recall: 0.8826
epoch: 105, iter: 1770/3251, distal-aware loss: 0.2836, lumen dice: 0.9431, wall dice: 0.8561, distal recall: 0.8827
epoch: 105, iter: 1780/3251, distal-aware loss: 0.2836, lumen dice: 0.9431, wall dice: 0.8560, distal recall: 0.8827
epoch: 105, iter: 1790/3251, distal-aware loss: 0.2839, lumen dice: 0.9429, wall dice: 0.8558, distal recall: 0.8825
epoch: 105, iter: 1800/3251, distal-aware loss: 0.2838, lumen dice: 0.9427, wall dice: 0.8558, distal recall: 0.8827
epoch: 105, iter: 1810/3251, distal-aware loss: 0.2837, lumen dice: 0.9428, wall dice: 0.8559, distal recall: 0.8827
epoch: 105, iter: 1820/3251, distal-aware loss: 0.2837, lumen dice: 0.9428, wall dice: 0.8559, distal recall: 0.8827
epoch: 105, iter: 1830/3251, distal-aware loss: 0.2839, lumen dice: 0.9427, wall dice: 0.8558, distal recall: 0.8826
epoch: 105, iter: 1840/3251, distal-aware loss: 0.2840, lumen dice: 0.9427, wall dice: 0.8557, distal recall: 0.8826
epoch: 105, iter: 1850/3251, distal-aware loss: 0.2841, lumen dice: 0.9426, wall dice: 0.8557, distal recall: 0.8825
epoch: 105, iter: 1860/3251, distal-aware loss: 0.2843, lumen dice: 0.9426, wall dice: 0.8556, distal recall: 0.8825
epoch: 105, iter: 1870/3251, distal-aware loss: 0.2840, lumen dice: 0.9427, wall dice: 0.8557, distal recall: 0.8826
epoch: 105, iter: 1880/3251, distal-aware loss: 0.2840, lumen dice: 0.9427, wall dice: 0.8557, distal recall: 0.8827
epoch: 105, iter: 1890/3251, distal-aware loss: 0.2839, lumen dice: 0.9427, wall dice: 0.8558, distal recall: 0.8827
epoch: 105, iter: 1900/3251, distal-aware loss: 0.2840, lumen dice: 0.9427, wall dice: 0.8557, distal recall: 0.8827
epoch: 105, iter: 1910/3251, distal-aware loss: 0.2840, lumen dice: 0.9427, wall dice: 0.8556, distal recall: 0.8826
epoch: 105, iter: 1920/3251, distal-aware loss: 0.2840, lumen dice: 0.9427, wall dice: 0.8556, distal recall: 0.8826
epoch: 105, iter: 1930/3251, distal-aware loss: 0.2839, lumen dice: 0.9428, wall dice: 0.8557, distal recall: 0.8826
epoch: 105, iter: 1940/3251, distal-aware loss: 0.2838, lumen dice: 0.9429, wall dice: 0.8558, distal recall: 0.8826
epoch: 105, iter: 1950/3251, distal-aware loss: 0.2838, lumen dice: 0.9429, wall dice: 0.8558, distal recall: 0.8827
epoch: 105, iter: 1960/3251, distal-aware loss: 0.2837, lumen dice: 0.9429, wall dice: 0.8558, distal recall: 0.8826
epoch: 105, iter: 1970/3251, distal-aware loss: 0.2838, lumen dice: 0.9428, wall dice: 0.8558, distal recall: 0.8827
epoch: 105, iter: 1980/3251, distal-aware loss: 0.2838, lumen dice: 0.9429, wall dice: 0.8559, distal recall: 0.8827
epoch: 105, iter: 1990/3251, distal-aware loss: 0.2837, lumen dice: 0.9429, wall dice: 0.8559, distal recall: 0.8827
epoch: 105, iter: 2000/3251, distal-aware loss: 0.2836, lumen dice: 0.9430, wall dice: 0.8559, distal recall: 0.8827
epoch: 105, iter: 2010/3251, distal-aware loss: 0.2837, lumen dice: 0.9430, wall dice: 0.8558, distal recall: 0.8827
epoch: 105, iter: 2020/3251, distal-aware loss: 0.2836, lumen dice: 0.9430, wall dice: 0.8559, distal recall: 0.8828
epoch: 105, iter: 2030/3251, distal-aware loss: 0.2835, lumen dice: 0.9430, wall dice: 0.8559, distal recall: 0.8829
epoch: 105, iter: 2040/3251, distal-aware loss: 0.2835, lumen dice: 0.9430, wall dice: 0.8560, distal recall: 0.8829
epoch: 105, iter: 2050/3251, distal-aware loss: 0.2834, lumen dice: 0.9430, wall dice: 0.8561, distal recall: 0.8829
epoch: 105, iter: 2060/3251, distal-aware loss: 0.2834, lumen dice: 0.9430, wall dice: 0.8561, distal recall: 0.8831
epoch: 105, iter: 2070/3251, distal-aware loss: 0.2834, lumen dice: 0.9431, wall dice: 0.8561, distal recall: 0.8830
epoch: 105, iter: 2080/3251, distal-aware loss: 0.2833, lumen dice: 0.9431, wall dice: 0.8562, distal recall: 0.8832
epoch: 105, iter: 2090/3251, distal-aware loss: 0.2833, lumen dice: 0.9431, wall dice: 0.8562, distal recall: 0.8832
epoch: 105, iter: 2100/3251, distal-aware loss: 0.2832, lumen dice: 0.9431, wall dice: 0.8562, distal recall: 0.8832
epoch: 105, iter: 2110/3251, distal-aware loss: 0.2833, lumen dice: 0.9431, wall dice: 0.8562, distal recall: 0.8831
epoch: 105, iter: 2120/3251, distal-aware loss: 0.2834, lumen dice: 0.9431, wall dice: 0.8561, distal recall: 0.8831
epoch: 105, iter: 2130/3251, distal-aware loss: 0.2835, lumen dice: 0.9431, wall dice: 0.8561, distal recall: 0.8831
epoch: 105, iter: 2140/3251, distal-aware loss: 0.2835, lumen dice: 0.9431, wall dice: 0.8561, distal recall: 0.8831
epoch: 105, iter: 2150/3251, distal-aware loss: 0.2836, lumen dice: 0.9431, wall dice: 0.8560, distal recall: 0.8830
epoch: 105, iter: 2160/3251, distal-aware loss: 0.2844, lumen dice: 0.9427, wall dice: 0.8556, distal recall: 0.8830
epoch: 105, iter: 2170/3251, distal-aware loss: 0.2844, lumen dice: 0.9427, wall dice: 0.8556, distal recall: 0.8829
epoch: 105, iter: 2180/3251, distal-aware loss: 0.2846, lumen dice: 0.9427, wall dice: 0.8556, distal recall: 0.8829
epoch: 105, iter: 2190/3251, distal-aware loss: 0.2847, lumen dice: 0.9428, wall dice: 0.8555, distal recall: 0.8826
epoch: 105, iter: 2200/3251, distal-aware loss: 0.2848, lumen dice: 0.9427, wall dice: 0.8555, distal recall: 0.8826
epoch: 105, iter: 2210/3251, distal-aware loss: 0.2849, lumen dice: 0.9425, wall dice: 0.8554, distal recall: 0.8825
epoch: 105, iter: 2220/3251, distal-aware loss: 0.2850, lumen dice: 0.9425, wall dice: 0.8554, distal recall: 0.8825
epoch: 105, iter: 2230/3251, distal-aware loss: 0.2849, lumen dice: 0.9425, wall dice: 0.8554, distal recall: 0.8824
epoch: 105, iter: 2240/3251, distal-aware loss: 0.2848, lumen dice: 0.9426, wall dice: 0.8555, distal recall: 0.8825
epoch: 105, iter: 2250/3251, distal-aware loss: 0.2848, lumen dice: 0.9426, wall dice: 0.8553, distal recall: 0.8825
epoch: 105, iter: 2260/3251, distal-aware loss: 0.2849, lumen dice: 0.9426, wall dice: 0.8553, distal recall: 0.8824
epoch: 105, iter: 2270/3251, distal-aware loss: 0.2850, lumen dice: 0.9426, wall dice: 0.8552, distal recall: 0.8822
epoch: 105, iter: 2280/3251, distal-aware loss: 0.2852, lumen dice: 0.9425, wall dice: 0.8551, distal recall: 0.8821
epoch: 105, iter: 2290/3251, distal-aware loss: 0.2852, lumen dice: 0.9425, wall dice: 0.8552, distal recall: 0.8822
epoch: 105, iter: 2300/3251, distal-aware loss: 0.2852, lumen dice: 0.9425, wall dice: 0.8551, distal recall: 0.8822
epoch: 105, iter: 2310/3251, distal-aware loss: 0.2853, lumen dice: 0.9425, wall dice: 0.8551, distal recall: 0.8820
epoch: 105, iter: 2320/3251, distal-aware loss: 0.2852, lumen dice: 0.9425, wall dice: 0.8551, distal recall: 0.8822
epoch: 105, iter: 2330/3251, distal-aware loss: 0.2852, lumen dice: 0.9424, wall dice: 0.8551, distal recall: 0.8822
epoch: 105, iter: 2340/3251, distal-aware loss: 0.2852, lumen dice: 0.9425, wall dice: 0.8551, distal recall: 0.8822
epoch: 105, iter: 2350/3251, distal-aware loss: 0.2851, lumen dice: 0.9424, wall dice: 0.8551, distal recall: 0.8822
epoch: 105, iter: 2360/3251, distal-aware loss: 0.2851, lumen dice: 0.9425, wall dice: 0.8551, distal recall: 0.8822
epoch: 105, iter: 2370/3251, distal-aware loss: 0.2851, lumen dice: 0.9424, wall dice: 0.8552, distal recall: 0.8822
epoch: 105, iter: 2380/3251, distal-aware loss: 0.2851, lumen dice: 0.9424, wall dice: 0.8552, distal recall: 0.8822
epoch: 105, iter: 2390/3251, distal-aware loss: 0.2851, lumen dice: 0.9425, wall dice: 0.8552, distal recall: 0.8823
epoch: 105, iter: 2400/3251, distal-aware loss: 0.2852, lumen dice: 0.9425, wall dice: 0.8551, distal recall: 0.8821
epoch: 105, iter: 2410/3251, distal-aware loss: 0.2850, lumen dice: 0.9425, wall dice: 0.8552, distal recall: 0.8822
epoch: 105, iter: 2420/3251, distal-aware loss: 0.2849, lumen dice: 0.9426, wall dice: 0.8552, distal recall: 0.8823
epoch: 105, iter: 2430/3251, distal-aware loss: 0.2848, lumen dice: 0.9426, wall dice: 0.8553, distal recall: 0.8823
epoch: 105, iter: 2440/3251, distal-aware loss: 0.2847, lumen dice: 0.9427, wall dice: 0.8554, distal recall: 0.8824
epoch: 105, iter: 2450/3251, distal-aware loss: 0.2845, lumen dice: 0.9427, wall dice: 0.8555, distal recall: 0.8824
epoch: 105, iter: 2460/3251, distal-aware loss: 0.2845, lumen dice: 0.9427, wall dice: 0.8556, distal recall: 0.8825
epoch: 105, iter: 2470/3251, distal-aware loss: 0.2844, lumen dice: 0.9427, wall dice: 0.8556, distal recall: 0.8825
epoch: 105, iter: 2480/3251, distal-aware loss: 0.2844, lumen dice: 0.9427, wall dice: 0.8557, distal recall: 0.8826
epoch: 105, iter: 2490/3251, distal-aware loss: 0.2843, lumen dice: 0.9427, wall dice: 0.8558, distal recall: 0.8826
epoch: 105, iter: 2500/3251, distal-aware loss: 0.2844, lumen dice: 0.9427, wall dice: 0.8558, distal recall: 0.8826
epoch: 105, iter: 2510/3251, distal-aware loss: 0.2844, lumen dice: 0.9428, wall dice: 0.8558, distal recall: 0.8826
epoch: 105, iter: 2520/3251, distal-aware loss: 0.2844, lumen dice: 0.9428, wall dice: 0.8558, distal recall: 0.8826
epoch: 105, iter: 2530/3251, distal-aware loss: 0.2843, lumen dice: 0.9429, wall dice: 0.8558, distal recall: 0.8827
epoch: 105, iter: 2540/3251, distal-aware loss: 0.2843, lumen dice: 0.9429, wall dice: 0.8559, distal recall: 0.8827
epoch: 105, iter: 2550/3251, distal-aware loss: 0.2843, lumen dice: 0.9429, wall dice: 0.8559, distal recall: 0.8827
epoch: 105, iter: 2560/3251, distal-aware loss: 0.2843, lumen dice: 0.9430, wall dice: 0.8559, distal recall: 0.8827
epoch: 105, iter: 2570/3251, distal-aware loss: 0.2843, lumen dice: 0.9429, wall dice: 0.8559, distal recall: 0.8827
epoch: 105, iter: 2580/3251, distal-aware loss: 0.2842, lumen dice: 0.9430, wall dice: 0.8559, distal recall: 0.8827
epoch: 105, iter: 2590/3251, distal-aware loss: 0.2842, lumen dice: 0.9430, wall dice: 0.8559, distal recall: 0.8827
epoch: 105, iter: 2600/3251, distal-aware loss: 0.2842, lumen dice: 0.9430, wall dice: 0.8560, distal recall: 0.8827
epoch: 105, iter: 2610/3251, distal-aware loss: 0.2842, lumen dice: 0.9430, wall dice: 0.8560, distal recall: 0.8826
epoch: 105, iter: 2620/3251, distal-aware loss: 0.2842, lumen dice: 0.9430, wall dice: 0.8559, distal recall: 0.8827
epoch: 105, iter: 2630/3251, distal-aware loss: 0.2842, lumen dice: 0.9429, wall dice: 0.8559, distal recall: 0.8826
epoch: 105, iter: 2640/3251, distal-aware loss: 0.2842, lumen dice: 0.9430, wall dice: 0.8559, distal recall: 0.8826
epoch: 105, iter: 2650/3251, distal-aware loss: 0.2842, lumen dice: 0.9430, wall dice: 0.8559, distal recall: 0.8825
epoch: 105, iter: 2660/3251, distal-aware loss: 0.2843, lumen dice: 0.9430, wall dice: 0.8558, distal recall: 0.8826
epoch: 105, iter: 2670/3251, distal-aware loss: 0.2843, lumen dice: 0.9430, wall dice: 0.8558, distal recall: 0.8826
epoch: 105, iter: 2680/3251, distal-aware loss: 0.2844, lumen dice: 0.9430, wall dice: 0.8558, distal recall: 0.8824
epoch: 105, iter: 2690/3251, distal-aware loss: 0.2843, lumen dice: 0.9431, wall dice: 0.8558, distal recall: 0.8824
epoch: 105, iter: 2700/3251, distal-aware loss: 0.2842, lumen dice: 0.9431, wall dice: 0.8559, distal recall: 0.8825
epoch: 105, iter: 2710/3251, distal-aware loss: 0.2842, lumen dice: 0.9431, wall dice: 0.8559, distal recall: 0.8825
epoch: 105, iter: 2720/3251, distal-aware loss: 0.2841, lumen dice: 0.9431, wall dice: 0.8560, distal recall: 0.8825
epoch: 105, iter: 2730/3251, distal-aware loss: 0.2841, lumen dice: 0.9432, wall dice: 0.8560, distal recall: 0.8826
epoch: 105, iter: 2740/3251, distal-aware loss: 0.2841, lumen dice: 0.9432, wall dice: 0.8561, distal recall: 0.8827
epoch: 105, iter: 2750/3251, distal-aware loss: 0.2840, lumen dice: 0.9432, wall dice: 0.8561, distal recall: 0.8827
epoch: 105, iter: 2760/3251, distal-aware loss: 0.2840, lumen dice: 0.9433, wall dice: 0.8561, distal recall: 0.8827
epoch: 105, iter: 2770/3251, distal-aware loss: 0.2841, lumen dice: 0.9432, wall dice: 0.8560, distal recall: 0.8827
epoch: 105, iter: 2780/3251, distal-aware loss: 0.2841, lumen dice: 0.9432, wall dice: 0.8560, distal recall: 0.8828
epoch: 105, iter: 2790/3251, distal-aware loss: 0.2841, lumen dice: 0.9432, wall dice: 0.8561, distal recall: 0.8828
epoch: 105, iter: 2800/3251, distal-aware loss: 0.2842, lumen dice: 0.9432, wall dice: 0.8561, distal recall: 0.8828
epoch: 105, iter: 2810/3251, distal-aware loss: 0.2841, lumen dice: 0.9432, wall dice: 0.8561, distal recall: 0.8827
epoch: 105, iter: 2820/3251, distal-aware loss: 0.2841, lumen dice: 0.9432, wall dice: 0.8561, distal recall: 0.8828
epoch: 105, iter: 2830/3251, distal-aware loss: 0.2840, lumen dice: 0.9433, wall dice: 0.8562, distal recall: 0.8828
epoch: 105, iter: 2840/3251, distal-aware loss: 0.2840, lumen dice: 0.9432, wall dice: 0.8562, distal recall: 0.8828
epoch: 105, iter: 2850/3251, distal-aware loss: 0.2841, lumen dice: 0.9433, wall dice: 0.8562, distal recall: 0.8828
epoch: 105, iter: 2860/3251, distal-aware loss: 0.2842, lumen dice: 0.9432, wall dice: 0.8560, distal recall: 0.8827
epoch: 105, iter: 2870/3251, distal-aware loss: 0.2842, lumen dice: 0.9432, wall dice: 0.8560, distal recall: 0.8827
epoch: 105, iter: 2880/3251, distal-aware loss: 0.2842, lumen dice: 0.9433, wall dice: 0.8560, distal recall: 0.8827
epoch: 105, iter: 2890/3251, distal-aware loss: 0.2841, lumen dice: 0.9433, wall dice: 0.8561, distal recall: 0.8827
epoch: 105, iter: 2900/3251, distal-aware loss: 0.2840, lumen dice: 0.9433, wall dice: 0.8561, distal recall: 0.8827
epoch: 105, iter: 2910/3251, distal-aware loss: 0.2840, lumen dice: 0.9434, wall dice: 0.8561, distal recall: 0.8828
epoch: 105, iter: 2920/3251, distal-aware loss: 0.2841, lumen dice: 0.9433, wall dice: 0.8561, distal recall: 0.8827
epoch: 105, iter: 2930/3251, distal-aware loss: 0.2843, lumen dice: 0.9433, wall dice: 0.8559, distal recall: 0.8826
epoch: 105, iter: 2940/3251, distal-aware loss: 0.2843, lumen dice: 0.9433, wall dice: 0.8559, distal recall: 0.8827
epoch: 105, iter: 2950/3251, distal-aware loss: 0.2844, lumen dice: 0.9432, wall dice: 0.8558, distal recall: 0.8827
epoch: 105, iter: 2960/3251, distal-aware loss: 0.2844, lumen dice: 0.9432, wall dice: 0.8558, distal recall: 0.8827
epoch: 105, iter: 2970/3251, distal-aware loss: 0.2844, lumen dice: 0.9432, wall dice: 0.8558, distal recall: 0.8826
epoch: 105, iter: 2980/3251, distal-aware loss: 0.2845, lumen dice: 0.9431, wall dice: 0.8558, distal recall: 0.8826
epoch: 105, iter: 2990/3251, distal-aware loss: 0.2845, lumen dice: 0.9431, wall dice: 0.8558, distal recall: 0.8826
epoch: 105, iter: 3000/3251, distal-aware loss: 0.2845, lumen dice: 0.9431, wall dice: 0.8558, distal recall: 0.8826
epoch: 105, iter: 3010/3251, distal-aware loss: 0.2845, lumen dice: 0.9431, wall dice: 0.8558, distal recall: 0.8827
epoch: 105, iter: 3020/3251, distal-aware loss: 0.2845, lumen dice: 0.9431, wall dice: 0.8558, distal recall: 0.8826
epoch: 105, iter: 3030/3251, distal-aware loss: 0.2846, lumen dice: 0.9430, wall dice: 0.8557, distal recall: 0.8827
epoch: 105, iter: 3040/3251, distal-aware loss: 0.2846, lumen dice: 0.9430, wall dice: 0.8557, distal recall: 0.8827
epoch: 105, iter: 3050/3251, distal-aware loss: 0.2846, lumen dice: 0.9431, wall dice: 0.8557, distal recall: 0.8827
epoch: 105, iter: 3060/3251, distal-aware loss: 0.2846, lumen dice: 0.9431, wall dice: 0.8557, distal recall: 0.8827
epoch: 105, iter: 3070/3251, distal-aware loss: 0.2845, lumen dice: 0.9431, wall dice: 0.8558, distal recall: 0.8827
epoch: 105, iter: 3080/3251, distal-aware loss: 0.2846, lumen dice: 0.9431, wall dice: 0.8557, distal recall: 0.8827
epoch: 105, iter: 3090/3251, distal-aware loss: 0.2845, lumen dice: 0.9431, wall dice: 0.8557, distal recall: 0.8827
epoch: 105, iter: 3100/3251, distal-aware loss: 0.2845, lumen dice: 0.9431, wall dice: 0.8558, distal recall: 0.8827
epoch: 105, iter: 3110/3251, distal-aware loss: 0.2845, lumen dice: 0.9431, wall dice: 0.8558, distal recall: 0.8827
epoch: 105, iter: 3120/3251, distal-aware loss: 0.2845, lumen dice: 0.9431, wall dice: 0.8558, distal recall: 0.8827
epoch: 105, iter: 3130/3251, distal-aware loss: 0.2846, lumen dice: 0.9431, wall dice: 0.8557, distal recall: 0.8827
epoch: 105, iter: 3140/3251, distal-aware loss: 0.2846, lumen dice: 0.9431, wall dice: 0.8557, distal recall: 0.8826
epoch: 105, iter: 3150/3251, distal-aware loss: 0.2846, lumen dice: 0.9431, wall dice: 0.8557, distal recall: 0.8827
epoch: 105, iter: 3160/3251, distal-aware loss: 0.2850, lumen dice: 0.9427, wall dice: 0.8554, distal recall: 0.8826
epoch: 105, iter: 3170/3251, distal-aware loss: 0.2850, lumen dice: 0.9427, wall dice: 0.8553, distal recall: 0.8825
epoch: 105, iter: 3180/3251, distal-aware loss: 0.2851, lumen dice: 0.9426, wall dice: 0.8552, distal recall: 0.8824
epoch: 105, iter: 3190/3251, distal-aware loss: 0.2853, lumen dice: 0.9426, wall dice: 0.8552, distal recall: 0.8824
epoch: 105, iter: 3200/3251, distal-aware loss: 0.2852, lumen dice: 0.9426, wall dice: 0.8552, distal recall: 0.8823
epoch: 105, iter: 3210/3251, distal-aware loss: 0.2853, lumen dice: 0.9426, wall dice: 0.8551, distal recall: 0.8823
epoch: 105, iter: 3220/3251, distal-aware loss: 0.2853, lumen dice: 0.9426, wall dice: 0.8551, distal recall: 0.8823
epoch: 105, iter: 3230/3251, distal-aware loss: 0.2853, lumen dice: 0.9426, wall dice: 0.8551, distal recall: 0.8823
epoch: 105, iter: 3240/3251, distal-aware loss: 0.2853, lumen dice: 0.9427, wall dice: 0.8551, distal recall: 0.8822
epoch: 105, iter: 3250/3251, distal-aware loss: 0.2853, lumen dice: 0.9427, wall dice: 0.8551, distal recall: 0.8822
epoch: 105, val distal-aware loss: 0.2959, val lumen dice: 0.9480, val wall dice: 0.8755, val distal recall: 0.9142
starting epoch: 106
epoch: 106, iter: 0/3251, distal-aware loss: 0.3170, lumen dice: 0.8176, wall dice: 0.8729, distal recall: 0.8738
epoch: 106, iter: 10/3251, distal-aware loss: 0.2651, lumen dice: 0.9381, wall dice: 0.8746, distal recall: 0.8961
epoch: 106, iter: 20/3251, distal-aware loss: 0.2758, lumen dice: 0.9191, wall dice: 0.8472, distal recall: 0.8959
epoch: 106, iter: 30/3251, distal-aware loss: 0.2798, lumen dice: 0.9298, wall dice: 0.8386, distal recall: 0.8890
epoch: 106, iter: 40/3251, distal-aware loss: 0.2813, lumen dice: 0.9352, wall dice: 0.8413, distal recall: 0.8848
epoch: 106, iter: 50/3251, distal-aware loss: 0.2787, lumen dice: 0.9379, wall dice: 0.8450, distal recall: 0.8876
epoch: 106, iter: 60/3251, distal-aware loss: 0.2803, lumen dice: 0.9389, wall dice: 0.8477, distal recall: 0.8852
epoch: 106, iter: 70/3251, distal-aware loss: 0.2797, lumen dice: 0.9388, wall dice: 0.8499, distal recall: 0.8872
epoch: 106, iter: 80/3251, distal-aware loss: 0.2802, lumen dice: 0.9385, wall dice: 0.8509, distal recall: 0.8863
epoch: 106, iter: 90/3251, distal-aware loss: 0.2790, lumen dice: 0.9397, wall dice: 0.8528, distal recall: 0.8869
epoch: 106, iter: 100/3251, distal-aware loss: 0.2812, lumen dice: 0.9408, wall dice: 0.8527, distal recall: 0.8849
epoch: 106, iter: 110/3251, distal-aware loss: 0.2815, lumen dice: 0.9414, wall dice: 0.8493, distal recall: 0.8867
epoch: 106, iter: 120/3251, distal-aware loss: 0.2815, lumen dice: 0.9408, wall dice: 0.8509, distal recall: 0.8870
epoch: 106, iter: 130/3251, distal-aware loss: 0.2818, lumen dice: 0.9410, wall dice: 0.8510, distal recall: 0.8869
epoch: 106, iter: 140/3251, distal-aware loss: 0.2811, lumen dice: 0.9419, wall dice: 0.8523, distal recall: 0.8873
epoch: 106, iter: 150/3251, distal-aware loss: 0.2828, lumen dice: 0.9411, wall dice: 0.8507, distal recall: 0.8861
epoch: 106, iter: 160/3251, distal-aware loss: 0.2806, lumen dice: 0.9423, wall dice: 0.8523, distal recall: 0.8868
epoch: 106, iter: 170/3251, distal-aware loss: 0.2810, lumen dice: 0.9420, wall dice: 0.8530, distal recall: 0.8867
epoch: 106, iter: 180/3251, distal-aware loss: 0.2810, lumen dice: 0.9427, wall dice: 0.8532, distal recall: 0.8870
epoch: 106, iter: 190/3251, distal-aware loss: 0.2798, lumen dice: 0.9430, wall dice: 0.8537, distal recall: 0.8875
epoch: 106, iter: 200/3251, distal-aware loss: 0.2790, lumen dice: 0.9437, wall dice: 0.8545, distal recall: 0.8880
epoch: 106, iter: 210/3251, distal-aware loss: 0.2819, lumen dice: 0.9417, wall dice: 0.8524, distal recall: 0.8847
epoch: 106, iter: 220/3251, distal-aware loss: 0.2829, lumen dice: 0.9419, wall dice: 0.8525, distal recall: 0.8849
epoch: 106, iter: 230/3251, distal-aware loss: 0.2824, lumen dice: 0.9425, wall dice: 0.8533, distal recall: 0.8849
epoch: 106, iter: 240/3251, distal-aware loss: 0.2814, lumen dice: 0.9427, wall dice: 0.8541, distal recall: 0.8861
epoch: 106, iter: 250/3251, distal-aware loss: 0.2817, lumen dice: 0.9430, wall dice: 0.8541, distal recall: 0.8861
epoch: 106, iter: 260/3251, distal-aware loss: 0.2815, lumen dice: 0.9431, wall dice: 0.8546, distal recall: 0.8861
epoch: 106, iter: 270/3251, distal-aware loss: 0.2835, lumen dice: 0.9424, wall dice: 0.8530, distal recall: 0.8864
epoch: 106, iter: 280/3251, distal-aware loss: 0.2840, lumen dice: 0.9421, wall dice: 0.8528, distal recall: 0.8860
epoch: 106, iter: 290/3251, distal-aware loss: 0.2838, lumen dice: 0.9418, wall dice: 0.8534, distal recall: 0.8867
epoch: 106, iter: 300/3251, distal-aware loss: 0.2839, lumen dice: 0.9422, wall dice: 0.8540, distal recall: 0.8865
epoch: 106, iter: 310/3251, distal-aware loss: 0.2832, lumen dice: 0.9425, wall dice: 0.8545, distal recall: 0.8871
epoch: 106, iter: 320/3251, distal-aware loss: 0.2830, lumen dice: 0.9423, wall dice: 0.8541, distal recall: 0.8866
epoch: 106, iter: 330/3251, distal-aware loss: 0.2829, lumen dice: 0.9426, wall dice: 0.8542, distal recall: 0.8866
epoch: 106, iter: 340/3251, distal-aware loss: 0.2828, lumen dice: 0.9429, wall dice: 0.8544, distal recall: 0.8863
epoch: 106, iter: 350/3251, distal-aware loss: 0.2834, lumen dice: 0.9425, wall dice: 0.8543, distal recall: 0.8853
epoch: 106, iter: 360/3251, distal-aware loss: 0.2839, lumen dice: 0.9414, wall dice: 0.8543, distal recall: 0.8852
epoch: 106, iter: 370/3251, distal-aware loss: 0.2833, lumen dice: 0.9417, wall dice: 0.8543, distal recall: 0.8857
epoch: 106, iter: 380/3251, distal-aware loss: 0.2835, lumen dice: 0.9415, wall dice: 0.8545, distal recall: 0.8852
epoch: 106, iter: 390/3251, distal-aware loss: 0.2832, lumen dice: 0.9415, wall dice: 0.8548, distal recall: 0.8857
epoch: 106, iter: 400/3251, distal-aware loss: 0.2838, lumen dice: 0.9415, wall dice: 0.8542, distal recall: 0.8856
epoch: 106, iter: 410/3251, distal-aware loss: 0.2844, lumen dice: 0.9415, wall dice: 0.8541, distal recall: 0.8856
epoch: 106, iter: 420/3251, distal-aware loss: 0.2845, lumen dice: 0.9416, wall dice: 0.8544, distal recall: 0.8854
epoch: 106, iter: 430/3251, distal-aware loss: 0.2843, lumen dice: 0.9418, wall dice: 0.8547, distal recall: 0.8853
epoch: 106, iter: 440/3251, distal-aware loss: 0.2843, lumen dice: 0.9419, wall dice: 0.8547, distal recall: 0.8853
epoch: 106, iter: 450/3251, distal-aware loss: 0.2841, lumen dice: 0.9422, wall dice: 0.8547, distal recall: 0.8854
epoch: 106, iter: 460/3251, distal-aware loss: 0.2844, lumen dice: 0.9423, wall dice: 0.8547, distal recall: 0.8851
epoch: 106, iter: 470/3251, distal-aware loss: 0.2844, lumen dice: 0.9424, wall dice: 0.8549, distal recall: 0.8850
epoch: 106, iter: 480/3251, distal-aware loss: 0.2838, lumen dice: 0.9427, wall dice: 0.8554, distal recall: 0.8854
epoch: 106, iter: 490/3251, distal-aware loss: 0.2834, lumen dice: 0.9428, wall dice: 0.8557, distal recall: 0.8856
epoch: 106, iter: 500/3251, distal-aware loss: 0.2831, lumen dice: 0.9431, wall dice: 0.8559, distal recall: 0.8854
epoch: 106, iter: 510/3251, distal-aware loss: 0.2827, lumen dice: 0.9430, wall dice: 0.8561, distal recall: 0.8856
epoch: 106, iter: 520/3251, distal-aware loss: 0.2829, lumen dice: 0.9430, wall dice: 0.8561, distal recall: 0.8852
epoch: 106, iter: 530/3251, distal-aware loss: 0.2828, lumen dice: 0.9432, wall dice: 0.8563, distal recall: 0.8854
epoch: 106, iter: 540/3251, distal-aware loss: 0.2830, lumen dice: 0.9430, wall dice: 0.8562, distal recall: 0.8856
epoch: 106, iter: 550/3251, distal-aware loss: 0.2829, lumen dice: 0.9432, wall dice: 0.8565, distal recall: 0.8855
epoch: 106, iter: 560/3251, distal-aware loss: 0.2834, lumen dice: 0.9427, wall dice: 0.8560, distal recall: 0.8858
epoch: 106, iter: 570/3251, distal-aware loss: 0.2833, lumen dice: 0.9428, wall dice: 0.8560, distal recall: 0.8857
epoch: 106, iter: 580/3251, distal-aware loss: 0.2832, lumen dice: 0.9430, wall dice: 0.8562, distal recall: 0.8855
epoch: 106, iter: 590/3251, distal-aware loss: 0.2831, lumen dice: 0.9432, wall dice: 0.8562, distal recall: 0.8855
epoch: 106, iter: 600/3251, distal-aware loss: 0.2831, lumen dice: 0.9433, wall dice: 0.8564, distal recall: 0.8856
epoch: 106, iter: 610/3251, distal-aware loss: 0.2830, lumen dice: 0.9434, wall dice: 0.8565, distal recall: 0.8858
epoch: 106, iter: 620/3251, distal-aware loss: 0.2827, lumen dice: 0.9430, wall dice: 0.8567, distal recall: 0.8860
epoch: 106, iter: 630/3251, distal-aware loss: 0.2826, lumen dice: 0.9432, wall dice: 0.8569, distal recall: 0.8861
epoch: 106, iter: 640/3251, distal-aware loss: 0.2829, lumen dice: 0.9432, wall dice: 0.8569, distal recall: 0.8857
epoch: 106, iter: 650/3251, distal-aware loss: 0.2836, lumen dice: 0.9431, wall dice: 0.8563, distal recall: 0.8856
epoch: 106, iter: 660/3251, distal-aware loss: 0.2832, lumen dice: 0.9431, wall dice: 0.8565, distal recall: 0.8858
epoch: 106, iter: 670/3251, distal-aware loss: 0.2839, lumen dice: 0.9429, wall dice: 0.8565, distal recall: 0.8856
epoch: 106, iter: 680/3251, distal-aware loss: 0.2839, lumen dice: 0.9431, wall dice: 0.8565, distal recall: 0.8856
epoch: 106, iter: 690/3251, distal-aware loss: 0.2841, lumen dice: 0.9430, wall dice: 0.8564, distal recall: 0.8856
epoch: 106, iter: 700/3251, distal-aware loss: 0.2843, lumen dice: 0.9431, wall dice: 0.8554, distal recall: 0.8856
epoch: 106, iter: 710/3251, distal-aware loss: 0.2842, lumen dice: 0.9432, wall dice: 0.8554, distal recall: 0.8856
epoch: 106, iter: 720/3251, distal-aware loss: 0.2842, lumen dice: 0.9431, wall dice: 0.8555, distal recall: 0.8859
epoch: 106, iter: 730/3251, distal-aware loss: 0.2841, lumen dice: 0.9433, wall dice: 0.8555, distal recall: 0.8856
epoch: 106, iter: 740/3251, distal-aware loss: 0.2845, lumen dice: 0.9433, wall dice: 0.8554, distal recall: 0.8854
epoch: 106, iter: 750/3251, distal-aware loss: 0.2848, lumen dice: 0.9432, wall dice: 0.8551, distal recall: 0.8852
epoch: 106, iter: 760/3251, distal-aware loss: 0.2843, lumen dice: 0.9434, wall dice: 0.8554, distal recall: 0.8856
epoch: 106, iter: 770/3251, distal-aware loss: 0.2841, lumen dice: 0.9435, wall dice: 0.8554, distal recall: 0.8857
epoch: 106, iter: 780/3251, distal-aware loss: 0.2844, lumen dice: 0.9433, wall dice: 0.8553, distal recall: 0.8857
epoch: 106, iter: 790/3251, distal-aware loss: 0.2844, lumen dice: 0.9429, wall dice: 0.8552, distal recall: 0.8857
epoch: 106, iter: 800/3251, distal-aware loss: 0.2846, lumen dice: 0.9429, wall dice: 0.8551, distal recall: 0.8860
epoch: 106, iter: 810/3251, distal-aware loss: 0.2840, lumen dice: 0.9432, wall dice: 0.8554, distal recall: 0.8862
epoch: 106, iter: 820/3251, distal-aware loss: 0.2839, lumen dice: 0.9433, wall dice: 0.8555, distal recall: 0.8864
epoch: 106, iter: 830/3251, distal-aware loss: 0.2838, lumen dice: 0.9432, wall dice: 0.8556, distal recall: 0.8862
epoch: 106, iter: 840/3251, distal-aware loss: 0.2841, lumen dice: 0.9433, wall dice: 0.8554, distal recall: 0.8862
epoch: 106, iter: 850/3251, distal-aware loss: 0.2841, lumen dice: 0.9433, wall dice: 0.8554, distal recall: 0.8860
epoch: 106, iter: 860/3251, distal-aware loss: 0.2842, lumen dice: 0.9431, wall dice: 0.8554, distal recall: 0.8861
epoch: 106, iter: 870/3251, distal-aware loss: 0.2842, lumen dice: 0.9431, wall dice: 0.8555, distal recall: 0.8861
epoch: 106, iter: 880/3251, distal-aware loss: 0.2837, lumen dice: 0.9432, wall dice: 0.8557, distal recall: 0.8865
epoch: 106, iter: 890/3251, distal-aware loss: 0.2840, lumen dice: 0.9432, wall dice: 0.8556, distal recall: 0.8861
epoch: 106, iter: 900/3251, distal-aware loss: 0.2837, lumen dice: 0.9433, wall dice: 0.8557, distal recall: 0.8863
epoch: 106, iter: 910/3251, distal-aware loss: 0.2836, lumen dice: 0.9435, wall dice: 0.8558, distal recall: 0.8860
epoch: 106, iter: 920/3251, distal-aware loss: 0.2840, lumen dice: 0.9434, wall dice: 0.8556, distal recall: 0.8859
epoch: 106, iter: 930/3251, distal-aware loss: 0.2841, lumen dice: 0.9433, wall dice: 0.8556, distal recall: 0.8858
epoch: 106, iter: 940/3251, distal-aware loss: 0.2843, lumen dice: 0.9432, wall dice: 0.8556, distal recall: 0.8857
epoch: 106, iter: 950/3251, distal-aware loss: 0.2840, lumen dice: 0.9434, wall dice: 0.8557, distal recall: 0.8858
epoch: 106, iter: 960/3251, distal-aware loss: 0.2842, lumen dice: 0.9433, wall dice: 0.8555, distal recall: 0.8857
epoch: 106, iter: 970/3251, distal-aware loss: 0.2839, lumen dice: 0.9433, wall dice: 0.8556, distal recall: 0.8858
epoch: 106, iter: 980/3251, distal-aware loss: 0.2840, lumen dice: 0.9434, wall dice: 0.8556, distal recall: 0.8857
epoch: 106, iter: 990/3251, distal-aware loss: 0.2837, lumen dice: 0.9435, wall dice: 0.8557, distal recall: 0.8856
epoch: 106, iter: 1000/3251, distal-aware loss: 0.2834, lumen dice: 0.9434, wall dice: 0.8558, distal recall: 0.8858
epoch: 106, iter: 1010/3251, distal-aware loss: 0.2835, lumen dice: 0.9434, wall dice: 0.8556, distal recall: 0.8859
epoch: 106, iter: 1020/3251, distal-aware loss: 0.2833, lumen dice: 0.9433, wall dice: 0.8558, distal recall: 0.8860
epoch: 106, iter: 1030/3251, distal-aware loss: 0.2829, lumen dice: 0.9435, wall dice: 0.8560, distal recall: 0.8860
epoch: 106, iter: 1040/3251, distal-aware loss: 0.2831, lumen dice: 0.9434, wall dice: 0.8559, distal recall: 0.8860
epoch: 106, iter: 1050/3251, distal-aware loss: 0.2833, lumen dice: 0.9435, wall dice: 0.8559, distal recall: 0.8860
epoch: 106, iter: 1060/3251, distal-aware loss: 0.2831, lumen dice: 0.9435, wall dice: 0.8560, distal recall: 0.8861
epoch: 106, iter: 1070/3251, distal-aware loss: 0.2828, lumen dice: 0.9437, wall dice: 0.8562, distal recall: 0.8862
epoch: 106, iter: 1080/3251, distal-aware loss: 0.2824, lumen dice: 0.9439, wall dice: 0.8563, distal recall: 0.8862
epoch: 106, iter: 1090/3251, distal-aware loss: 0.2824, lumen dice: 0.9439, wall dice: 0.8563, distal recall: 0.8861
epoch: 106, iter: 1100/3251, distal-aware loss: 0.2824, lumen dice: 0.9440, wall dice: 0.8562, distal recall: 0.8861
epoch: 106, iter: 1110/3251, distal-aware loss: 0.2822, lumen dice: 0.9440, wall dice: 0.8564, distal recall: 0.8862
epoch: 106, iter: 1120/3251, distal-aware loss: 0.2832, lumen dice: 0.9433, wall dice: 0.8555, distal recall: 0.8858
epoch: 106, iter: 1130/3251, distal-aware loss: 0.2831, lumen dice: 0.9433, wall dice: 0.8556, distal recall: 0.8858
epoch: 106, iter: 1140/3251, distal-aware loss: 0.2829, lumen dice: 0.9434, wall dice: 0.8557, distal recall: 0.8859
epoch: 106, iter: 1150/3251, distal-aware loss: 0.2828, lumen dice: 0.9435, wall dice: 0.8558, distal recall: 0.8860
epoch: 106, iter: 1160/3251, distal-aware loss: 0.2828, lumen dice: 0.9435, wall dice: 0.8557, distal recall: 0.8860
epoch: 106, iter: 1170/3251, distal-aware loss: 0.2827, lumen dice: 0.9436, wall dice: 0.8558, distal recall: 0.8860
epoch: 106, iter: 1180/3251, distal-aware loss: 0.2825, lumen dice: 0.9436, wall dice: 0.8559, distal recall: 0.8862
epoch: 106, iter: 1190/3251, distal-aware loss: 0.2826, lumen dice: 0.9436, wall dice: 0.8559, distal recall: 0.8861
epoch: 106, iter: 1200/3251, distal-aware loss: 0.2826, lumen dice: 0.9436, wall dice: 0.8558, distal recall: 0.8860
epoch: 106, iter: 1210/3251, distal-aware loss: 0.2825, lumen dice: 0.9437, wall dice: 0.8559, distal recall: 0.8860
epoch: 106, iter: 1220/3251, distal-aware loss: 0.2824, lumen dice: 0.9438, wall dice: 0.8560, distal recall: 0.8860
epoch: 106, iter: 1230/3251, distal-aware loss: 0.2823, lumen dice: 0.9437, wall dice: 0.8559, distal recall: 0.8861
epoch: 106, iter: 1240/3251, distal-aware loss: 0.2822, lumen dice: 0.9437, wall dice: 0.8560, distal recall: 0.8861
epoch: 106, iter: 1250/3251, distal-aware loss: 0.2821, lumen dice: 0.9439, wall dice: 0.8561, distal recall: 0.8860
epoch: 106, iter: 1260/3251, distal-aware loss: 0.2821, lumen dice: 0.9439, wall dice: 0.8559, distal recall: 0.8860
epoch: 106, iter: 1270/3251, distal-aware loss: 0.2819, lumen dice: 0.9440, wall dice: 0.8560, distal recall: 0.8860
epoch: 106, iter: 1280/3251, distal-aware loss: 0.2818, lumen dice: 0.9441, wall dice: 0.8562, distal recall: 0.8860
epoch: 106, iter: 1290/3251, distal-aware loss: 0.2818, lumen dice: 0.9441, wall dice: 0.8562, distal recall: 0.8860
epoch: 106, iter: 1300/3251, distal-aware loss: 0.2817, lumen dice: 0.9442, wall dice: 0.8563, distal recall: 0.8861
epoch: 106, iter: 1310/3251, distal-aware loss: 0.2818, lumen dice: 0.9442, wall dice: 0.8561, distal recall: 0.8862
epoch: 106, iter: 1320/3251, distal-aware loss: 0.2821, lumen dice: 0.9442, wall dice: 0.8560, distal recall: 0.8861
epoch: 106, iter: 1330/3251, distal-aware loss: 0.2822, lumen dice: 0.9441, wall dice: 0.8559, distal recall: 0.8861
epoch: 106, iter: 1340/3251, distal-aware loss: 0.2822, lumen dice: 0.9442, wall dice: 0.8559, distal recall: 0.8861
epoch: 106, iter: 1350/3251, distal-aware loss: 0.2823, lumen dice: 0.9442, wall dice: 0.8560, distal recall: 0.8861
epoch: 106, iter: 1360/3251, distal-aware loss: 0.2824, lumen dice: 0.9442, wall dice: 0.8559, distal recall: 0.8861
epoch: 106, iter: 1370/3251, distal-aware loss: 0.2824, lumen dice: 0.9442, wall dice: 0.8559, distal recall: 0.8860
epoch: 106, iter: 1380/3251, distal-aware loss: 0.2825, lumen dice: 0.9441, wall dice: 0.8558, distal recall: 0.8861
epoch: 106, iter: 1390/3251, distal-aware loss: 0.2829, lumen dice: 0.9439, wall dice: 0.8555, distal recall: 0.8859
epoch: 106, iter: 1400/3251, distal-aware loss: 0.2828, lumen dice: 0.9440, wall dice: 0.8556, distal recall: 0.8858
epoch: 106, iter: 1410/3251, distal-aware loss: 0.2829, lumen dice: 0.9441, wall dice: 0.8556, distal recall: 0.8859
epoch: 106, iter: 1420/3251, distal-aware loss: 0.2829, lumen dice: 0.9440, wall dice: 0.8556, distal recall: 0.8856
epoch: 106, iter: 1430/3251, distal-aware loss: 0.2829, lumen dice: 0.9440, wall dice: 0.8555, distal recall: 0.8858
epoch: 106, iter: 1440/3251, distal-aware loss: 0.2830, lumen dice: 0.9440, wall dice: 0.8555, distal recall: 0.8856
epoch: 106, iter: 1450/3251, distal-aware loss: 0.2838, lumen dice: 0.9434, wall dice: 0.8552, distal recall: 0.8855
epoch: 106, iter: 1460/3251, distal-aware loss: 0.2838, lumen dice: 0.9433, wall dice: 0.8551, distal recall: 0.8855
epoch: 106, iter: 1470/3251, distal-aware loss: 0.2838, lumen dice: 0.9433, wall dice: 0.8551, distal recall: 0.8855
epoch: 106, iter: 1480/3251, distal-aware loss: 0.2838, lumen dice: 0.9434, wall dice: 0.8552, distal recall: 0.8856
epoch: 106, iter: 1490/3251, distal-aware loss: 0.2837, lumen dice: 0.9434, wall dice: 0.8552, distal recall: 0.8856
epoch: 106, iter: 1500/3251, distal-aware loss: 0.2837, lumen dice: 0.9434, wall dice: 0.8552, distal recall: 0.8856
epoch: 106, iter: 1510/3251, distal-aware loss: 0.2836, lumen dice: 0.9435, wall dice: 0.8553, distal recall: 0.8857
epoch: 106, iter: 1520/3251, distal-aware loss: 0.2836, lumen dice: 0.9436, wall dice: 0.8553, distal recall: 0.8857
epoch: 106, iter: 1530/3251, distal-aware loss: 0.2836, lumen dice: 0.9436, wall dice: 0.8553, distal recall: 0.8856
epoch: 106, iter: 1540/3251, distal-aware loss: 0.2835, lumen dice: 0.9436, wall dice: 0.8554, distal recall: 0.8857
epoch: 106, iter: 1550/3251, distal-aware loss: 0.2836, lumen dice: 0.9436, wall dice: 0.8554, distal recall: 0.8859
epoch: 106, iter: 1560/3251, distal-aware loss: 0.2837, lumen dice: 0.9435, wall dice: 0.8552, distal recall: 0.8858
epoch: 106, iter: 1570/3251, distal-aware loss: 0.2837, lumen dice: 0.9434, wall dice: 0.8552, distal recall: 0.8857
epoch: 106, iter: 1580/3251, distal-aware loss: 0.2837, lumen dice: 0.9434, wall dice: 0.8553, distal recall: 0.8857
epoch: 106, iter: 1590/3251, distal-aware loss: 0.2837, lumen dice: 0.9434, wall dice: 0.8553, distal recall: 0.8857
epoch: 106, iter: 1600/3251, distal-aware loss: 0.2836, lumen dice: 0.9434, wall dice: 0.8554, distal recall: 0.8857
epoch: 106, iter: 1610/3251, distal-aware loss: 0.2836, lumen dice: 0.9434, wall dice: 0.8554, distal recall: 0.8857
epoch: 106, iter: 1620/3251, distal-aware loss: 0.2835, lumen dice: 0.9434, wall dice: 0.8554, distal recall: 0.8858
epoch: 106, iter: 1630/3251, distal-aware loss: 0.2836, lumen dice: 0.9434, wall dice: 0.8554, distal recall: 0.8856
epoch: 106, iter: 1640/3251, distal-aware loss: 0.2837, lumen dice: 0.9434, wall dice: 0.8553, distal recall: 0.8856
epoch: 106, iter: 1650/3251, distal-aware loss: 0.2839, lumen dice: 0.9433, wall dice: 0.8550, distal recall: 0.8855
epoch: 106, iter: 1660/3251, distal-aware loss: 0.2840, lumen dice: 0.9434, wall dice: 0.8550, distal recall: 0.8854
epoch: 106, iter: 1670/3251, distal-aware loss: 0.2842, lumen dice: 0.9432, wall dice: 0.8550, distal recall: 0.8852
epoch: 106, iter: 1680/3251, distal-aware loss: 0.2842, lumen dice: 0.9432, wall dice: 0.8549, distal recall: 0.8853
epoch: 106, iter: 1690/3251, distal-aware loss: 0.2844, lumen dice: 0.9433, wall dice: 0.8548, distal recall: 0.8852
epoch: 106, iter: 1700/3251, distal-aware loss: 0.2843, lumen dice: 0.9433, wall dice: 0.8548, distal recall: 0.8852
epoch: 106, iter: 1710/3251, distal-aware loss: 0.2845, lumen dice: 0.9432, wall dice: 0.8548, distal recall: 0.8850
epoch: 106, iter: 1720/3251, distal-aware loss: 0.2847, lumen dice: 0.9432, wall dice: 0.8546, distal recall: 0.8848
epoch: 106, iter: 1730/3251, distal-aware loss: 0.2848, lumen dice: 0.9432, wall dice: 0.8545, distal recall: 0.8847
epoch: 106, iter: 1740/3251, distal-aware loss: 0.2848, lumen dice: 0.9432, wall dice: 0.8545, distal recall: 0.8848
epoch: 106, iter: 1750/3251, distal-aware loss: 0.2848, lumen dice: 0.9432, wall dice: 0.8545, distal recall: 0.8848
epoch: 106, iter: 1760/3251, distal-aware loss: 0.2847, lumen dice: 0.9432, wall dice: 0.8545, distal recall: 0.8848
epoch: 106, iter: 1770/3251, distal-aware loss: 0.2846, lumen dice: 0.9432, wall dice: 0.8546, distal recall: 0.8849
epoch: 106, iter: 1780/3251, distal-aware loss: 0.2845, lumen dice: 0.9433, wall dice: 0.8546, distal recall: 0.8849
epoch: 106, iter: 1790/3251, distal-aware loss: 0.2849, lumen dice: 0.9431, wall dice: 0.8545, distal recall: 0.8847
epoch: 106, iter: 1800/3251, distal-aware loss: 0.2848, lumen dice: 0.9432, wall dice: 0.8545, distal recall: 0.8846
epoch: 106, iter: 1810/3251, distal-aware loss: 0.2848, lumen dice: 0.9432, wall dice: 0.8546, distal recall: 0.8846
epoch: 106, iter: 1820/3251, distal-aware loss: 0.2850, lumen dice: 0.9432, wall dice: 0.8545, distal recall: 0.8846
epoch: 106, iter: 1830/3251, distal-aware loss: 0.2848, lumen dice: 0.9432, wall dice: 0.8545, distal recall: 0.8845
epoch: 106, iter: 1840/3251, distal-aware loss: 0.2850, lumen dice: 0.9431, wall dice: 0.8545, distal recall: 0.8844
epoch: 106, iter: 1850/3251, distal-aware loss: 0.2849, lumen dice: 0.9431, wall dice: 0.8545, distal recall: 0.8843
epoch: 106, iter: 1860/3251, distal-aware loss: 0.2850, lumen dice: 0.9430, wall dice: 0.8544, distal recall: 0.8841
epoch: 106, iter: 1870/3251, distal-aware loss: 0.2850, lumen dice: 0.9431, wall dice: 0.8544, distal recall: 0.8842
epoch: 106, iter: 1880/3251, distal-aware loss: 0.2850, lumen dice: 0.9431, wall dice: 0.8543, distal recall: 0.8841
epoch: 106, iter: 1890/3251, distal-aware loss: 0.2850, lumen dice: 0.9431, wall dice: 0.8544, distal recall: 0.8841
epoch: 106, iter: 1900/3251, distal-aware loss: 0.2850, lumen dice: 0.9431, wall dice: 0.8544, distal recall: 0.8842
epoch: 106, iter: 1910/3251, distal-aware loss: 0.2849, lumen dice: 0.9431, wall dice: 0.8545, distal recall: 0.8842
epoch: 106, iter: 1920/3251, distal-aware loss: 0.2848, lumen dice: 0.9431, wall dice: 0.8545, distal recall: 0.8842
epoch: 106, iter: 1930/3251, distal-aware loss: 0.2848, lumen dice: 0.9432, wall dice: 0.8545, distal recall: 0.8842
epoch: 106, iter: 1940/3251, distal-aware loss: 0.2848, lumen dice: 0.9432, wall dice: 0.8546, distal recall: 0.8841
epoch: 106, iter: 1950/3251, distal-aware loss: 0.2847, lumen dice: 0.9432, wall dice: 0.8547, distal recall: 0.8841
epoch: 106, iter: 1960/3251, distal-aware loss: 0.2847, lumen dice: 0.9433, wall dice: 0.8548, distal recall: 0.8842
epoch: 106, iter: 1970/3251, distal-aware loss: 0.2847, lumen dice: 0.9432, wall dice: 0.8548, distal recall: 0.8841
epoch: 106, iter: 1980/3251, distal-aware loss: 0.2846, lumen dice: 0.9433, wall dice: 0.8549, distal recall: 0.8842
epoch: 106, iter: 1990/3251, distal-aware loss: 0.2845, lumen dice: 0.9433, wall dice: 0.8549, distal recall: 0.8843
epoch: 106, iter: 2000/3251, distal-aware loss: 0.2844, lumen dice: 0.9434, wall dice: 0.8550, distal recall: 0.8844
epoch: 106, iter: 2010/3251, distal-aware loss: 0.2842, lumen dice: 0.9434, wall dice: 0.8551, distal recall: 0.8845
epoch: 106, iter: 2020/3251, distal-aware loss: 0.2842, lumen dice: 0.9434, wall dice: 0.8551, distal recall: 0.8844
epoch: 106, iter: 2030/3251, distal-aware loss: 0.2842, lumen dice: 0.9434, wall dice: 0.8551, distal recall: 0.8845
epoch: 106, iter: 2040/3251, distal-aware loss: 0.2842, lumen dice: 0.9435, wall dice: 0.8550, distal recall: 0.8845
epoch: 106, iter: 2050/3251, distal-aware loss: 0.2842, lumen dice: 0.9435, wall dice: 0.8551, distal recall: 0.8846
epoch: 106, iter: 2060/3251, distal-aware loss: 0.2842, lumen dice: 0.9435, wall dice: 0.8551, distal recall: 0.8846
epoch: 106, iter: 2070/3251, distal-aware loss: 0.2842, lumen dice: 0.9436, wall dice: 0.8552, distal recall: 0.8846
epoch: 106, iter: 2080/3251, distal-aware loss: 0.2843, lumen dice: 0.9436, wall dice: 0.8550, distal recall: 0.8845
epoch: 106, iter: 2090/3251, distal-aware loss: 0.2842, lumen dice: 0.9436, wall dice: 0.8551, distal recall: 0.8845
epoch: 106, iter: 2100/3251, distal-aware loss: 0.2843, lumen dice: 0.9436, wall dice: 0.8551, distal recall: 0.8845
epoch: 106, iter: 2110/3251, distal-aware loss: 0.2843, lumen dice: 0.9435, wall dice: 0.8550, distal recall: 0.8843
epoch: 106, iter: 2120/3251, distal-aware loss: 0.2843, lumen dice: 0.9436, wall dice: 0.8551, distal recall: 0.8844
epoch: 106, iter: 2130/3251, distal-aware loss: 0.2845, lumen dice: 0.9435, wall dice: 0.8549, distal recall: 0.8843
epoch: 106, iter: 2140/3251, distal-aware loss: 0.2847, lumen dice: 0.9434, wall dice: 0.8548, distal recall: 0.8842
epoch: 106, iter: 2150/3251, distal-aware loss: 0.2848, lumen dice: 0.9434, wall dice: 0.8547, distal recall: 0.8839
epoch: 106, iter: 2160/3251, distal-aware loss: 0.2848, lumen dice: 0.9434, wall dice: 0.8547, distal recall: 0.8840
epoch: 106, iter: 2170/3251, distal-aware loss: 0.2848, lumen dice: 0.9434, wall dice: 0.8548, distal recall: 0.8840
epoch: 106, iter: 2180/3251, distal-aware loss: 0.2848, lumen dice: 0.9435, wall dice: 0.8548, distal recall: 0.8839
epoch: 106, iter: 2190/3251, distal-aware loss: 0.2848, lumen dice: 0.9435, wall dice: 0.8547, distal recall: 0.8839
epoch: 106, iter: 2200/3251, distal-aware loss: 0.2846, lumen dice: 0.9435, wall dice: 0.8549, distal recall: 0.8840
epoch: 106, iter: 2210/3251, distal-aware loss: 0.2846, lumen dice: 0.9436, wall dice: 0.8549, distal recall: 0.8840
epoch: 106, iter: 2220/3251, distal-aware loss: 0.2846, lumen dice: 0.9435, wall dice: 0.8550, distal recall: 0.8841
epoch: 106, iter: 2230/3251, distal-aware loss: 0.2845, lumen dice: 0.9436, wall dice: 0.8551, distal recall: 0.8841
epoch: 106, iter: 2240/3251, distal-aware loss: 0.2844, lumen dice: 0.9436, wall dice: 0.8551, distal recall: 0.8841
epoch: 106, iter: 2250/3251, distal-aware loss: 0.2843, lumen dice: 0.9437, wall dice: 0.8551, distal recall: 0.8841
epoch: 106, iter: 2260/3251, distal-aware loss: 0.2843, lumen dice: 0.9437, wall dice: 0.8552, distal recall: 0.8842
epoch: 106, iter: 2270/3251, distal-aware loss: 0.2842, lumen dice: 0.9436, wall dice: 0.8552, distal recall: 0.8842
epoch: 106, iter: 2280/3251, distal-aware loss: 0.2842, lumen dice: 0.9436, wall dice: 0.8553, distal recall: 0.8843
epoch: 106, iter: 2290/3251, distal-aware loss: 0.2842, lumen dice: 0.9436, wall dice: 0.8553, distal recall: 0.8843
epoch: 106, iter: 2300/3251, distal-aware loss: 0.2840, lumen dice: 0.9437, wall dice: 0.8554, distal recall: 0.8842
epoch: 106, iter: 2310/3251, distal-aware loss: 0.2840, lumen dice: 0.9437, wall dice: 0.8554, distal recall: 0.8843
epoch: 106, iter: 2320/3251, distal-aware loss: 0.2841, lumen dice: 0.9437, wall dice: 0.8553, distal recall: 0.8843
epoch: 106, iter: 2330/3251, distal-aware loss: 0.2840, lumen dice: 0.9437, wall dice: 0.8553, distal recall: 0.8843
epoch: 106, iter: 2340/3251, distal-aware loss: 0.2840, lumen dice: 0.9437, wall dice: 0.8553, distal recall: 0.8842
epoch: 106, iter: 2350/3251, distal-aware loss: 0.2842, lumen dice: 0.9436, wall dice: 0.8552, distal recall: 0.8841
epoch: 106, iter: 2360/3251, distal-aware loss: 0.2842, lumen dice: 0.9436, wall dice: 0.8552, distal recall: 0.8841
epoch: 106, iter: 2370/3251, distal-aware loss: 0.2841, lumen dice: 0.9437, wall dice: 0.8553, distal recall: 0.8842
epoch: 106, iter: 2380/3251, distal-aware loss: 0.2842, lumen dice: 0.9437, wall dice: 0.8552, distal recall: 0.8842
epoch: 106, iter: 2390/3251, distal-aware loss: 0.2841, lumen dice: 0.9437, wall dice: 0.8552, distal recall: 0.8842
epoch: 106, iter: 2400/3251, distal-aware loss: 0.2841, lumen dice: 0.9437, wall dice: 0.8552, distal recall: 0.8842
epoch: 106, iter: 2410/3251, distal-aware loss: 0.2840, lumen dice: 0.9438, wall dice: 0.8553, distal recall: 0.8843
epoch: 106, iter: 2420/3251, distal-aware loss: 0.2839, lumen dice: 0.9438, wall dice: 0.8553, distal recall: 0.8842
epoch: 106, iter: 2430/3251, distal-aware loss: 0.2839, lumen dice: 0.9438, wall dice: 0.8553, distal recall: 0.8843
epoch: 106, iter: 2440/3251, distal-aware loss: 0.2839, lumen dice: 0.9438, wall dice: 0.8553, distal recall: 0.8843
epoch: 106, iter: 2450/3251, distal-aware loss: 0.2839, lumen dice: 0.9438, wall dice: 0.8553, distal recall: 0.8843
epoch: 106, iter: 2460/3251, distal-aware loss: 0.2839, lumen dice: 0.9437, wall dice: 0.8553, distal recall: 0.8843
epoch: 106, iter: 2470/3251, distal-aware loss: 0.2838, lumen dice: 0.9438, wall dice: 0.8554, distal recall: 0.8843
epoch: 106, iter: 2480/3251, distal-aware loss: 0.2839, lumen dice: 0.9438, wall dice: 0.8554, distal recall: 0.8844
epoch: 106, iter: 2490/3251, distal-aware loss: 0.2839, lumen dice: 0.9437, wall dice: 0.8554, distal recall: 0.8843
epoch: 106, iter: 2500/3251, distal-aware loss: 0.2840, lumen dice: 0.9437, wall dice: 0.8554, distal recall: 0.8844
epoch: 106, iter: 2510/3251, distal-aware loss: 0.2840, lumen dice: 0.9437, wall dice: 0.8554, distal recall: 0.8845
epoch: 106, iter: 2520/3251, distal-aware loss: 0.2839, lumen dice: 0.9438, wall dice: 0.8555, distal recall: 0.8844
epoch: 106, iter: 2530/3251, distal-aware loss: 0.2839, lumen dice: 0.9438, wall dice: 0.8555, distal recall: 0.8845
epoch: 106, iter: 2540/3251, distal-aware loss: 0.2839, lumen dice: 0.9438, wall dice: 0.8555, distal recall: 0.8844
epoch: 106, iter: 2550/3251, distal-aware loss: 0.2840, lumen dice: 0.9438, wall dice: 0.8555, distal recall: 0.8844
epoch: 106, iter: 2560/3251, distal-aware loss: 0.2840, lumen dice: 0.9438, wall dice: 0.8555, distal recall: 0.8843
epoch: 106, iter: 2570/3251, distal-aware loss: 0.2840, lumen dice: 0.9439, wall dice: 0.8555, distal recall: 0.8843
epoch: 106, iter: 2580/3251, distal-aware loss: 0.2840, lumen dice: 0.9439, wall dice: 0.8555, distal recall: 0.8843
epoch: 106, iter: 2590/3251, distal-aware loss: 0.2841, lumen dice: 0.9438, wall dice: 0.8555, distal recall: 0.8843
epoch: 106, iter: 2600/3251, distal-aware loss: 0.2840, lumen dice: 0.9438, wall dice: 0.8556, distal recall: 0.8844
epoch: 106, iter: 2610/3251, distal-aware loss: 0.2839, lumen dice: 0.9439, wall dice: 0.8556, distal recall: 0.8844
epoch: 106, iter: 2620/3251, distal-aware loss: 0.2839, lumen dice: 0.9439, wall dice: 0.8556, distal recall: 0.8843
epoch: 106, iter: 2630/3251, distal-aware loss: 0.2839, lumen dice: 0.9439, wall dice: 0.8556, distal recall: 0.8843
epoch: 106, iter: 2640/3251, distal-aware loss: 0.2840, lumen dice: 0.9439, wall dice: 0.8556, distal recall: 0.8843
epoch: 106, iter: 2650/3251, distal-aware loss: 0.2840, lumen dice: 0.9439, wall dice: 0.8556, distal recall: 0.8843
epoch: 106, iter: 2660/3251, distal-aware loss: 0.2841, lumen dice: 0.9439, wall dice: 0.8556, distal recall: 0.8843
epoch: 106, iter: 2670/3251, distal-aware loss: 0.2840, lumen dice: 0.9439, wall dice: 0.8556, distal recall: 0.8843
epoch: 106, iter: 2680/3251, distal-aware loss: 0.2840, lumen dice: 0.9439, wall dice: 0.8557, distal recall: 0.8844
epoch: 106, iter: 2690/3251, distal-aware loss: 0.2839, lumen dice: 0.9440, wall dice: 0.8557, distal recall: 0.8844
epoch: 106, iter: 2700/3251, distal-aware loss: 0.2839, lumen dice: 0.9440, wall dice: 0.8557, distal recall: 0.8844
epoch: 106, iter: 2710/3251, distal-aware loss: 0.2840, lumen dice: 0.9440, wall dice: 0.8557, distal recall: 0.8845
epoch: 106, iter: 2720/3251, distal-aware loss: 0.2840, lumen dice: 0.9440, wall dice: 0.8556, distal recall: 0.8845
epoch: 106, iter: 2730/3251, distal-aware loss: 0.2840, lumen dice: 0.9440, wall dice: 0.8557, distal recall: 0.8845
epoch: 106, iter: 2740/3251, distal-aware loss: 0.2840, lumen dice: 0.9440, wall dice: 0.8556, distal recall: 0.8846
epoch: 106, iter: 2750/3251, distal-aware loss: 0.2840, lumen dice: 0.9440, wall dice: 0.8556, distal recall: 0.8846
epoch: 106, iter: 2760/3251, distal-aware loss: 0.2839, lumen dice: 0.9441, wall dice: 0.8557, distal recall: 0.8847
epoch: 106, iter: 2770/3251, distal-aware loss: 0.2838, lumen dice: 0.9441, wall dice: 0.8558, distal recall: 0.8847
epoch: 106, iter: 2780/3251, distal-aware loss: 0.2837, lumen dice: 0.9441, wall dice: 0.8559, distal recall: 0.8848
epoch: 106, iter: 2790/3251, distal-aware loss: 0.2838, lumen dice: 0.9441, wall dice: 0.8559, distal recall: 0.8846
epoch: 106, iter: 2800/3251, distal-aware loss: 0.2838, lumen dice: 0.9441, wall dice: 0.8558, distal recall: 0.8845
epoch: 106, iter: 2810/3251, distal-aware loss: 0.2837, lumen dice: 0.9441, wall dice: 0.8558, distal recall: 0.8845
epoch: 106, iter: 2820/3251, distal-aware loss: 0.2836, lumen dice: 0.9442, wall dice: 0.8559, distal recall: 0.8846
epoch: 106, iter: 2830/3251, distal-aware loss: 0.2837, lumen dice: 0.9441, wall dice: 0.8559, distal recall: 0.8846
epoch: 106, iter: 2840/3251, distal-aware loss: 0.2838, lumen dice: 0.9441, wall dice: 0.8559, distal recall: 0.8846
epoch: 106, iter: 2850/3251, distal-aware loss: 0.2837, lumen dice: 0.9441, wall dice: 0.8559, distal recall: 0.8846
epoch: 106, iter: 2860/3251, distal-aware loss: 0.2837, lumen dice: 0.9441, wall dice: 0.8558, distal recall: 0.8846
epoch: 106, iter: 2870/3251, distal-aware loss: 0.2837, lumen dice: 0.9441, wall dice: 0.8559, distal recall: 0.8846
epoch: 106, iter: 2880/3251, distal-aware loss: 0.2838, lumen dice: 0.9441, wall dice: 0.8558, distal recall: 0.8846
epoch: 106, iter: 2890/3251, distal-aware loss: 0.2838, lumen dice: 0.9441, wall dice: 0.8558, distal recall: 0.8846
epoch: 106, iter: 2900/3251, distal-aware loss: 0.2838, lumen dice: 0.9441, wall dice: 0.8558, distal recall: 0.8846
epoch: 106, iter: 2910/3251, distal-aware loss: 0.2838, lumen dice: 0.9442, wall dice: 0.8558, distal recall: 0.8846
epoch: 106, iter: 2920/3251, distal-aware loss: 0.2838, lumen dice: 0.9442, wall dice: 0.8558, distal recall: 0.8846
epoch: 106, iter: 2930/3251, distal-aware loss: 0.2839, lumen dice: 0.9441, wall dice: 0.8558, distal recall: 0.8846
epoch: 106, iter: 2940/3251, distal-aware loss: 0.2839, lumen dice: 0.9441, wall dice: 0.8558, distal recall: 0.8847
epoch: 106, iter: 2950/3251, distal-aware loss: 0.2838, lumen dice: 0.9442, wall dice: 0.8558, distal recall: 0.8846
epoch: 106, iter: 2960/3251, distal-aware loss: 0.2839, lumen dice: 0.9440, wall dice: 0.8558, distal recall: 0.8846
epoch: 106, iter: 2970/3251, distal-aware loss: 0.2838, lumen dice: 0.9441, wall dice: 0.8558, distal recall: 0.8846
epoch: 106, iter: 2980/3251, distal-aware loss: 0.2840, lumen dice: 0.9441, wall dice: 0.8557, distal recall: 0.8845
epoch: 106, iter: 2990/3251, distal-aware loss: 0.2840, lumen dice: 0.9440, wall dice: 0.8557, distal recall: 0.8845
epoch: 106, iter: 3000/3251, distal-aware loss: 0.2839, lumen dice: 0.9440, wall dice: 0.8557, distal recall: 0.8845
epoch: 106, iter: 3010/3251, distal-aware loss: 0.2839, lumen dice: 0.9440, wall dice: 0.8557, distal recall: 0.8845
epoch: 106, iter: 3020/3251, distal-aware loss: 0.2839, lumen dice: 0.9441, wall dice: 0.8557, distal recall: 0.8846
epoch: 106, iter: 3030/3251, distal-aware loss: 0.2839, lumen dice: 0.9440, wall dice: 0.8557, distal recall: 0.8845
epoch: 106, iter: 3040/3251, distal-aware loss: 0.2839, lumen dice: 0.9440, wall dice: 0.8557, distal recall: 0.8846
epoch: 106, iter: 3050/3251, distal-aware loss: 0.2838, lumen dice: 0.9441, wall dice: 0.8558, distal recall: 0.8846
epoch: 106, iter: 3060/3251, distal-aware loss: 0.2838, lumen dice: 0.9441, wall dice: 0.8558, distal recall: 0.8847
epoch: 106, iter: 3070/3251, distal-aware loss: 0.2837, lumen dice: 0.9441, wall dice: 0.8558, distal recall: 0.8847
epoch: 106, iter: 3080/3251, distal-aware loss: 0.2839, lumen dice: 0.9441, wall dice: 0.8558, distal recall: 0.8846
epoch: 106, iter: 3090/3251, distal-aware loss: 0.2839, lumen dice: 0.9440, wall dice: 0.8558, distal recall: 0.8845
epoch: 106, iter: 3100/3251, distal-aware loss: 0.2840, lumen dice: 0.9440, wall dice: 0.8557, distal recall: 0.8845
epoch: 106, iter: 3110/3251, distal-aware loss: 0.2839, lumen dice: 0.9440, wall dice: 0.8557, distal recall: 0.8844
epoch: 106, iter: 3120/3251, distal-aware loss: 0.2839, lumen dice: 0.9440, wall dice: 0.8558, distal recall: 0.8844
epoch: 106, iter: 3130/3251, distal-aware loss: 0.2838, lumen dice: 0.9441, wall dice: 0.8558, distal recall: 0.8844
epoch: 106, iter: 3140/3251, distal-aware loss: 0.2838, lumen dice: 0.9441, wall dice: 0.8559, distal recall: 0.8845
epoch: 106, iter: 3150/3251, distal-aware loss: 0.2838, lumen dice: 0.9441, wall dice: 0.8559, distal recall: 0.8845
epoch: 106, iter: 3160/3251, distal-aware loss: 0.2838, lumen dice: 0.9441, wall dice: 0.8559, distal recall: 0.8845
epoch: 106, iter: 3170/3251, distal-aware loss: 0.2839, lumen dice: 0.9441, wall dice: 0.8557, distal recall: 0.8845
epoch: 106, iter: 3180/3251, distal-aware loss: 0.2838, lumen dice: 0.9441, wall dice: 0.8558, distal recall: 0.8846
epoch: 106, iter: 3190/3251, distal-aware loss: 0.2838, lumen dice: 0.9441, wall dice: 0.8558, distal recall: 0.8846
epoch: 106, iter: 3200/3251, distal-aware loss: 0.2837, lumen dice: 0.9441, wall dice: 0.8558, distal recall: 0.8846
epoch: 106, iter: 3210/3251, distal-aware loss: 0.2837, lumen dice: 0.9441, wall dice: 0.8559, distal recall: 0.8846
epoch: 106, iter: 3220/3251, distal-aware loss: 0.2837, lumen dice: 0.9441, wall dice: 0.8559, distal recall: 0.8847
epoch: 106, iter: 3230/3251, distal-aware loss: 0.2837, lumen dice: 0.9441, wall dice: 0.8559, distal recall: 0.8847
epoch: 106, iter: 3240/3251, distal-aware loss: 0.2837, lumen dice: 0.9441, wall dice: 0.8559, distal recall: 0.8847
epoch: 106, iter: 3250/3251, distal-aware loss: 0.2837, lumen dice: 0.9441, wall dice: 0.8559, distal recall: 0.8847
epoch: 106, val distal-aware loss: 0.3011, val lumen dice: 0.9459, val wall dice: 0.8659, val distal recall: 0.9317
starting epoch: 107
epoch: 107, iter: 0/3251, distal-aware loss: 0.2212, lumen dice: 0.9763, wall dice: 0.8899, distal recall: 0.9346
epoch: 107, iter: 10/3251, distal-aware loss: 0.2701, lumen dice: 0.9484, wall dice: 0.8690, distal recall: 0.8865
epoch: 107, iter: 20/3251, distal-aware loss: 0.2716, lumen dice: 0.9498, wall dice: 0.8710, distal recall: 0.8920
epoch: 107, iter: 30/3251, distal-aware loss: 0.2808, lumen dice: 0.9451, wall dice: 0.8642, distal recall: 0.8861
epoch: 107, iter: 40/3251, distal-aware loss: 0.2821, lumen dice: 0.9458, wall dice: 0.8649, distal recall: 0.8912
epoch: 107, iter: 50/3251, distal-aware loss: 0.2749, lumen dice: 0.9480, wall dice: 0.8686, distal recall: 0.8919
epoch: 107, iter: 60/3251, distal-aware loss: 0.2778, lumen dice: 0.9442, wall dice: 0.8683, distal recall: 0.8913
epoch: 107, iter: 70/3251, distal-aware loss: 0.2779, lumen dice: 0.9460, wall dice: 0.8665, distal recall: 0.8922
epoch: 107, iter: 80/3251, distal-aware loss: 0.2765, lumen dice: 0.9476, wall dice: 0.8655, distal recall: 0.8906
epoch: 107, iter: 90/3251, distal-aware loss: 0.2732, lumen dice: 0.9474, wall dice: 0.8672, distal recall: 0.8926
epoch: 107, iter: 100/3251, distal-aware loss: 0.2750, lumen dice: 0.9465, wall dice: 0.8658, distal recall: 0.8918
epoch: 107, iter: 110/3251, distal-aware loss: 0.2732, lumen dice: 0.9474, wall dice: 0.8671, distal recall: 0.8917
epoch: 107, iter: 120/3251, distal-aware loss: 0.2733, lumen dice: 0.9483, wall dice: 0.8664, distal recall: 0.8906
epoch: 107, iter: 130/3251, distal-aware loss: 0.2751, lumen dice: 0.9473, wall dice: 0.8659, distal recall: 0.8904
epoch: 107, iter: 140/3251, distal-aware loss: 0.2768, lumen dice: 0.9466, wall dice: 0.8638, distal recall: 0.8905
epoch: 107, iter: 150/3251, distal-aware loss: 0.2749, lumen dice: 0.9477, wall dice: 0.8647, distal recall: 0.8908
epoch: 107, iter: 160/3251, distal-aware loss: 0.2747, lumen dice: 0.9472, wall dice: 0.8651, distal recall: 0.8916
epoch: 107, iter: 170/3251, distal-aware loss: 0.2763, lumen dice: 0.9470, wall dice: 0.8644, distal recall: 0.8907
epoch: 107, iter: 180/3251, distal-aware loss: 0.2779, lumen dice: 0.9468, wall dice: 0.8641, distal recall: 0.8902
epoch: 107, iter: 190/3251, distal-aware loss: 0.2774, lumen dice: 0.9473, wall dice: 0.8636, distal recall: 0.8896
epoch: 107, iter: 200/3251, distal-aware loss: 0.2790, lumen dice: 0.9470, wall dice: 0.8630, distal recall: 0.8889
epoch: 107, iter: 210/3251, distal-aware loss: 0.2784, lumen dice: 0.9471, wall dice: 0.8636, distal recall: 0.8888
epoch: 107, iter: 220/3251, distal-aware loss: 0.2800, lumen dice: 0.9467, wall dice: 0.8621, distal recall: 0.8878
epoch: 107, iter: 230/3251, distal-aware loss: 0.2818, lumen dice: 0.9460, wall dice: 0.8605, distal recall: 0.8876
epoch: 107, iter: 240/3251, distal-aware loss: 0.2809, lumen dice: 0.9465, wall dice: 0.8612, distal recall: 0.8880
epoch: 107, iter: 250/3251, distal-aware loss: 0.2808, lumen dice: 0.9458, wall dice: 0.8612, distal recall: 0.8886
epoch: 107, iter: 260/3251, distal-aware loss: 0.2798, lumen dice: 0.9462, wall dice: 0.8619, distal recall: 0.8887
epoch: 107, iter: 270/3251, distal-aware loss: 0.2792, lumen dice: 0.9465, wall dice: 0.8620, distal recall: 0.8886
epoch: 107, iter: 280/3251, distal-aware loss: 0.2794, lumen dice: 0.9462, wall dice: 0.8611, distal recall: 0.8890
epoch: 107, iter: 290/3251, distal-aware loss: 0.2840, lumen dice: 0.9438, wall dice: 0.8582, distal recall: 0.8874
epoch: 107, iter: 300/3251, distal-aware loss: 0.2860, lumen dice: 0.9417, wall dice: 0.8555, distal recall: 0.8854
epoch: 107, iter: 310/3251, distal-aware loss: 0.2893, lumen dice: 0.9403, wall dice: 0.8539, distal recall: 0.8820
epoch: 107, iter: 320/3251, distal-aware loss: 0.2918, lumen dice: 0.9386, wall dice: 0.8516, distal recall: 0.8794
epoch: 107, iter: 330/3251, distal-aware loss: 0.2927, lumen dice: 0.9386, wall dice: 0.8511, distal recall: 0.8794
epoch: 107, iter: 340/3251, distal-aware loss: 0.2934, lumen dice: 0.9382, wall dice: 0.8502, distal recall: 0.8781
epoch: 107, iter: 350/3251, distal-aware loss: 0.2945, lumen dice: 0.9375, wall dice: 0.8494, distal recall: 0.8781
epoch: 107, iter: 360/3251, distal-aware loss: 0.2955, lumen dice: 0.9372, wall dice: 0.8488, distal recall: 0.8779
epoch: 107, iter: 370/3251, distal-aware loss: 0.2951, lumen dice: 0.9377, wall dice: 0.8491, distal recall: 0.8778
epoch: 107, iter: 380/3251, distal-aware loss: 0.2945, lumen dice: 0.9380, wall dice: 0.8494, distal recall: 0.8784
epoch: 107, iter: 390/3251, distal-aware loss: 0.2943, lumen dice: 0.9383, wall dice: 0.8495, distal recall: 0.8776
epoch: 107, iter: 400/3251, distal-aware loss: 0.2956, lumen dice: 0.9376, wall dice: 0.8486, distal recall: 0.8772
epoch: 107, iter: 410/3251, distal-aware loss: 0.2957, lumen dice: 0.9380, wall dice: 0.8487, distal recall: 0.8767
epoch: 107, iter: 420/3251, distal-aware loss: 0.2964, lumen dice: 0.9377, wall dice: 0.8483, distal recall: 0.8766
epoch: 107, iter: 430/3251, distal-aware loss: 0.2966, lumen dice: 0.9370, wall dice: 0.8483, distal recall: 0.8769
epoch: 107, iter: 440/3251, distal-aware loss: 0.2964, lumen dice: 0.9370, wall dice: 0.8486, distal recall: 0.8772
epoch: 107, iter: 450/3251, distal-aware loss: 0.2958, lumen dice: 0.9373, wall dice: 0.8488, distal recall: 0.8773
epoch: 107, iter: 460/3251, distal-aware loss: 0.2965, lumen dice: 0.9374, wall dice: 0.8485, distal recall: 0.8765
epoch: 107, iter: 470/3251, distal-aware loss: 0.2966, lumen dice: 0.9375, wall dice: 0.8486, distal recall: 0.8765
epoch: 107, iter: 480/3251, distal-aware loss: 0.2958, lumen dice: 0.9378, wall dice: 0.8490, distal recall: 0.8767
epoch: 107, iter: 490/3251, distal-aware loss: 0.2951, lumen dice: 0.9380, wall dice: 0.8494, distal recall: 0.8776
epoch: 107, iter: 500/3251, distal-aware loss: 0.2946, lumen dice: 0.9384, wall dice: 0.8498, distal recall: 0.8776
epoch: 107, iter: 510/3251, distal-aware loss: 0.2960, lumen dice: 0.9380, wall dice: 0.8488, distal recall: 0.8773
epoch: 107, iter: 520/3251, distal-aware loss: 0.2961, lumen dice: 0.9381, wall dice: 0.8491, distal recall: 0.8773
epoch: 107, iter: 530/3251, distal-aware loss: 0.2956, lumen dice: 0.9383, wall dice: 0.8492, distal recall: 0.8776
epoch: 107, iter: 540/3251, distal-aware loss: 0.2949, lumen dice: 0.9386, wall dice: 0.8497, distal recall: 0.8778
epoch: 107, iter: 550/3251, distal-aware loss: 0.2950, lumen dice: 0.9384, wall dice: 0.8498, distal recall: 0.8777
epoch: 107, iter: 560/3251, distal-aware loss: 0.2945, lumen dice: 0.9384, wall dice: 0.8500, distal recall: 0.8779
epoch: 107, iter: 570/3251, distal-aware loss: 0.2940, lumen dice: 0.9388, wall dice: 0.8503, distal recall: 0.8779
epoch: 107, iter: 580/3251, distal-aware loss: 0.2940, lumen dice: 0.9386, wall dice: 0.8504, distal recall: 0.8778
epoch: 107, iter: 590/3251, distal-aware loss: 0.2936, lumen dice: 0.9389, wall dice: 0.8505, distal recall: 0.8781
epoch: 107, iter: 600/3251, distal-aware loss: 0.2937, lumen dice: 0.9389, wall dice: 0.8504, distal recall: 0.8784
epoch: 107, iter: 610/3251, distal-aware loss: 0.2934, lumen dice: 0.9390, wall dice: 0.8506, distal recall: 0.8784
epoch: 107, iter: 620/3251, distal-aware loss: 0.2933, lumen dice: 0.9390, wall dice: 0.8508, distal recall: 0.8788
epoch: 107, iter: 630/3251, distal-aware loss: 0.2928, lumen dice: 0.9391, wall dice: 0.8509, distal recall: 0.8788
epoch: 107, iter: 640/3251, distal-aware loss: 0.2925, lumen dice: 0.9389, wall dice: 0.8509, distal recall: 0.8787
epoch: 107, iter: 650/3251, distal-aware loss: 0.2922, lumen dice: 0.9388, wall dice: 0.8511, distal recall: 0.8788
epoch: 107, iter: 660/3251, distal-aware loss: 0.2922, lumen dice: 0.9389, wall dice: 0.8512, distal recall: 0.8790
epoch: 107, iter: 670/3251, distal-aware loss: 0.2923, lumen dice: 0.9390, wall dice: 0.8509, distal recall: 0.8787
epoch: 107, iter: 680/3251, distal-aware loss: 0.2919, lumen dice: 0.9393, wall dice: 0.8512, distal recall: 0.8789
epoch: 107, iter: 690/3251, distal-aware loss: 0.2920, lumen dice: 0.9390, wall dice: 0.8510, distal recall: 0.8789
epoch: 107, iter: 700/3251, distal-aware loss: 0.2920, lumen dice: 0.9392, wall dice: 0.8511, distal recall: 0.8790
epoch: 107, iter: 710/3251, distal-aware loss: 0.2918, lumen dice: 0.9393, wall dice: 0.8514, distal recall: 0.8791
epoch: 107, iter: 720/3251, distal-aware loss: 0.2915, lumen dice: 0.9394, wall dice: 0.8514, distal recall: 0.8792
epoch: 107, iter: 730/3251, distal-aware loss: 0.2916, lumen dice: 0.9394, wall dice: 0.8514, distal recall: 0.8791
epoch: 107, iter: 740/3251, distal-aware loss: 0.2913, lumen dice: 0.9396, wall dice: 0.8516, distal recall: 0.8793
epoch: 107, iter: 750/3251, distal-aware loss: 0.2910, lumen dice: 0.9398, wall dice: 0.8518, distal recall: 0.8794
epoch: 107, iter: 760/3251, distal-aware loss: 0.2906, lumen dice: 0.9400, wall dice: 0.8520, distal recall: 0.8796
epoch: 107, iter: 770/3251, distal-aware loss: 0.2905, lumen dice: 0.9401, wall dice: 0.8522, distal recall: 0.8794
epoch: 107, iter: 780/3251, distal-aware loss: 0.2909, lumen dice: 0.9398, wall dice: 0.8517, distal recall: 0.8793
epoch: 107, iter: 790/3251, distal-aware loss: 0.2904, lumen dice: 0.9400, wall dice: 0.8520, distal recall: 0.8795
epoch: 107, iter: 800/3251, distal-aware loss: 0.2906, lumen dice: 0.9400, wall dice: 0.8518, distal recall: 0.8796
epoch: 107, iter: 810/3251, distal-aware loss: 0.2906, lumen dice: 0.9401, wall dice: 0.8519, distal recall: 0.8792
epoch: 107, iter: 820/3251, distal-aware loss: 0.2904, lumen dice: 0.9403, wall dice: 0.8520, distal recall: 0.8794
epoch: 107, iter: 830/3251, distal-aware loss: 0.2902, lumen dice: 0.9404, wall dice: 0.8522, distal recall: 0.8796
epoch: 107, iter: 840/3251, distal-aware loss: 0.2904, lumen dice: 0.9403, wall dice: 0.8520, distal recall: 0.8796
epoch: 107, iter: 850/3251, distal-aware loss: 0.2903, lumen dice: 0.9403, wall dice: 0.8520, distal recall: 0.8797
epoch: 107, iter: 860/3251, distal-aware loss: 0.2898, lumen dice: 0.9406, wall dice: 0.8522, distal recall: 0.8798
epoch: 107, iter: 870/3251, distal-aware loss: 0.2895, lumen dice: 0.9408, wall dice: 0.8524, distal recall: 0.8798
epoch: 107, iter: 880/3251, distal-aware loss: 0.2897, lumen dice: 0.9408, wall dice: 0.8524, distal recall: 0.8798
epoch: 107, iter: 890/3251, distal-aware loss: 0.2894, lumen dice: 0.9409, wall dice: 0.8526, distal recall: 0.8800
epoch: 107, iter: 900/3251, distal-aware loss: 0.2891, lumen dice: 0.9411, wall dice: 0.8529, distal recall: 0.8803
epoch: 107, iter: 910/3251, distal-aware loss: 0.2891, lumen dice: 0.9412, wall dice: 0.8530, distal recall: 0.8801
epoch: 107, iter: 920/3251, distal-aware loss: 0.2891, lumen dice: 0.9412, wall dice: 0.8529, distal recall: 0.8802
epoch: 107, iter: 930/3251, distal-aware loss: 0.2889, lumen dice: 0.9413, wall dice: 0.8530, distal recall: 0.8803
epoch: 107, iter: 940/3251, distal-aware loss: 0.2888, lumen dice: 0.9413, wall dice: 0.8531, distal recall: 0.8805
epoch: 107, iter: 950/3251, distal-aware loss: 0.2885, lumen dice: 0.9413, wall dice: 0.8534, distal recall: 0.8808
epoch: 107, iter: 960/3251, distal-aware loss: 0.2883, lumen dice: 0.9414, wall dice: 0.8536, distal recall: 0.8808
epoch: 107, iter: 970/3251, distal-aware loss: 0.2880, lumen dice: 0.9415, wall dice: 0.8537, distal recall: 0.8810
epoch: 107, iter: 980/3251, distal-aware loss: 0.2878, lumen dice: 0.9416, wall dice: 0.8539, distal recall: 0.8811
epoch: 107, iter: 990/3251, distal-aware loss: 0.2883, lumen dice: 0.9413, wall dice: 0.8532, distal recall: 0.8806
epoch: 107, iter: 1000/3251, distal-aware loss: 0.2881, lumen dice: 0.9413, wall dice: 0.8533, distal recall: 0.8808
epoch: 107, iter: 1010/3251, distal-aware loss: 0.2882, lumen dice: 0.9414, wall dice: 0.8532, distal recall: 0.8807
epoch: 107, iter: 1020/3251, distal-aware loss: 0.2882, lumen dice: 0.9414, wall dice: 0.8532, distal recall: 0.8807
epoch: 107, iter: 1030/3251, distal-aware loss: 0.2881, lumen dice: 0.9414, wall dice: 0.8534, distal recall: 0.8809
epoch: 107, iter: 1040/3251, distal-aware loss: 0.2880, lumen dice: 0.9416, wall dice: 0.8532, distal recall: 0.8807
epoch: 107, iter: 1050/3251, distal-aware loss: 0.2880, lumen dice: 0.9417, wall dice: 0.8532, distal recall: 0.8807
epoch: 107, iter: 1060/3251, distal-aware loss: 0.2877, lumen dice: 0.9417, wall dice: 0.8534, distal recall: 0.8810
epoch: 107, iter: 1070/3251, distal-aware loss: 0.2879, lumen dice: 0.9417, wall dice: 0.8532, distal recall: 0.8811
epoch: 107, iter: 1080/3251, distal-aware loss: 0.2875, lumen dice: 0.9418, wall dice: 0.8533, distal recall: 0.8812
epoch: 107, iter: 1090/3251, distal-aware loss: 0.2876, lumen dice: 0.9419, wall dice: 0.8534, distal recall: 0.8811
epoch: 107, iter: 1100/3251, distal-aware loss: 0.2875, lumen dice: 0.9420, wall dice: 0.8535, distal recall: 0.8811
epoch: 107, iter: 1110/3251, distal-aware loss: 0.2872, lumen dice: 0.9421, wall dice: 0.8537, distal recall: 0.8813
epoch: 107, iter: 1120/3251, distal-aware loss: 0.2874, lumen dice: 0.9422, wall dice: 0.8536, distal recall: 0.8813
epoch: 107, iter: 1130/3251, distal-aware loss: 0.2871, lumen dice: 0.9422, wall dice: 0.8538, distal recall: 0.8814
epoch: 107, iter: 1140/3251, distal-aware loss: 0.2870, lumen dice: 0.9422, wall dice: 0.8538, distal recall: 0.8815
epoch: 107, iter: 1150/3251, distal-aware loss: 0.2870, lumen dice: 0.9422, wall dice: 0.8538, distal recall: 0.8814
epoch: 107, iter: 1160/3251, distal-aware loss: 0.2871, lumen dice: 0.9422, wall dice: 0.8538, distal recall: 0.8817
epoch: 107, iter: 1170/3251, distal-aware loss: 0.2874, lumen dice: 0.9422, wall dice: 0.8537, distal recall: 0.8813
epoch: 107, iter: 1180/3251, distal-aware loss: 0.2874, lumen dice: 0.9421, wall dice: 0.8536, distal recall: 0.8813
epoch: 107, iter: 1190/3251, distal-aware loss: 0.2877, lumen dice: 0.9419, wall dice: 0.8534, distal recall: 0.8813
epoch: 107, iter: 1200/3251, distal-aware loss: 0.2878, lumen dice: 0.9419, wall dice: 0.8533, distal recall: 0.8812
epoch: 107, iter: 1210/3251, distal-aware loss: 0.2880, lumen dice: 0.9418, wall dice: 0.8533, distal recall: 0.8813
epoch: 107, iter: 1220/3251, distal-aware loss: 0.2883, lumen dice: 0.9415, wall dice: 0.8529, distal recall: 0.8813
epoch: 107, iter: 1230/3251, distal-aware loss: 0.2881, lumen dice: 0.9417, wall dice: 0.8530, distal recall: 0.8814
epoch: 107, iter: 1240/3251, distal-aware loss: 0.2881, lumen dice: 0.9416, wall dice: 0.8530, distal recall: 0.8814
epoch: 107, iter: 1250/3251, distal-aware loss: 0.2880, lumen dice: 0.9416, wall dice: 0.8530, distal recall: 0.8816
epoch: 107, iter: 1260/3251, distal-aware loss: 0.2880, lumen dice: 0.9417, wall dice: 0.8531, distal recall: 0.8816
epoch: 107, iter: 1270/3251, distal-aware loss: 0.2880, lumen dice: 0.9418, wall dice: 0.8531, distal recall: 0.8816
epoch: 107, iter: 1280/3251, distal-aware loss: 0.2878, lumen dice: 0.9419, wall dice: 0.8533, distal recall: 0.8817
epoch: 107, iter: 1290/3251, distal-aware loss: 0.2876, lumen dice: 0.9419, wall dice: 0.8534, distal recall: 0.8818
epoch: 107, iter: 1300/3251, distal-aware loss: 0.2874, lumen dice: 0.9420, wall dice: 0.8535, distal recall: 0.8817
epoch: 107, iter: 1310/3251, distal-aware loss: 0.2875, lumen dice: 0.9419, wall dice: 0.8535, distal recall: 0.8817
epoch: 107, iter: 1320/3251, distal-aware loss: 0.2876, lumen dice: 0.9419, wall dice: 0.8533, distal recall: 0.8817
epoch: 107, iter: 1330/3251, distal-aware loss: 0.2875, lumen dice: 0.9419, wall dice: 0.8533, distal recall: 0.8818
epoch: 107, iter: 1340/3251, distal-aware loss: 0.2875, lumen dice: 0.9420, wall dice: 0.8532, distal recall: 0.8818
epoch: 107, iter: 1350/3251, distal-aware loss: 0.2875, lumen dice: 0.9419, wall dice: 0.8532, distal recall: 0.8819
epoch: 107, iter: 1360/3251, distal-aware loss: 0.2874, lumen dice: 0.9420, wall dice: 0.8533, distal recall: 0.8818
epoch: 107, iter: 1370/3251, distal-aware loss: 0.2871, lumen dice: 0.9421, wall dice: 0.8535, distal recall: 0.8820
epoch: 107, iter: 1380/3251, distal-aware loss: 0.2870, lumen dice: 0.9420, wall dice: 0.8536, distal recall: 0.8820
epoch: 107, iter: 1390/3251, distal-aware loss: 0.2870, lumen dice: 0.9420, wall dice: 0.8536, distal recall: 0.8819
epoch: 107, iter: 1400/3251, distal-aware loss: 0.2869, lumen dice: 0.9421, wall dice: 0.8537, distal recall: 0.8820
epoch: 107, iter: 1410/3251, distal-aware loss: 0.2869, lumen dice: 0.9420, wall dice: 0.8534, distal recall: 0.8821
epoch: 107, iter: 1420/3251, distal-aware loss: 0.2869, lumen dice: 0.9421, wall dice: 0.8535, distal recall: 0.8821
epoch: 107, iter: 1430/3251, distal-aware loss: 0.2869, lumen dice: 0.9421, wall dice: 0.8535, distal recall: 0.8822
epoch: 107, iter: 1440/3251, distal-aware loss: 0.2869, lumen dice: 0.9422, wall dice: 0.8536, distal recall: 0.8822
epoch: 107, iter: 1450/3251, distal-aware loss: 0.2869, lumen dice: 0.9422, wall dice: 0.8537, distal recall: 0.8822
epoch: 107, iter: 1460/3251, distal-aware loss: 0.2868, lumen dice: 0.9422, wall dice: 0.8538, distal recall: 0.8822
epoch: 107, iter: 1470/3251, distal-aware loss: 0.2870, lumen dice: 0.9421, wall dice: 0.8537, distal recall: 0.8822
epoch: 107, iter: 1480/3251, distal-aware loss: 0.2869, lumen dice: 0.9421, wall dice: 0.8537, distal recall: 0.8821
epoch: 107, iter: 1490/3251, distal-aware loss: 0.2869, lumen dice: 0.9421, wall dice: 0.8536, distal recall: 0.8821
epoch: 107, iter: 1500/3251, distal-aware loss: 0.2868, lumen dice: 0.9422, wall dice: 0.8537, distal recall: 0.8821
epoch: 107, iter: 1510/3251, distal-aware loss: 0.2868, lumen dice: 0.9423, wall dice: 0.8537, distal recall: 0.8820
epoch: 107, iter: 1520/3251, distal-aware loss: 0.2869, lumen dice: 0.9423, wall dice: 0.8537, distal recall: 0.8820
epoch: 107, iter: 1530/3251, distal-aware loss: 0.2867, lumen dice: 0.9423, wall dice: 0.8537, distal recall: 0.8822
epoch: 107, iter: 1540/3251, distal-aware loss: 0.2867, lumen dice: 0.9423, wall dice: 0.8538, distal recall: 0.8821
epoch: 107, iter: 1550/3251, distal-aware loss: 0.2868, lumen dice: 0.9423, wall dice: 0.8537, distal recall: 0.8819
epoch: 107, iter: 1560/3251, distal-aware loss: 0.2869, lumen dice: 0.9423, wall dice: 0.8536, distal recall: 0.8819
epoch: 107, iter: 1570/3251, distal-aware loss: 0.2869, lumen dice: 0.9423, wall dice: 0.8537, distal recall: 0.8820
epoch: 107, iter: 1580/3251, distal-aware loss: 0.2866, lumen dice: 0.9423, wall dice: 0.8539, distal recall: 0.8822
epoch: 107, iter: 1590/3251, distal-aware loss: 0.2865, lumen dice: 0.9423, wall dice: 0.8540, distal recall: 0.8824
epoch: 107, iter: 1600/3251, distal-aware loss: 0.2866, lumen dice: 0.9421, wall dice: 0.8540, distal recall: 0.8823
epoch: 107, iter: 1610/3251, distal-aware loss: 0.2864, lumen dice: 0.9421, wall dice: 0.8540, distal recall: 0.8824
epoch: 107, iter: 1620/3251, distal-aware loss: 0.2864, lumen dice: 0.9423, wall dice: 0.8541, distal recall: 0.8823
epoch: 107, iter: 1630/3251, distal-aware loss: 0.2864, lumen dice: 0.9423, wall dice: 0.8541, distal recall: 0.8825
epoch: 107, iter: 1640/3251, distal-aware loss: 0.2863, lumen dice: 0.9423, wall dice: 0.8541, distal recall: 0.8824
epoch: 107, iter: 1650/3251, distal-aware loss: 0.2861, lumen dice: 0.9425, wall dice: 0.8542, distal recall: 0.8826
epoch: 107, iter: 1660/3251, distal-aware loss: 0.2862, lumen dice: 0.9425, wall dice: 0.8541, distal recall: 0.8826
epoch: 107, iter: 1670/3251, distal-aware loss: 0.2863, lumen dice: 0.9424, wall dice: 0.8541, distal recall: 0.8826
epoch: 107, iter: 1680/3251, distal-aware loss: 0.2862, lumen dice: 0.9424, wall dice: 0.8541, distal recall: 0.8827
epoch: 107, iter: 1690/3251, distal-aware loss: 0.2860, lumen dice: 0.9425, wall dice: 0.8543, distal recall: 0.8828
epoch: 107, iter: 1700/3251, distal-aware loss: 0.2860, lumen dice: 0.9426, wall dice: 0.8544, distal recall: 0.8828
epoch: 107, iter: 1710/3251, distal-aware loss: 0.2858, lumen dice: 0.9427, wall dice: 0.8545, distal recall: 0.8829
epoch: 107, iter: 1720/3251, distal-aware loss: 0.2856, lumen dice: 0.9427, wall dice: 0.8545, distal recall: 0.8830
epoch: 107, iter: 1730/3251, distal-aware loss: 0.2858, lumen dice: 0.9426, wall dice: 0.8544, distal recall: 0.8830
epoch: 107, iter: 1740/3251, distal-aware loss: 0.2856, lumen dice: 0.9427, wall dice: 0.8545, distal recall: 0.8831
epoch: 107, iter: 1750/3251, distal-aware loss: 0.2854, lumen dice: 0.9427, wall dice: 0.8546, distal recall: 0.8832
epoch: 107, iter: 1760/3251, distal-aware loss: 0.2856, lumen dice: 0.9427, wall dice: 0.8546, distal recall: 0.8831
epoch: 107, iter: 1770/3251, distal-aware loss: 0.2857, lumen dice: 0.9427, wall dice: 0.8544, distal recall: 0.8831
epoch: 107, iter: 1780/3251, distal-aware loss: 0.2856, lumen dice: 0.9427, wall dice: 0.8545, distal recall: 0.8831
epoch: 107, iter: 1790/3251, distal-aware loss: 0.2854, lumen dice: 0.9428, wall dice: 0.8546, distal recall: 0.8832
epoch: 107, iter: 1800/3251, distal-aware loss: 0.2856, lumen dice: 0.9424, wall dice: 0.8547, distal recall: 0.8831
epoch: 107, iter: 1810/3251, distal-aware loss: 0.2856, lumen dice: 0.9424, wall dice: 0.8547, distal recall: 0.8832
epoch: 107, iter: 1820/3251, distal-aware loss: 0.2855, lumen dice: 0.9424, wall dice: 0.8548, distal recall: 0.8833
epoch: 107, iter: 1830/3251, distal-aware loss: 0.2855, lumen dice: 0.9425, wall dice: 0.8548, distal recall: 0.8834
epoch: 107, iter: 1840/3251, distal-aware loss: 0.2855, lumen dice: 0.9425, wall dice: 0.8549, distal recall: 0.8834
epoch: 107, iter: 1850/3251, distal-aware loss: 0.2854, lumen dice: 0.9425, wall dice: 0.8549, distal recall: 0.8835
epoch: 107, iter: 1860/3251, distal-aware loss: 0.2852, lumen dice: 0.9425, wall dice: 0.8550, distal recall: 0.8836
epoch: 107, iter: 1870/3251, distal-aware loss: 0.2850, lumen dice: 0.9426, wall dice: 0.8551, distal recall: 0.8837
epoch: 107, iter: 1880/3251, distal-aware loss: 0.2850, lumen dice: 0.9426, wall dice: 0.8552, distal recall: 0.8838
epoch: 107, iter: 1890/3251, distal-aware loss: 0.2850, lumen dice: 0.9426, wall dice: 0.8552, distal recall: 0.8838
epoch: 107, iter: 1900/3251, distal-aware loss: 0.2849, lumen dice: 0.9427, wall dice: 0.8553, distal recall: 0.8839
epoch: 107, iter: 1910/3251, distal-aware loss: 0.2849, lumen dice: 0.9427, wall dice: 0.8553, distal recall: 0.8838
epoch: 107, iter: 1920/3251, distal-aware loss: 0.2850, lumen dice: 0.9427, wall dice: 0.8553, distal recall: 0.8837
epoch: 107, iter: 1930/3251, distal-aware loss: 0.2850, lumen dice: 0.9427, wall dice: 0.8553, distal recall: 0.8838
epoch: 107, iter: 1940/3251, distal-aware loss: 0.2849, lumen dice: 0.9428, wall dice: 0.8554, distal recall: 0.8838
epoch: 107, iter: 1950/3251, distal-aware loss: 0.2848, lumen dice: 0.9428, wall dice: 0.8555, distal recall: 0.8839
epoch: 107, iter: 1960/3251, distal-aware loss: 0.2847, lumen dice: 0.9427, wall dice: 0.8555, distal recall: 0.8840
epoch: 107, iter: 1970/3251, distal-aware loss: 0.2848, lumen dice: 0.9426, wall dice: 0.8554, distal recall: 0.8840
epoch: 107, iter: 1980/3251, distal-aware loss: 0.2846, lumen dice: 0.9427, wall dice: 0.8555, distal recall: 0.8840
epoch: 107, iter: 1990/3251, distal-aware loss: 0.2845, lumen dice: 0.9427, wall dice: 0.8556, distal recall: 0.8841
epoch: 107, iter: 2000/3251, distal-aware loss: 0.2844, lumen dice: 0.9428, wall dice: 0.8557, distal recall: 0.8841
epoch: 107, iter: 2010/3251, distal-aware loss: 0.2843, lumen dice: 0.9428, wall dice: 0.8557, distal recall: 0.8840
epoch: 107, iter: 2020/3251, distal-aware loss: 0.2842, lumen dice: 0.9429, wall dice: 0.8557, distal recall: 0.8840
epoch: 107, iter: 2030/3251, distal-aware loss: 0.2841, lumen dice: 0.9430, wall dice: 0.8558, distal recall: 0.8841
epoch: 107, iter: 2040/3251, distal-aware loss: 0.2841, lumen dice: 0.9430, wall dice: 0.8559, distal recall: 0.8841
epoch: 107, iter: 2050/3251, distal-aware loss: 0.2841, lumen dice: 0.9430, wall dice: 0.8559, distal recall: 0.8841
epoch: 107, iter: 2060/3251, distal-aware loss: 0.2841, lumen dice: 0.9430, wall dice: 0.8559, distal recall: 0.8842
epoch: 107, iter: 2070/3251, distal-aware loss: 0.2840, lumen dice: 0.9431, wall dice: 0.8560, distal recall: 0.8842
epoch: 107, iter: 2080/3251, distal-aware loss: 0.2841, lumen dice: 0.9431, wall dice: 0.8560, distal recall: 0.8841
epoch: 107, iter: 2090/3251, distal-aware loss: 0.2843, lumen dice: 0.9430, wall dice: 0.8558, distal recall: 0.8842
epoch: 107, iter: 2100/3251, distal-aware loss: 0.2844, lumen dice: 0.9430, wall dice: 0.8558, distal recall: 0.8841
epoch: 107, iter: 2110/3251, distal-aware loss: 0.2843, lumen dice: 0.9430, wall dice: 0.8558, distal recall: 0.8841
epoch: 107, iter: 2120/3251, distal-aware loss: 0.2845, lumen dice: 0.9429, wall dice: 0.8557, distal recall: 0.8840
epoch: 107, iter: 2130/3251, distal-aware loss: 0.2844, lumen dice: 0.9429, wall dice: 0.8558, distal recall: 0.8840
epoch: 107, iter: 2140/3251, distal-aware loss: 0.2843, lumen dice: 0.9429, wall dice: 0.8558, distal recall: 0.8840
epoch: 107, iter: 2150/3251, distal-aware loss: 0.2843, lumen dice: 0.9429, wall dice: 0.8557, distal recall: 0.8840
epoch: 107, iter: 2160/3251, distal-aware loss: 0.2843, lumen dice: 0.9430, wall dice: 0.8558, distal recall: 0.8840
epoch: 107, iter: 2170/3251, distal-aware loss: 0.2843, lumen dice: 0.9430, wall dice: 0.8558, distal recall: 0.8840
epoch: 107, iter: 2180/3251, distal-aware loss: 0.2843, lumen dice: 0.9429, wall dice: 0.8557, distal recall: 0.8840
epoch: 107, iter: 2190/3251, distal-aware loss: 0.2844, lumen dice: 0.9429, wall dice: 0.8556, distal recall: 0.8839
epoch: 107, iter: 2200/3251, distal-aware loss: 0.2845, lumen dice: 0.9429, wall dice: 0.8557, distal recall: 0.8839
epoch: 107, iter: 2210/3251, distal-aware loss: 0.2851, lumen dice: 0.9426, wall dice: 0.8554, distal recall: 0.8836
epoch: 107, iter: 2220/3251, distal-aware loss: 0.2851, lumen dice: 0.9426, wall dice: 0.8554, distal recall: 0.8835
epoch: 107, iter: 2230/3251, distal-aware loss: 0.2851, lumen dice: 0.9426, wall dice: 0.8554, distal recall: 0.8836
epoch: 107, iter: 2240/3251, distal-aware loss: 0.2851, lumen dice: 0.9425, wall dice: 0.8553, distal recall: 0.8835
epoch: 107, iter: 2250/3251, distal-aware loss: 0.2851, lumen dice: 0.9426, wall dice: 0.8553, distal recall: 0.8835
epoch: 107, iter: 2260/3251, distal-aware loss: 0.2851, lumen dice: 0.9426, wall dice: 0.8554, distal recall: 0.8836
epoch: 107, iter: 2270/3251, distal-aware loss: 0.2850, lumen dice: 0.9426, wall dice: 0.8554, distal recall: 0.8836
epoch: 107, iter: 2280/3251, distal-aware loss: 0.2849, lumen dice: 0.9427, wall dice: 0.8555, distal recall: 0.8836
epoch: 107, iter: 2290/3251, distal-aware loss: 0.2853, lumen dice: 0.9424, wall dice: 0.8552, distal recall: 0.8834
epoch: 107, iter: 2300/3251, distal-aware loss: 0.2853, lumen dice: 0.9423, wall dice: 0.8553, distal recall: 0.8832
epoch: 107, iter: 2310/3251, distal-aware loss: 0.2854, lumen dice: 0.9423, wall dice: 0.8552, distal recall: 0.8832
epoch: 107, iter: 2320/3251, distal-aware loss: 0.2856, lumen dice: 0.9422, wall dice: 0.8552, distal recall: 0.8832
epoch: 107, iter: 2330/3251, distal-aware loss: 0.2856, lumen dice: 0.9422, wall dice: 0.8551, distal recall: 0.8832
epoch: 107, iter: 2340/3251, distal-aware loss: 0.2856, lumen dice: 0.9422, wall dice: 0.8550, distal recall: 0.8831
epoch: 107, iter: 2350/3251, distal-aware loss: 0.2855, lumen dice: 0.9423, wall dice: 0.8550, distal recall: 0.8832
epoch: 107, iter: 2360/3251, distal-aware loss: 0.2855, lumen dice: 0.9423, wall dice: 0.8551, distal recall: 0.8832
epoch: 107, iter: 2370/3251, distal-aware loss: 0.2855, lumen dice: 0.9422, wall dice: 0.8551, distal recall: 0.8832
epoch: 107, iter: 2380/3251, distal-aware loss: 0.2855, lumen dice: 0.9422, wall dice: 0.8551, distal recall: 0.8832
epoch: 107, iter: 2390/3251, distal-aware loss: 0.2856, lumen dice: 0.9422, wall dice: 0.8550, distal recall: 0.8831
epoch: 107, iter: 2400/3251, distal-aware loss: 0.2855, lumen dice: 0.9422, wall dice: 0.8550, distal recall: 0.8831
epoch: 107, iter: 2410/3251, distal-aware loss: 0.2855, lumen dice: 0.9422, wall dice: 0.8550, distal recall: 0.8831
epoch: 107, iter: 2420/3251, distal-aware loss: 0.2856, lumen dice: 0.9422, wall dice: 0.8549, distal recall: 0.8831
epoch: 107, iter: 2430/3251, distal-aware loss: 0.2855, lumen dice: 0.9422, wall dice: 0.8550, distal recall: 0.8832
epoch: 107, iter: 2440/3251, distal-aware loss: 0.2854, lumen dice: 0.9423, wall dice: 0.8551, distal recall: 0.8832
epoch: 107, iter: 2450/3251, distal-aware loss: 0.2853, lumen dice: 0.9423, wall dice: 0.8552, distal recall: 0.8833
epoch: 107, iter: 2460/3251, distal-aware loss: 0.2852, lumen dice: 0.9424, wall dice: 0.8552, distal recall: 0.8834
epoch: 107, iter: 2470/3251, distal-aware loss: 0.2851, lumen dice: 0.9425, wall dice: 0.8553, distal recall: 0.8833
epoch: 107, iter: 2480/3251, distal-aware loss: 0.2850, lumen dice: 0.9425, wall dice: 0.8554, distal recall: 0.8834
epoch: 107, iter: 2490/3251, distal-aware loss: 0.2849, lumen dice: 0.9425, wall dice: 0.8554, distal recall: 0.8834
epoch: 107, iter: 2500/3251, distal-aware loss: 0.2848, lumen dice: 0.9424, wall dice: 0.8555, distal recall: 0.8835
epoch: 107, iter: 2510/3251, distal-aware loss: 0.2848, lumen dice: 0.9425, wall dice: 0.8555, distal recall: 0.8835
epoch: 107, iter: 2520/3251, distal-aware loss: 0.2848, lumen dice: 0.9425, wall dice: 0.8555, distal recall: 0.8835
epoch: 107, iter: 2530/3251, distal-aware loss: 0.2847, lumen dice: 0.9425, wall dice: 0.8556, distal recall: 0.8836
epoch: 107, iter: 2540/3251, distal-aware loss: 0.2847, lumen dice: 0.9425, wall dice: 0.8556, distal recall: 0.8835
epoch: 107, iter: 2550/3251, distal-aware loss: 0.2849, lumen dice: 0.9425, wall dice: 0.8555, distal recall: 0.8835
epoch: 107, iter: 2560/3251, distal-aware loss: 0.2847, lumen dice: 0.9425, wall dice: 0.8556, distal recall: 0.8836
epoch: 107, iter: 2570/3251, distal-aware loss: 0.2846, lumen dice: 0.9426, wall dice: 0.8557, distal recall: 0.8835
epoch: 107, iter: 2580/3251, distal-aware loss: 0.2846, lumen dice: 0.9426, wall dice: 0.8556, distal recall: 0.8836
epoch: 107, iter: 2590/3251, distal-aware loss: 0.2846, lumen dice: 0.9426, wall dice: 0.8556, distal recall: 0.8835
epoch: 107, iter: 2600/3251, distal-aware loss: 0.2846, lumen dice: 0.9426, wall dice: 0.8556, distal recall: 0.8836
epoch: 107, iter: 2610/3251, distal-aware loss: 0.2846, lumen dice: 0.9426, wall dice: 0.8556, distal recall: 0.8836
epoch: 107, iter: 2620/3251, distal-aware loss: 0.2846, lumen dice: 0.9426, wall dice: 0.8556, distal recall: 0.8836
epoch: 107, iter: 2630/3251, distal-aware loss: 0.2847, lumen dice: 0.9425, wall dice: 0.8555, distal recall: 0.8836
epoch: 107, iter: 2640/3251, distal-aware loss: 0.2846, lumen dice: 0.9426, wall dice: 0.8555, distal recall: 0.8836
epoch: 107, iter: 2650/3251, distal-aware loss: 0.2846, lumen dice: 0.9426, wall dice: 0.8556, distal recall: 0.8837
epoch: 107, iter: 2660/3251, distal-aware loss: 0.2846, lumen dice: 0.9426, wall dice: 0.8555, distal recall: 0.8837
epoch: 107, iter: 2670/3251, distal-aware loss: 0.2845, lumen dice: 0.9426, wall dice: 0.8556, distal recall: 0.8837
epoch: 107, iter: 2680/3251, distal-aware loss: 0.2844, lumen dice: 0.9427, wall dice: 0.8557, distal recall: 0.8837
epoch: 107, iter: 2690/3251, distal-aware loss: 0.2844, lumen dice: 0.9427, wall dice: 0.8557, distal recall: 0.8838
epoch: 107, iter: 2700/3251, distal-aware loss: 0.2843, lumen dice: 0.9427, wall dice: 0.8558, distal recall: 0.8838
epoch: 107, iter: 2710/3251, distal-aware loss: 0.2843, lumen dice: 0.9427, wall dice: 0.8558, distal recall: 0.8838
epoch: 107, iter: 2720/3251, distal-aware loss: 0.2845, lumen dice: 0.9425, wall dice: 0.8557, distal recall: 0.8838
epoch: 107, iter: 2730/3251, distal-aware loss: 0.2846, lumen dice: 0.9425, wall dice: 0.8557, distal recall: 0.8837
epoch: 107, iter: 2740/3251, distal-aware loss: 0.2847, lumen dice: 0.9426, wall dice: 0.8557, distal recall: 0.8836
epoch: 107, iter: 2750/3251, distal-aware loss: 0.2850, lumen dice: 0.9424, wall dice: 0.8556, distal recall: 0.8834
epoch: 107, iter: 2760/3251, distal-aware loss: 0.2852, lumen dice: 0.9424, wall dice: 0.8554, distal recall: 0.8833
epoch: 107, iter: 2770/3251, distal-aware loss: 0.2853, lumen dice: 0.9424, wall dice: 0.8554, distal recall: 0.8833
epoch: 107, iter: 2780/3251, distal-aware loss: 0.2853, lumen dice: 0.9424, wall dice: 0.8554, distal recall: 0.8833
epoch: 107, iter: 2790/3251, distal-aware loss: 0.2853, lumen dice: 0.9425, wall dice: 0.8554, distal recall: 0.8833
epoch: 107, iter: 2800/3251, distal-aware loss: 0.2852, lumen dice: 0.9425, wall dice: 0.8554, distal recall: 0.8833
epoch: 107, iter: 2810/3251, distal-aware loss: 0.2853, lumen dice: 0.9425, wall dice: 0.8554, distal recall: 0.8833
epoch: 107, iter: 2820/3251, distal-aware loss: 0.2853, lumen dice: 0.9425, wall dice: 0.8553, distal recall: 0.8832
epoch: 107, iter: 2830/3251, distal-aware loss: 0.2852, lumen dice: 0.9425, wall dice: 0.8554, distal recall: 0.8833
epoch: 107, iter: 2840/3251, distal-aware loss: 0.2851, lumen dice: 0.9425, wall dice: 0.8555, distal recall: 0.8833
epoch: 107, iter: 2850/3251, distal-aware loss: 0.2851, lumen dice: 0.9425, wall dice: 0.8555, distal recall: 0.8834
epoch: 107, iter: 2860/3251, distal-aware loss: 0.2851, lumen dice: 0.9426, wall dice: 0.8555, distal recall: 0.8834
epoch: 107, iter: 2870/3251, distal-aware loss: 0.2850, lumen dice: 0.9425, wall dice: 0.8556, distal recall: 0.8835
epoch: 107, iter: 2880/3251, distal-aware loss: 0.2850, lumen dice: 0.9425, wall dice: 0.8556, distal recall: 0.8835
epoch: 107, iter: 2890/3251, distal-aware loss: 0.2851, lumen dice: 0.9425, wall dice: 0.8555, distal recall: 0.8834
epoch: 107, iter: 2900/3251, distal-aware loss: 0.2851, lumen dice: 0.9426, wall dice: 0.8555, distal recall: 0.8834
epoch: 107, iter: 2910/3251, distal-aware loss: 0.2851, lumen dice: 0.9426, wall dice: 0.8555, distal recall: 0.8834
epoch: 107, iter: 2920/3251, distal-aware loss: 0.2852, lumen dice: 0.9425, wall dice: 0.8556, distal recall: 0.8834
epoch: 107, iter: 2930/3251, distal-aware loss: 0.2851, lumen dice: 0.9425, wall dice: 0.8556, distal recall: 0.8835
epoch: 107, iter: 2940/3251, distal-aware loss: 0.2851, lumen dice: 0.9425, wall dice: 0.8556, distal recall: 0.8834
epoch: 107, iter: 2950/3251, distal-aware loss: 0.2852, lumen dice: 0.9425, wall dice: 0.8556, distal recall: 0.8834
epoch: 107, iter: 2960/3251, distal-aware loss: 0.2851, lumen dice: 0.9426, wall dice: 0.8556, distal recall: 0.8834
epoch: 107, iter: 2970/3251, distal-aware loss: 0.2852, lumen dice: 0.9426, wall dice: 0.8556, distal recall: 0.8833
epoch: 107, iter: 2980/3251, distal-aware loss: 0.2852, lumen dice: 0.9426, wall dice: 0.8556, distal recall: 0.8834
epoch: 107, iter: 2990/3251, distal-aware loss: 0.2852, lumen dice: 0.9426, wall dice: 0.8556, distal recall: 0.8834
epoch: 107, iter: 3000/3251, distal-aware loss: 0.2851, lumen dice: 0.9426, wall dice: 0.8555, distal recall: 0.8834
epoch: 107, iter: 3010/3251, distal-aware loss: 0.2851, lumen dice: 0.9426, wall dice: 0.8556, distal recall: 0.8835
epoch: 107, iter: 3020/3251, distal-aware loss: 0.2851, lumen dice: 0.9426, wall dice: 0.8555, distal recall: 0.8835
epoch: 107, iter: 3030/3251, distal-aware loss: 0.2850, lumen dice: 0.9426, wall dice: 0.8556, distal recall: 0.8835
epoch: 107, iter: 3040/3251, distal-aware loss: 0.2850, lumen dice: 0.9426, wall dice: 0.8556, distal recall: 0.8835
epoch: 107, iter: 3050/3251, distal-aware loss: 0.2849, lumen dice: 0.9427, wall dice: 0.8556, distal recall: 0.8836
epoch: 107, iter: 3060/3251, distal-aware loss: 0.2849, lumen dice: 0.9427, wall dice: 0.8556, distal recall: 0.8836
epoch: 107, iter: 3070/3251, distal-aware loss: 0.2849, lumen dice: 0.9426, wall dice: 0.8556, distal recall: 0.8836
epoch: 107, iter: 3080/3251, distal-aware loss: 0.2848, lumen dice: 0.9427, wall dice: 0.8557, distal recall: 0.8836
epoch: 107, iter: 3090/3251, distal-aware loss: 0.2849, lumen dice: 0.9427, wall dice: 0.8557, distal recall: 0.8836
epoch: 107, iter: 3100/3251, distal-aware loss: 0.2849, lumen dice: 0.9427, wall dice: 0.8558, distal recall: 0.8836
epoch: 107, iter: 3110/3251, distal-aware loss: 0.2848, lumen dice: 0.9427, wall dice: 0.8558, distal recall: 0.8837
epoch: 107, iter: 3120/3251, distal-aware loss: 0.2848, lumen dice: 0.9427, wall dice: 0.8558, distal recall: 0.8836
epoch: 107, iter: 3130/3251, distal-aware loss: 0.2848, lumen dice: 0.9427, wall dice: 0.8558, distal recall: 0.8837
epoch: 107, iter: 3140/3251, distal-aware loss: 0.2848, lumen dice: 0.9428, wall dice: 0.8558, distal recall: 0.8836
epoch: 107, iter: 3150/3251, distal-aware loss: 0.2847, lumen dice: 0.9428, wall dice: 0.8558, distal recall: 0.8836
epoch: 107, iter: 3160/3251, distal-aware loss: 0.2846, lumen dice: 0.9428, wall dice: 0.8559, distal recall: 0.8837
epoch: 107, iter: 3170/3251, distal-aware loss: 0.2846, lumen dice: 0.9428, wall dice: 0.8559, distal recall: 0.8838
epoch: 107, iter: 3180/3251, distal-aware loss: 0.2846, lumen dice: 0.9429, wall dice: 0.8560, distal recall: 0.8837
epoch: 107, iter: 3190/3251, distal-aware loss: 0.2844, lumen dice: 0.9429, wall dice: 0.8560, distal recall: 0.8837
epoch: 107, iter: 3200/3251, distal-aware loss: 0.2844, lumen dice: 0.9429, wall dice: 0.8561, distal recall: 0.8837
epoch: 107, iter: 3210/3251, distal-aware loss: 0.2844, lumen dice: 0.9429, wall dice: 0.8560, distal recall: 0.8838
epoch: 107, iter: 3220/3251, distal-aware loss: 0.2844, lumen dice: 0.9429, wall dice: 0.8561, distal recall: 0.8838
epoch: 107, iter: 3230/3251, distal-aware loss: 0.2843, lumen dice: 0.9429, wall dice: 0.8561, distal recall: 0.8839
epoch: 107, iter: 3240/3251, distal-aware loss: 0.2843, lumen dice: 0.9430, wall dice: 0.8562, distal recall: 0.8839
epoch: 107, iter: 3250/3251, distal-aware loss: 0.2842, lumen dice: 0.9430, wall dice: 0.8562, distal recall: 0.8839
epoch: 107, val distal-aware loss: 0.2915, val lumen dice: 0.9523, val wall dice: 0.8818, val distal recall: 0.9027
starting epoch: 108
epoch: 108, iter: 0/3251, distal-aware loss: 0.2471, lumen dice: 0.9645, wall dice: 0.8818, distal recall: 0.8992
epoch: 108, iter: 10/3251, distal-aware loss: 0.2601, lumen dice: 0.9540, wall dice: 0.8686, distal recall: 0.9024
epoch: 108, iter: 20/3251, distal-aware loss: 0.2817, lumen dice: 0.9486, wall dice: 0.8579, distal recall: 0.8874
epoch: 108, iter: 30/3251, distal-aware loss: 0.2741, lumen dice: 0.9500, wall dice: 0.8611, distal recall: 0.8893
epoch: 108, iter: 40/3251, distal-aware loss: 0.2689, lumen dice: 0.9472, wall dice: 0.8645, distal recall: 0.8930
epoch: 108, iter: 50/3251, distal-aware loss: 0.2683, lumen dice: 0.9489, wall dice: 0.8623, distal recall: 0.8914
epoch: 108, iter: 60/3251, distal-aware loss: 0.2688, lumen dice: 0.9505, wall dice: 0.8639, distal recall: 0.8893
epoch: 108, iter: 70/3251, distal-aware loss: 0.2734, lumen dice: 0.9461, wall dice: 0.8608, distal recall: 0.8920
epoch: 108, iter: 80/3251, distal-aware loss: 0.2787, lumen dice: 0.9433, wall dice: 0.8545, distal recall: 0.8878
epoch: 108, iter: 90/3251, distal-aware loss: 0.2823, lumen dice: 0.9398, wall dice: 0.8514, distal recall: 0.8898
epoch: 108, iter: 100/3251, distal-aware loss: 0.2799, lumen dice: 0.9407, wall dice: 0.8529, distal recall: 0.8905
epoch: 108, iter: 110/3251, distal-aware loss: 0.2811, lumen dice: 0.9403, wall dice: 0.8533, distal recall: 0.8903
epoch: 108, iter: 120/3251, distal-aware loss: 0.2822, lumen dice: 0.9388, wall dice: 0.8537, distal recall: 0.8908
epoch: 108, iter: 130/3251, distal-aware loss: 0.2816, lumen dice: 0.9387, wall dice: 0.8542, distal recall: 0.8912
epoch: 108, iter: 140/3251, distal-aware loss: 0.2791, lumen dice: 0.9401, wall dice: 0.8557, distal recall: 0.8912
epoch: 108, iter: 150/3251, distal-aware loss: 0.2804, lumen dice: 0.9406, wall dice: 0.8558, distal recall: 0.8913
epoch: 108, iter: 160/3251, distal-aware loss: 0.2812, lumen dice: 0.9405, wall dice: 0.8558, distal recall: 0.8901
epoch: 108, iter: 170/3251, distal-aware loss: 0.2816, lumen dice: 0.9409, wall dice: 0.8560, distal recall: 0.8895
epoch: 108, iter: 180/3251, distal-aware loss: 0.2787, lumen dice: 0.9424, wall dice: 0.8572, distal recall: 0.8895
epoch: 108, iter: 190/3251, distal-aware loss: 0.2773, lumen dice: 0.9427, wall dice: 0.8580, distal recall: 0.8903
epoch: 108, iter: 200/3251, distal-aware loss: 0.2760, lumen dice: 0.9436, wall dice: 0.8588, distal recall: 0.8901
epoch: 108, iter: 210/3251, distal-aware loss: 0.2766, lumen dice: 0.9438, wall dice: 0.8590, distal recall: 0.8904
epoch: 108, iter: 220/3251, distal-aware loss: 0.2756, lumen dice: 0.9445, wall dice: 0.8597, distal recall: 0.8901
epoch: 108, iter: 230/3251, distal-aware loss: 0.2750, lumen dice: 0.9452, wall dice: 0.8598, distal recall: 0.8893
epoch: 108, iter: 240/3251, distal-aware loss: 0.2754, lumen dice: 0.9445, wall dice: 0.8596, distal recall: 0.8887
epoch: 108, iter: 250/3251, distal-aware loss: 0.2751, lumen dice: 0.9444, wall dice: 0.8600, distal recall: 0.8892
epoch: 108, iter: 260/3251, distal-aware loss: 0.2767, lumen dice: 0.9442, wall dice: 0.8598, distal recall: 0.8891
epoch: 108, iter: 270/3251, distal-aware loss: 0.2776, lumen dice: 0.9443, wall dice: 0.8594, distal recall: 0.8886
epoch: 108, iter: 280/3251, distal-aware loss: 0.2774, lumen dice: 0.9444, wall dice: 0.8595, distal recall: 0.8885
epoch: 108, iter: 290/3251, distal-aware loss: 0.2777, lumen dice: 0.9446, wall dice: 0.8595, distal recall: 0.8891
epoch: 108, iter: 300/3251, distal-aware loss: 0.2778, lumen dice: 0.9446, wall dice: 0.8595, distal recall: 0.8891
epoch: 108, iter: 310/3251, distal-aware loss: 0.2775, lumen dice: 0.9448, wall dice: 0.8597, distal recall: 0.8893
epoch: 108, iter: 320/3251, distal-aware loss: 0.2771, lumen dice: 0.9451, wall dice: 0.8600, distal recall: 0.8896
epoch: 108, iter: 330/3251, distal-aware loss: 0.2775, lumen dice: 0.9450, wall dice: 0.8599, distal recall: 0.8896
epoch: 108, iter: 340/3251, distal-aware loss: 0.2774, lumen dice: 0.9454, wall dice: 0.8602, distal recall: 0.8894
epoch: 108, iter: 350/3251, distal-aware loss: 0.2772, lumen dice: 0.9453, wall dice: 0.8603, distal recall: 0.8896
epoch: 108, iter: 360/3251, distal-aware loss: 0.2772, lumen dice: 0.9453, wall dice: 0.8601, distal recall: 0.8888
epoch: 108, iter: 370/3251, distal-aware loss: 0.2766, lumen dice: 0.9456, wall dice: 0.8607, distal recall: 0.8889
epoch: 108, iter: 380/3251, distal-aware loss: 0.2763, lumen dice: 0.9456, wall dice: 0.8611, distal recall: 0.8894
epoch: 108, iter: 390/3251, distal-aware loss: 0.2763, lumen dice: 0.9455, wall dice: 0.8614, distal recall: 0.8895
epoch: 108, iter: 400/3251, distal-aware loss: 0.2763, lumen dice: 0.9456, wall dice: 0.8611, distal recall: 0.8896
epoch: 108, iter: 410/3251, distal-aware loss: 0.2764, lumen dice: 0.9458, wall dice: 0.8611, distal recall: 0.8891
epoch: 108, iter: 420/3251, distal-aware loss: 0.2765, lumen dice: 0.9462, wall dice: 0.8610, distal recall: 0.8886
epoch: 108, iter: 430/3251, distal-aware loss: 0.2766, lumen dice: 0.9462, wall dice: 0.8610, distal recall: 0.8890
epoch: 108, iter: 440/3251, distal-aware loss: 0.2769, lumen dice: 0.9458, wall dice: 0.8608, distal recall: 0.8886
epoch: 108, iter: 450/3251, distal-aware loss: 0.2772, lumen dice: 0.9457, wall dice: 0.8607, distal recall: 0.8886
epoch: 108, iter: 460/3251, distal-aware loss: 0.2779, lumen dice: 0.9457, wall dice: 0.8603, distal recall: 0.8880
epoch: 108, iter: 470/3251, distal-aware loss: 0.2779, lumen dice: 0.9456, wall dice: 0.8602, distal recall: 0.8873
epoch: 108, iter: 480/3251, distal-aware loss: 0.2780, lumen dice: 0.9459, wall dice: 0.8603, distal recall: 0.8872
epoch: 108, iter: 490/3251, distal-aware loss: 0.2784, lumen dice: 0.9456, wall dice: 0.8599, distal recall: 0.8869
epoch: 108, iter: 500/3251, distal-aware loss: 0.2780, lumen dice: 0.9457, wall dice: 0.8602, distal recall: 0.8869
epoch: 108, iter: 510/3251, distal-aware loss: 0.2774, lumen dice: 0.9458, wall dice: 0.8606, distal recall: 0.8871
epoch: 108, iter: 520/3251, distal-aware loss: 0.2771, lumen dice: 0.9461, wall dice: 0.8606, distal recall: 0.8871
epoch: 108, iter: 530/3251, distal-aware loss: 0.2771, lumen dice: 0.9462, wall dice: 0.8608, distal recall: 0.8870
epoch: 108, iter: 540/3251, distal-aware loss: 0.2767, lumen dice: 0.9464, wall dice: 0.8612, distal recall: 0.8872
epoch: 108, iter: 550/3251, distal-aware loss: 0.2768, lumen dice: 0.9464, wall dice: 0.8612, distal recall: 0.8873
epoch: 108, iter: 560/3251, distal-aware loss: 0.2771, lumen dice: 0.9463, wall dice: 0.8608, distal recall: 0.8873
epoch: 108, iter: 570/3251, distal-aware loss: 0.2775, lumen dice: 0.9464, wall dice: 0.8606, distal recall: 0.8869
epoch: 108, iter: 580/3251, distal-aware loss: 0.2774, lumen dice: 0.9464, wall dice: 0.8608, distal recall: 0.8868
epoch: 108, iter: 590/3251, distal-aware loss: 0.2777, lumen dice: 0.9464, wall dice: 0.8606, distal recall: 0.8867
epoch: 108, iter: 600/3251, distal-aware loss: 0.2782, lumen dice: 0.9454, wall dice: 0.8603, distal recall: 0.8868
epoch: 108, iter: 610/3251, distal-aware loss: 0.2787, lumen dice: 0.9454, wall dice: 0.8601, distal recall: 0.8865
epoch: 108, iter: 620/3251, distal-aware loss: 0.2800, lumen dice: 0.9441, wall dice: 0.8586, distal recall: 0.8866
epoch: 108, iter: 630/3251, distal-aware loss: 0.2801, lumen dice: 0.9441, wall dice: 0.8586, distal recall: 0.8864
epoch: 108, iter: 640/3251, distal-aware loss: 0.2798, lumen dice: 0.9443, wall dice: 0.8588, distal recall: 0.8862
epoch: 108, iter: 650/3251, distal-aware loss: 0.2802, lumen dice: 0.9443, wall dice: 0.8587, distal recall: 0.8862
epoch: 108, iter: 660/3251, distal-aware loss: 0.2804, lumen dice: 0.9441, wall dice: 0.8585, distal recall: 0.8862
epoch: 108, iter: 670/3251, distal-aware loss: 0.2800, lumen dice: 0.9443, wall dice: 0.8587, distal recall: 0.8864
epoch: 108, iter: 680/3251, distal-aware loss: 0.2797, lumen dice: 0.9444, wall dice: 0.8588, distal recall: 0.8865
epoch: 108, iter: 690/3251, distal-aware loss: 0.2800, lumen dice: 0.9444, wall dice: 0.8588, distal recall: 0.8862
epoch: 108, iter: 700/3251, distal-aware loss: 0.2796, lumen dice: 0.9444, wall dice: 0.8590, distal recall: 0.8867
epoch: 108, iter: 710/3251, distal-aware loss: 0.2796, lumen dice: 0.9444, wall dice: 0.8589, distal recall: 0.8864
epoch: 108, iter: 720/3251, distal-aware loss: 0.2797, lumen dice: 0.9445, wall dice: 0.8589, distal recall: 0.8861
epoch: 108, iter: 730/3251, distal-aware loss: 0.2795, lumen dice: 0.9446, wall dice: 0.8590, distal recall: 0.8861
epoch: 108, iter: 740/3251, distal-aware loss: 0.2793, lumen dice: 0.9446, wall dice: 0.8592, distal recall: 0.8865
epoch: 108, iter: 750/3251, distal-aware loss: 0.2795, lumen dice: 0.9444, wall dice: 0.8592, distal recall: 0.8863
epoch: 108, iter: 760/3251, distal-aware loss: 0.2793, lumen dice: 0.9445, wall dice: 0.8594, distal recall: 0.8865
epoch: 108, iter: 770/3251, distal-aware loss: 0.2794, lumen dice: 0.9445, wall dice: 0.8595, distal recall: 0.8866
epoch: 108, iter: 780/3251, distal-aware loss: 0.2791, lumen dice: 0.9446, wall dice: 0.8597, distal recall: 0.8868
epoch: 108, iter: 790/3251, distal-aware loss: 0.2791, lumen dice: 0.9444, wall dice: 0.8598, distal recall: 0.8869
epoch: 108, iter: 800/3251, distal-aware loss: 0.2791, lumen dice: 0.9446, wall dice: 0.8599, distal recall: 0.8869
epoch: 108, iter: 810/3251, distal-aware loss: 0.2790, lumen dice: 0.9447, wall dice: 0.8600, distal recall: 0.8868
epoch: 108, iter: 820/3251, distal-aware loss: 0.2790, lumen dice: 0.9448, wall dice: 0.8599, distal recall: 0.8869
epoch: 108, iter: 830/3251, distal-aware loss: 0.2813, lumen dice: 0.9443, wall dice: 0.8586, distal recall: 0.8850
epoch: 108, iter: 840/3251, distal-aware loss: 0.2854, lumen dice: 0.9428, wall dice: 0.8568, distal recall: 0.8802
epoch: 108, iter: 850/3251, distal-aware loss: 0.2870, lumen dice: 0.9423, wall dice: 0.8555, distal recall: 0.8788
epoch: 108, iter: 860/3251, distal-aware loss: 0.2881, lumen dice: 0.9417, wall dice: 0.8548, distal recall: 0.8780
epoch: 108, iter: 870/3251, distal-aware loss: 0.2894, lumen dice: 0.9412, wall dice: 0.8541, distal recall: 0.8767
epoch: 108, iter: 880/3251, distal-aware loss: 0.2903, lumen dice: 0.9409, wall dice: 0.8533, distal recall: 0.8759
epoch: 108, iter: 890/3251, distal-aware loss: 0.2909, lumen dice: 0.9406, wall dice: 0.8528, distal recall: 0.8755
epoch: 108, iter: 900/3251, distal-aware loss: 0.2912, lumen dice: 0.9405, wall dice: 0.8525, distal recall: 0.8752
epoch: 108, iter: 910/3251, distal-aware loss: 0.2921, lumen dice: 0.9402, wall dice: 0.8520, distal recall: 0.8742
epoch: 108, iter: 920/3251, distal-aware loss: 0.2923, lumen dice: 0.9402, wall dice: 0.8518, distal recall: 0.8738
epoch: 108, iter: 930/3251, distal-aware loss: 0.2924, lumen dice: 0.9399, wall dice: 0.8516, distal recall: 0.8738
epoch: 108, iter: 940/3251, distal-aware loss: 0.2925, lumen dice: 0.9400, wall dice: 0.8515, distal recall: 0.8732
epoch: 108, iter: 950/3251, distal-aware loss: 0.2930, lumen dice: 0.9399, wall dice: 0.8513, distal recall: 0.8726
epoch: 108, iter: 960/3251, distal-aware loss: 0.2931, lumen dice: 0.9398, wall dice: 0.8513, distal recall: 0.8725
epoch: 108, iter: 970/3251, distal-aware loss: 0.2930, lumen dice: 0.9399, wall dice: 0.8513, distal recall: 0.8724
epoch: 108, iter: 980/3251, distal-aware loss: 0.2933, lumen dice: 0.9398, wall dice: 0.8511, distal recall: 0.8723
epoch: 108, iter: 990/3251, distal-aware loss: 0.2936, lumen dice: 0.9397, wall dice: 0.8509, distal recall: 0.8723
epoch: 108, iter: 1000/3251, distal-aware loss: 0.2938, lumen dice: 0.9397, wall dice: 0.8507, distal recall: 0.8721
epoch: 108, iter: 1010/3251, distal-aware loss: 0.2937, lumen dice: 0.9398, wall dice: 0.8507, distal recall: 0.8723
epoch: 108, iter: 1020/3251, distal-aware loss: 0.2936, lumen dice: 0.9398, wall dice: 0.8507, distal recall: 0.8721
epoch: 108, iter: 1030/3251, distal-aware loss: 0.2938, lumen dice: 0.9398, wall dice: 0.8505, distal recall: 0.8719
epoch: 108, iter: 1040/3251, distal-aware loss: 0.2940, lumen dice: 0.9398, wall dice: 0.8505, distal recall: 0.8718
epoch: 108, iter: 1050/3251, distal-aware loss: 0.2943, lumen dice: 0.9398, wall dice: 0.8504, distal recall: 0.8717
epoch: 108, iter: 1060/3251, distal-aware loss: 0.2942, lumen dice: 0.9398, wall dice: 0.8503, distal recall: 0.8717
epoch: 108, iter: 1070/3251, distal-aware loss: 0.2945, lumen dice: 0.9397, wall dice: 0.8502, distal recall: 0.8717
epoch: 108, iter: 1080/3251, distal-aware loss: 0.2946, lumen dice: 0.9397, wall dice: 0.8499, distal recall: 0.8716
epoch: 108, iter: 1090/3251, distal-aware loss: 0.2945, lumen dice: 0.9397, wall dice: 0.8499, distal recall: 0.8717
epoch: 108, iter: 1100/3251, distal-aware loss: 0.2943, lumen dice: 0.9399, wall dice: 0.8501, distal recall: 0.8717
epoch: 108, iter: 1110/3251, distal-aware loss: 0.2943, lumen dice: 0.9399, wall dice: 0.8501, distal recall: 0.8718
epoch: 108, iter: 1120/3251, distal-aware loss: 0.2942, lumen dice: 0.9400, wall dice: 0.8502, distal recall: 0.8719
epoch: 108, iter: 1130/3251, distal-aware loss: 0.2945, lumen dice: 0.9400, wall dice: 0.8500, distal recall: 0.8718
epoch: 108, iter: 1140/3251, distal-aware loss: 0.2947, lumen dice: 0.9398, wall dice: 0.8498, distal recall: 0.8717
epoch: 108, iter: 1150/3251, distal-aware loss: 0.2947, lumen dice: 0.9398, wall dice: 0.8498, distal recall: 0.8716
epoch: 108, iter: 1160/3251, distal-aware loss: 0.2944, lumen dice: 0.9399, wall dice: 0.8500, distal recall: 0.8719
epoch: 108, iter: 1170/3251, distal-aware loss: 0.2945, lumen dice: 0.9400, wall dice: 0.8499, distal recall: 0.8717
epoch: 108, iter: 1180/3251, distal-aware loss: 0.2945, lumen dice: 0.9400, wall dice: 0.8499, distal recall: 0.8719
epoch: 108, iter: 1190/3251, distal-aware loss: 0.2943, lumen dice: 0.9400, wall dice: 0.8500, distal recall: 0.8717
epoch: 108, iter: 1200/3251, distal-aware loss: 0.2940, lumen dice: 0.9402, wall dice: 0.8501, distal recall: 0.8719
epoch: 108, iter: 1210/3251, distal-aware loss: 0.2943, lumen dice: 0.9401, wall dice: 0.8500, distal recall: 0.8717
epoch: 108, iter: 1220/3251, distal-aware loss: 0.2944, lumen dice: 0.9400, wall dice: 0.8500, distal recall: 0.8721
epoch: 108, iter: 1230/3251, distal-aware loss: 0.2943, lumen dice: 0.9401, wall dice: 0.8500, distal recall: 0.8721
epoch: 108, iter: 1240/3251, distal-aware loss: 0.2942, lumen dice: 0.9401, wall dice: 0.8500, distal recall: 0.8722
epoch: 108, iter: 1250/3251, distal-aware loss: 0.2941, lumen dice: 0.9402, wall dice: 0.8500, distal recall: 0.8721
epoch: 108, iter: 1260/3251, distal-aware loss: 0.2941, lumen dice: 0.9402, wall dice: 0.8501, distal recall: 0.8721
epoch: 108, iter: 1270/3251, distal-aware loss: 0.2939, lumen dice: 0.9403, wall dice: 0.8502, distal recall: 0.8724
epoch: 108, iter: 1280/3251, distal-aware loss: 0.2938, lumen dice: 0.9404, wall dice: 0.8503, distal recall: 0.8724
epoch: 108, iter: 1290/3251, distal-aware loss: 0.2939, lumen dice: 0.9403, wall dice: 0.8502, distal recall: 0.8725
epoch: 108, iter: 1300/3251, distal-aware loss: 0.2937, lumen dice: 0.9404, wall dice: 0.8503, distal recall: 0.8726
epoch: 108, iter: 1310/3251, distal-aware loss: 0.2936, lumen dice: 0.9405, wall dice: 0.8503, distal recall: 0.8726
epoch: 108, iter: 1320/3251, distal-aware loss: 0.2936, lumen dice: 0.9405, wall dice: 0.8504, distal recall: 0.8727
epoch: 108, iter: 1330/3251, distal-aware loss: 0.2936, lumen dice: 0.9405, wall dice: 0.8503, distal recall: 0.8727
epoch: 108, iter: 1340/3251, distal-aware loss: 0.2934, lumen dice: 0.9407, wall dice: 0.8505, distal recall: 0.8730
epoch: 108, iter: 1350/3251, distal-aware loss: 0.2932, lumen dice: 0.9408, wall dice: 0.8506, distal recall: 0.8730
epoch: 108, iter: 1360/3251, distal-aware loss: 0.2933, lumen dice: 0.9407, wall dice: 0.8505, distal recall: 0.8730
epoch: 108, iter: 1370/3251, distal-aware loss: 0.2932, lumen dice: 0.9408, wall dice: 0.8505, distal recall: 0.8730
epoch: 108, iter: 1380/3251, distal-aware loss: 0.2933, lumen dice: 0.9408, wall dice: 0.8504, distal recall: 0.8729
epoch: 108, iter: 1390/3251, distal-aware loss: 0.2932, lumen dice: 0.9407, wall dice: 0.8504, distal recall: 0.8732
epoch: 108, iter: 1400/3251, distal-aware loss: 0.2929, lumen dice: 0.9408, wall dice: 0.8506, distal recall: 0.8734
epoch: 108, iter: 1410/3251, distal-aware loss: 0.2930, lumen dice: 0.9408, wall dice: 0.8506, distal recall: 0.8732
epoch: 108, iter: 1420/3251, distal-aware loss: 0.2928, lumen dice: 0.9409, wall dice: 0.8507, distal recall: 0.8734
epoch: 108, iter: 1430/3251, distal-aware loss: 0.2929, lumen dice: 0.9409, wall dice: 0.8506, distal recall: 0.8734
epoch: 108, iter: 1440/3251, distal-aware loss: 0.2926, lumen dice: 0.9411, wall dice: 0.8508, distal recall: 0.8736
epoch: 108, iter: 1450/3251, distal-aware loss: 0.2925, lumen dice: 0.9412, wall dice: 0.8508, distal recall: 0.8735
epoch: 108, iter: 1460/3251, distal-aware loss: 0.2923, lumen dice: 0.9413, wall dice: 0.8510, distal recall: 0.8737
epoch: 108, iter: 1470/3251, distal-aware loss: 0.2923, lumen dice: 0.9412, wall dice: 0.8510, distal recall: 0.8738
epoch: 108, iter: 1480/3251, distal-aware loss: 0.2919, lumen dice: 0.9413, wall dice: 0.8512, distal recall: 0.8739
epoch: 108, iter: 1490/3251, distal-aware loss: 0.2919, lumen dice: 0.9414, wall dice: 0.8512, distal recall: 0.8741
epoch: 108, iter: 1500/3251, distal-aware loss: 0.2919, lumen dice: 0.9413, wall dice: 0.8512, distal recall: 0.8741
epoch: 108, iter: 1510/3251, distal-aware loss: 0.2920, lumen dice: 0.9413, wall dice: 0.8512, distal recall: 0.8739
epoch: 108, iter: 1520/3251, distal-aware loss: 0.2921, lumen dice: 0.9414, wall dice: 0.8511, distal recall: 0.8738
epoch: 108, iter: 1530/3251, distal-aware loss: 0.2922, lumen dice: 0.9414, wall dice: 0.8510, distal recall: 0.8739
epoch: 108, iter: 1540/3251, distal-aware loss: 0.2919, lumen dice: 0.9415, wall dice: 0.8511, distal recall: 0.8741
epoch: 108, iter: 1550/3251, distal-aware loss: 0.2918, lumen dice: 0.9416, wall dice: 0.8512, distal recall: 0.8742
epoch: 108, iter: 1560/3251, distal-aware loss: 0.2918, lumen dice: 0.9416, wall dice: 0.8512, distal recall: 0.8742
epoch: 108, iter: 1570/3251, distal-aware loss: 0.2916, lumen dice: 0.9417, wall dice: 0.8513, distal recall: 0.8743
epoch: 108, iter: 1580/3251, distal-aware loss: 0.2917, lumen dice: 0.9416, wall dice: 0.8513, distal recall: 0.8743
epoch: 108, iter: 1590/3251, distal-aware loss: 0.2917, lumen dice: 0.9416, wall dice: 0.8513, distal recall: 0.8743
epoch: 108, iter: 1600/3251, distal-aware loss: 0.2918, lumen dice: 0.9417, wall dice: 0.8513, distal recall: 0.8742
epoch: 108, iter: 1610/3251, distal-aware loss: 0.2918, lumen dice: 0.9416, wall dice: 0.8512, distal recall: 0.8743
epoch: 108, iter: 1620/3251, distal-aware loss: 0.2918, lumen dice: 0.9416, wall dice: 0.8512, distal recall: 0.8743
epoch: 108, iter: 1630/3251, distal-aware loss: 0.2918, lumen dice: 0.9416, wall dice: 0.8513, distal recall: 0.8744
epoch: 108, iter: 1640/3251, distal-aware loss: 0.2918, lumen dice: 0.9416, wall dice: 0.8513, distal recall: 0.8744
epoch: 108, iter: 1650/3251, distal-aware loss: 0.2917, lumen dice: 0.9416, wall dice: 0.8513, distal recall: 0.8745
epoch: 108, iter: 1660/3251, distal-aware loss: 0.2919, lumen dice: 0.9416, wall dice: 0.8510, distal recall: 0.8744
epoch: 108, iter: 1670/3251, distal-aware loss: 0.2919, lumen dice: 0.9415, wall dice: 0.8510, distal recall: 0.8745
epoch: 108, iter: 1680/3251, distal-aware loss: 0.2918, lumen dice: 0.9415, wall dice: 0.8510, distal recall: 0.8747
epoch: 108, iter: 1690/3251, distal-aware loss: 0.2919, lumen dice: 0.9415, wall dice: 0.8509, distal recall: 0.8746
epoch: 108, iter: 1700/3251, distal-aware loss: 0.2918, lumen dice: 0.9416, wall dice: 0.8509, distal recall: 0.8746
epoch: 108, iter: 1710/3251, distal-aware loss: 0.2921, lumen dice: 0.9415, wall dice: 0.8506, distal recall: 0.8746
epoch: 108, iter: 1720/3251, distal-aware loss: 0.2921, lumen dice: 0.9414, wall dice: 0.8506, distal recall: 0.8746
epoch: 108, iter: 1730/3251, distal-aware loss: 0.2919, lumen dice: 0.9414, wall dice: 0.8507, distal recall: 0.8748
epoch: 108, iter: 1740/3251, distal-aware loss: 0.2918, lumen dice: 0.9414, wall dice: 0.8509, distal recall: 0.8748
epoch: 108, iter: 1750/3251, distal-aware loss: 0.2917, lumen dice: 0.9415, wall dice: 0.8509, distal recall: 0.8749
epoch: 108, iter: 1760/3251, distal-aware loss: 0.2917, lumen dice: 0.9415, wall dice: 0.8509, distal recall: 0.8750
epoch: 108, iter: 1770/3251, distal-aware loss: 0.2919, lumen dice: 0.9414, wall dice: 0.8508, distal recall: 0.8749
epoch: 108, iter: 1780/3251, distal-aware loss: 0.2918, lumen dice: 0.9415, wall dice: 0.8508, distal recall: 0.8750
epoch: 108, iter: 1790/3251, distal-aware loss: 0.2916, lumen dice: 0.9415, wall dice: 0.8509, distal recall: 0.8750
epoch: 108, iter: 1800/3251, distal-aware loss: 0.2916, lumen dice: 0.9416, wall dice: 0.8507, distal recall: 0.8751
epoch: 108, iter: 1810/3251, distal-aware loss: 0.2916, lumen dice: 0.9416, wall dice: 0.8507, distal recall: 0.8751
epoch: 108, iter: 1820/3251, distal-aware loss: 0.2915, lumen dice: 0.9416, wall dice: 0.8508, distal recall: 0.8751
epoch: 108, iter: 1830/3251, distal-aware loss: 0.2913, lumen dice: 0.9416, wall dice: 0.8509, distal recall: 0.8753
epoch: 108, iter: 1840/3251, distal-aware loss: 0.2913, lumen dice: 0.9415, wall dice: 0.8509, distal recall: 0.8754
epoch: 108, iter: 1850/3251, distal-aware loss: 0.2913, lumen dice: 0.9416, wall dice: 0.8510, distal recall: 0.8754
epoch: 108, iter: 1860/3251, distal-aware loss: 0.2912, lumen dice: 0.9416, wall dice: 0.8510, distal recall: 0.8754
epoch: 108, iter: 1870/3251, distal-aware loss: 0.2913, lumen dice: 0.9416, wall dice: 0.8509, distal recall: 0.8752
epoch: 108, iter: 1880/3251, distal-aware loss: 0.2914, lumen dice: 0.9416, wall dice: 0.8509, distal recall: 0.8750
epoch: 108, iter: 1890/3251, distal-aware loss: 0.2914, lumen dice: 0.9416, wall dice: 0.8510, distal recall: 0.8753
epoch: 108, iter: 1900/3251, distal-aware loss: 0.2911, lumen dice: 0.9417, wall dice: 0.8511, distal recall: 0.8754
epoch: 108, iter: 1910/3251, distal-aware loss: 0.2909, lumen dice: 0.9417, wall dice: 0.8512, distal recall: 0.8754
epoch: 108, iter: 1920/3251, distal-aware loss: 0.2908, lumen dice: 0.9418, wall dice: 0.8513, distal recall: 0.8755
epoch: 108, iter: 1930/3251, distal-aware loss: 0.2907, lumen dice: 0.9418, wall dice: 0.8514, distal recall: 0.8756
epoch: 108, iter: 1940/3251, distal-aware loss: 0.2905, lumen dice: 0.9419, wall dice: 0.8514, distal recall: 0.8757
epoch: 108, iter: 1950/3251, distal-aware loss: 0.2903, lumen dice: 0.9420, wall dice: 0.8515, distal recall: 0.8758
epoch: 108, iter: 1960/3251, distal-aware loss: 0.2902, lumen dice: 0.9421, wall dice: 0.8516, distal recall: 0.8759
epoch: 108, iter: 1970/3251, distal-aware loss: 0.2902, lumen dice: 0.9421, wall dice: 0.8516, distal recall: 0.8759
epoch: 108, iter: 1980/3251, distal-aware loss: 0.2901, lumen dice: 0.9421, wall dice: 0.8517, distal recall: 0.8760
epoch: 108, iter: 1990/3251, distal-aware loss: 0.2901, lumen dice: 0.9421, wall dice: 0.8516, distal recall: 0.8761
epoch: 108, iter: 2000/3251, distal-aware loss: 0.2900, lumen dice: 0.9421, wall dice: 0.8517, distal recall: 0.8760
epoch: 108, iter: 2010/3251, distal-aware loss: 0.2900, lumen dice: 0.9421, wall dice: 0.8517, distal recall: 0.8760
epoch: 108, iter: 2020/3251, distal-aware loss: 0.2900, lumen dice: 0.9421, wall dice: 0.8517, distal recall: 0.8761
epoch: 108, iter: 2030/3251, distal-aware loss: 0.2901, lumen dice: 0.9421, wall dice: 0.8517, distal recall: 0.8761
epoch: 108, iter: 2040/3251, distal-aware loss: 0.2900, lumen dice: 0.9421, wall dice: 0.8518, distal recall: 0.8762
epoch: 108, iter: 2050/3251, distal-aware loss: 0.2901, lumen dice: 0.9420, wall dice: 0.8517, distal recall: 0.8761
epoch: 108, iter: 2060/3251, distal-aware loss: 0.2901, lumen dice: 0.9421, wall dice: 0.8517, distal recall: 0.8761
epoch: 108, iter: 2070/3251, distal-aware loss: 0.2899, lumen dice: 0.9421, wall dice: 0.8519, distal recall: 0.8762
epoch: 108, iter: 2080/3251, distal-aware loss: 0.2897, lumen dice: 0.9421, wall dice: 0.8519, distal recall: 0.8763
epoch: 108, iter: 2090/3251, distal-aware loss: 0.2899, lumen dice: 0.9421, wall dice: 0.8517, distal recall: 0.8762
epoch: 108, iter: 2100/3251, distal-aware loss: 0.2898, lumen dice: 0.9421, wall dice: 0.8518, distal recall: 0.8763
epoch: 108, iter: 2110/3251, distal-aware loss: 0.2899, lumen dice: 0.9421, wall dice: 0.8517, distal recall: 0.8763
epoch: 108, iter: 2120/3251, distal-aware loss: 0.2898, lumen dice: 0.9421, wall dice: 0.8516, distal recall: 0.8764
epoch: 108, iter: 2130/3251, distal-aware loss: 0.2899, lumen dice: 0.9421, wall dice: 0.8516, distal recall: 0.8764
epoch: 108, iter: 2140/3251, distal-aware loss: 0.2898, lumen dice: 0.9421, wall dice: 0.8516, distal recall: 0.8764
epoch: 108, iter: 2150/3251, distal-aware loss: 0.2897, lumen dice: 0.9421, wall dice: 0.8517, distal recall: 0.8765
epoch: 108, iter: 2160/3251, distal-aware loss: 0.2896, lumen dice: 0.9422, wall dice: 0.8518, distal recall: 0.8765
epoch: 108, iter: 2170/3251, distal-aware loss: 0.2895, lumen dice: 0.9421, wall dice: 0.8518, distal recall: 0.8766
epoch: 108, iter: 2180/3251, distal-aware loss: 0.2896, lumen dice: 0.9422, wall dice: 0.8518, distal recall: 0.8766
epoch: 108, iter: 2190/3251, distal-aware loss: 0.2895, lumen dice: 0.9422, wall dice: 0.8519, distal recall: 0.8767
epoch: 108, iter: 2200/3251, distal-aware loss: 0.2894, lumen dice: 0.9422, wall dice: 0.8520, distal recall: 0.8767
epoch: 108, iter: 2210/3251, distal-aware loss: 0.2894, lumen dice: 0.9422, wall dice: 0.8521, distal recall: 0.8768
epoch: 108, iter: 2220/3251, distal-aware loss: 0.2893, lumen dice: 0.9422, wall dice: 0.8521, distal recall: 0.8768
epoch: 108, iter: 2230/3251, distal-aware loss: 0.2892, lumen dice: 0.9423, wall dice: 0.8521, distal recall: 0.8770
epoch: 108, iter: 2240/3251, distal-aware loss: 0.2891, lumen dice: 0.9423, wall dice: 0.8522, distal recall: 0.8770
epoch: 108, iter: 2250/3251, distal-aware loss: 0.2894, lumen dice: 0.9423, wall dice: 0.8520, distal recall: 0.8770
epoch: 108, iter: 2260/3251, distal-aware loss: 0.2894, lumen dice: 0.9422, wall dice: 0.8519, distal recall: 0.8770
epoch: 108, iter: 2270/3251, distal-aware loss: 0.2894, lumen dice: 0.9422, wall dice: 0.8520, distal recall: 0.8770
epoch: 108, iter: 2280/3251, distal-aware loss: 0.2894, lumen dice: 0.9422, wall dice: 0.8520, distal recall: 0.8771
epoch: 108, iter: 2290/3251, distal-aware loss: 0.2894, lumen dice: 0.9422, wall dice: 0.8520, distal recall: 0.8771
epoch: 108, iter: 2300/3251, distal-aware loss: 0.2894, lumen dice: 0.9422, wall dice: 0.8521, distal recall: 0.8772
epoch: 108, iter: 2310/3251, distal-aware loss: 0.2894, lumen dice: 0.9422, wall dice: 0.8521, distal recall: 0.8772
epoch: 108, iter: 2320/3251, distal-aware loss: 0.2893, lumen dice: 0.9423, wall dice: 0.8521, distal recall: 0.8772
epoch: 108, iter: 2330/3251, distal-aware loss: 0.2892, lumen dice: 0.9423, wall dice: 0.8522, distal recall: 0.8773
epoch: 108, iter: 2340/3251, distal-aware loss: 0.2892, lumen dice: 0.9423, wall dice: 0.8522, distal recall: 0.8773
epoch: 108, iter: 2350/3251, distal-aware loss: 0.2890, lumen dice: 0.9424, wall dice: 0.8523, distal recall: 0.8774
epoch: 108, iter: 2360/3251, distal-aware loss: 0.2890, lumen dice: 0.9423, wall dice: 0.8523, distal recall: 0.8775
epoch: 108, iter: 2370/3251, distal-aware loss: 0.2888, lumen dice: 0.9424, wall dice: 0.8524, distal recall: 0.8775
epoch: 108, iter: 2380/3251, distal-aware loss: 0.2887, lumen dice: 0.9424, wall dice: 0.8525, distal recall: 0.8775
epoch: 108, iter: 2390/3251, distal-aware loss: 0.2887, lumen dice: 0.9424, wall dice: 0.8525, distal recall: 0.8775
epoch: 108, iter: 2400/3251, distal-aware loss: 0.2887, lumen dice: 0.9424, wall dice: 0.8525, distal recall: 0.8776
epoch: 108, iter: 2410/3251, distal-aware loss: 0.2886, lumen dice: 0.9425, wall dice: 0.8527, distal recall: 0.8776
epoch: 108, iter: 2420/3251, distal-aware loss: 0.2887, lumen dice: 0.9425, wall dice: 0.8526, distal recall: 0.8776
epoch: 108, iter: 2430/3251, distal-aware loss: 0.2884, lumen dice: 0.9426, wall dice: 0.8527, distal recall: 0.8777
epoch: 108, iter: 2440/3251, distal-aware loss: 0.2884, lumen dice: 0.9426, wall dice: 0.8529, distal recall: 0.8778
epoch: 108, iter: 2450/3251, distal-aware loss: 0.2883, lumen dice: 0.9426, wall dice: 0.8529, distal recall: 0.8778
epoch: 108, iter: 2460/3251, distal-aware loss: 0.2883, lumen dice: 0.9426, wall dice: 0.8530, distal recall: 0.8778
epoch: 108, iter: 2470/3251, distal-aware loss: 0.2884, lumen dice: 0.9426, wall dice: 0.8530, distal recall: 0.8778
epoch: 108, iter: 2480/3251, distal-aware loss: 0.2884, lumen dice: 0.9427, wall dice: 0.8530, distal recall: 0.8778
epoch: 108, iter: 2490/3251, distal-aware loss: 0.2882, lumen dice: 0.9427, wall dice: 0.8531, distal recall: 0.8779
epoch: 108, iter: 2500/3251, distal-aware loss: 0.2881, lumen dice: 0.9427, wall dice: 0.8531, distal recall: 0.8779
epoch: 108, iter: 2510/3251, distal-aware loss: 0.2882, lumen dice: 0.9428, wall dice: 0.8530, distal recall: 0.8779
epoch: 108, iter: 2520/3251, distal-aware loss: 0.2881, lumen dice: 0.9428, wall dice: 0.8531, distal recall: 0.8780
epoch: 108, iter: 2530/3251, distal-aware loss: 0.2880, lumen dice: 0.9429, wall dice: 0.8532, distal recall: 0.8781
epoch: 108, iter: 2540/3251, distal-aware loss: 0.2880, lumen dice: 0.9428, wall dice: 0.8532, distal recall: 0.8782
epoch: 108, iter: 2550/3251, distal-aware loss: 0.2880, lumen dice: 0.9427, wall dice: 0.8531, distal recall: 0.8781
epoch: 108, iter: 2560/3251, distal-aware loss: 0.2880, lumen dice: 0.9428, wall dice: 0.8532, distal recall: 0.8782
epoch: 108, iter: 2570/3251, distal-aware loss: 0.2879, lumen dice: 0.9428, wall dice: 0.8532, distal recall: 0.8783
epoch: 108, iter: 2580/3251, distal-aware loss: 0.2878, lumen dice: 0.9428, wall dice: 0.8533, distal recall: 0.8783
epoch: 108, iter: 2590/3251, distal-aware loss: 0.2878, lumen dice: 0.9428, wall dice: 0.8533, distal recall: 0.8783
epoch: 108, iter: 2600/3251, distal-aware loss: 0.2878, lumen dice: 0.9429, wall dice: 0.8533, distal recall: 0.8784
epoch: 108, iter: 2610/3251, distal-aware loss: 0.2877, lumen dice: 0.9429, wall dice: 0.8533, distal recall: 0.8784
epoch: 108, iter: 2620/3251, distal-aware loss: 0.2877, lumen dice: 0.9429, wall dice: 0.8534, distal recall: 0.8785
epoch: 108, iter: 2630/3251, distal-aware loss: 0.2876, lumen dice: 0.9429, wall dice: 0.8534, distal recall: 0.8786
epoch: 108, iter: 2640/3251, distal-aware loss: 0.2875, lumen dice: 0.9429, wall dice: 0.8535, distal recall: 0.8786
epoch: 108, iter: 2650/3251, distal-aware loss: 0.2876, lumen dice: 0.9429, wall dice: 0.8533, distal recall: 0.8785
epoch: 108, iter: 2660/3251, distal-aware loss: 0.2877, lumen dice: 0.9428, wall dice: 0.8533, distal recall: 0.8784
epoch: 108, iter: 2670/3251, distal-aware loss: 0.2876, lumen dice: 0.9428, wall dice: 0.8534, distal recall: 0.8785
epoch: 108, iter: 2680/3251, distal-aware loss: 0.2876, lumen dice: 0.9428, wall dice: 0.8534, distal recall: 0.8786
epoch: 108, iter: 2690/3251, distal-aware loss: 0.2876, lumen dice: 0.9428, wall dice: 0.8533, distal recall: 0.8786
epoch: 108, iter: 2700/3251, distal-aware loss: 0.2876, lumen dice: 0.9427, wall dice: 0.8534, distal recall: 0.8786
epoch: 108, iter: 2710/3251, distal-aware loss: 0.2877, lumen dice: 0.9427, wall dice: 0.8532, distal recall: 0.8787
epoch: 108, iter: 2720/3251, distal-aware loss: 0.2877, lumen dice: 0.9428, wall dice: 0.8532, distal recall: 0.8787
epoch: 108, iter: 2730/3251, distal-aware loss: 0.2876, lumen dice: 0.9428, wall dice: 0.8533, distal recall: 0.8787
epoch: 108, iter: 2740/3251, distal-aware loss: 0.2876, lumen dice: 0.9428, wall dice: 0.8533, distal recall: 0.8786
epoch: 108, iter: 2750/3251, distal-aware loss: 0.2876, lumen dice: 0.9428, wall dice: 0.8533, distal recall: 0.8787
epoch: 108, iter: 2760/3251, distal-aware loss: 0.2875, lumen dice: 0.9429, wall dice: 0.8534, distal recall: 0.8788
epoch: 108, iter: 2770/3251, distal-aware loss: 0.2880, lumen dice: 0.9426, wall dice: 0.8532, distal recall: 0.8788
epoch: 108, iter: 2780/3251, distal-aware loss: 0.2884, lumen dice: 0.9426, wall dice: 0.8531, distal recall: 0.8781
epoch: 108, iter: 2790/3251, distal-aware loss: 0.2887, lumen dice: 0.9424, wall dice: 0.8529, distal recall: 0.8779
epoch: 108, iter: 2800/3251, distal-aware loss: 0.2887, lumen dice: 0.9424, wall dice: 0.8528, distal recall: 0.8779
epoch: 108, iter: 2810/3251, distal-aware loss: 0.2888, lumen dice: 0.9424, wall dice: 0.8528, distal recall: 0.8778
epoch: 108, iter: 2820/3251, distal-aware loss: 0.2895, lumen dice: 0.9420, wall dice: 0.8524, distal recall: 0.8774
epoch: 108, iter: 2830/3251, distal-aware loss: 0.2899, lumen dice: 0.9419, wall dice: 0.8522, distal recall: 0.8771
epoch: 108, iter: 2840/3251, distal-aware loss: 0.2899, lumen dice: 0.9418, wall dice: 0.8522, distal recall: 0.8772
epoch: 108, iter: 2850/3251, distal-aware loss: 0.2900, lumen dice: 0.9418, wall dice: 0.8521, distal recall: 0.8771
epoch: 108, iter: 2860/3251, distal-aware loss: 0.2899, lumen dice: 0.9419, wall dice: 0.8520, distal recall: 0.8771
epoch: 108, iter: 2870/3251, distal-aware loss: 0.2898, lumen dice: 0.9419, wall dice: 0.8521, distal recall: 0.8771
epoch: 108, iter: 2880/3251, distal-aware loss: 0.2898, lumen dice: 0.9420, wall dice: 0.8521, distal recall: 0.8771
epoch: 108, iter: 2890/3251, distal-aware loss: 0.2898, lumen dice: 0.9420, wall dice: 0.8521, distal recall: 0.8771
epoch: 108, iter: 2900/3251, distal-aware loss: 0.2897, lumen dice: 0.9419, wall dice: 0.8522, distal recall: 0.8772
epoch: 108, iter: 2910/3251, distal-aware loss: 0.2897, lumen dice: 0.9420, wall dice: 0.8522, distal recall: 0.8772
epoch: 108, iter: 2920/3251, distal-aware loss: 0.2896, lumen dice: 0.9421, wall dice: 0.8522, distal recall: 0.8771
epoch: 108, iter: 2930/3251, distal-aware loss: 0.2897, lumen dice: 0.9420, wall dice: 0.8522, distal recall: 0.8771
epoch: 108, iter: 2940/3251, distal-aware loss: 0.2896, lumen dice: 0.9421, wall dice: 0.8522, distal recall: 0.8771
epoch: 108, iter: 2950/3251, distal-aware loss: 0.2895, lumen dice: 0.9421, wall dice: 0.8523, distal recall: 0.8771
epoch: 108, iter: 2960/3251, distal-aware loss: 0.2895, lumen dice: 0.9421, wall dice: 0.8523, distal recall: 0.8772
epoch: 108, iter: 2970/3251, distal-aware loss: 0.2895, lumen dice: 0.9421, wall dice: 0.8523, distal recall: 0.8772
epoch: 108, iter: 2980/3251, distal-aware loss: 0.2894, lumen dice: 0.9421, wall dice: 0.8523, distal recall: 0.8773
epoch: 108, iter: 2990/3251, distal-aware loss: 0.2893, lumen dice: 0.9422, wall dice: 0.8524, distal recall: 0.8773
epoch: 108, iter: 3000/3251, distal-aware loss: 0.2893, lumen dice: 0.9422, wall dice: 0.8524, distal recall: 0.8773
epoch: 108, iter: 3010/3251, distal-aware loss: 0.2893, lumen dice: 0.9421, wall dice: 0.8524, distal recall: 0.8774
epoch: 108, iter: 3020/3251, distal-aware loss: 0.2894, lumen dice: 0.9422, wall dice: 0.8524, distal recall: 0.8774
epoch: 108, iter: 3030/3251, distal-aware loss: 0.2893, lumen dice: 0.9422, wall dice: 0.8524, distal recall: 0.8775
epoch: 108, iter: 3040/3251, distal-aware loss: 0.2892, lumen dice: 0.9422, wall dice: 0.8525, distal recall: 0.8775
epoch: 108, iter: 3050/3251, distal-aware loss: 0.2893, lumen dice: 0.9422, wall dice: 0.8525, distal recall: 0.8776
epoch: 108, iter: 3060/3251, distal-aware loss: 0.2892, lumen dice: 0.9422, wall dice: 0.8525, distal recall: 0.8775
epoch: 108, iter: 3070/3251, distal-aware loss: 0.2891, lumen dice: 0.9423, wall dice: 0.8526, distal recall: 0.8776
epoch: 108, iter: 3080/3251, distal-aware loss: 0.2891, lumen dice: 0.9423, wall dice: 0.8526, distal recall: 0.8776
epoch: 108, iter: 3090/3251, distal-aware loss: 0.2890, lumen dice: 0.9423, wall dice: 0.8527, distal recall: 0.8777
epoch: 108, iter: 3100/3251, distal-aware loss: 0.2890, lumen dice: 0.9423, wall dice: 0.8527, distal recall: 0.8777
epoch: 108, iter: 3110/3251, distal-aware loss: 0.2890, lumen dice: 0.9424, wall dice: 0.8527, distal recall: 0.8778
epoch: 108, iter: 3120/3251, distal-aware loss: 0.2889, lumen dice: 0.9424, wall dice: 0.8527, distal recall: 0.8778
epoch: 108, iter: 3130/3251, distal-aware loss: 0.2889, lumen dice: 0.9424, wall dice: 0.8526, distal recall: 0.8779
epoch: 108, iter: 3140/3251, distal-aware loss: 0.2890, lumen dice: 0.9423, wall dice: 0.8526, distal recall: 0.8778
epoch: 108, iter: 3150/3251, distal-aware loss: 0.2889, lumen dice: 0.9423, wall dice: 0.8526, distal recall: 0.8778
epoch: 108, iter: 3160/3251, distal-aware loss: 0.2889, lumen dice: 0.9424, wall dice: 0.8527, distal recall: 0.8778
epoch: 108, iter: 3170/3251, distal-aware loss: 0.2888, lumen dice: 0.9423, wall dice: 0.8527, distal recall: 0.8779
epoch: 108, iter: 3180/3251, distal-aware loss: 0.2888, lumen dice: 0.9423, wall dice: 0.8527, distal recall: 0.8779
epoch: 108, iter: 3190/3251, distal-aware loss: 0.2887, lumen dice: 0.9423, wall dice: 0.8527, distal recall: 0.8780
epoch: 108, iter: 3200/3251, distal-aware loss: 0.2888, lumen dice: 0.9423, wall dice: 0.8527, distal recall: 0.8780
epoch: 108, iter: 3210/3251, distal-aware loss: 0.2888, lumen dice: 0.9423, wall dice: 0.8527, distal recall: 0.8780
epoch: 108, iter: 3220/3251, distal-aware loss: 0.2888, lumen dice: 0.9423, wall dice: 0.8527, distal recall: 0.8781
epoch: 108, iter: 3230/3251, distal-aware loss: 0.2887, lumen dice: 0.9424, wall dice: 0.8528, distal recall: 0.8781
epoch: 108, iter: 3240/3251, distal-aware loss: 0.2886, lumen dice: 0.9424, wall dice: 0.8528, distal recall: 0.8781
epoch: 108, iter: 3250/3251, distal-aware loss: 0.2887, lumen dice: 0.9424, wall dice: 0.8528, distal recall: 0.8781
epoch: 108, val distal-aware loss: 0.2902, val lumen dice: 0.9493, val wall dice: 0.8792, val distal recall: 0.9159
starting epoch: 109
epoch: 109, iter: 0/3251, distal-aware loss: 0.2403, lumen dice: 0.9703, wall dice: 0.8649, distal recall: 0.8777
epoch: 109, iter: 10/3251, distal-aware loss: 0.2874, lumen dice: 0.9388, wall dice: 0.8532, distal recall: 0.8846
epoch: 109, iter: 20/3251, distal-aware loss: 0.2869, lumen dice: 0.9410, wall dice: 0.8614, distal recall: 0.8916
epoch: 109, iter: 30/3251, distal-aware loss: 0.2768, lumen dice: 0.9473, wall dice: 0.8661, distal recall: 0.8900
epoch: 109, iter: 40/3251, distal-aware loss: 0.2706, lumen dice: 0.9488, wall dice: 0.8690, distal recall: 0.8941
epoch: 109, iter: 50/3251, distal-aware loss: 0.2721, lumen dice: 0.9470, wall dice: 0.8672, distal recall: 0.8936
epoch: 109, iter: 60/3251, distal-aware loss: 0.2734, lumen dice: 0.9476, wall dice: 0.8657, distal recall: 0.8932
epoch: 109, iter: 70/3251, distal-aware loss: 0.2736, lumen dice: 0.9485, wall dice: 0.8648, distal recall: 0.8909
epoch: 109, iter: 80/3251, distal-aware loss: 0.2750, lumen dice: 0.9478, wall dice: 0.8647, distal recall: 0.8922
epoch: 109, iter: 90/3251, distal-aware loss: 0.2762, lumen dice: 0.9485, wall dice: 0.8642, distal recall: 0.8917
epoch: 109, iter: 100/3251, distal-aware loss: 0.2756, lumen dice: 0.9496, wall dice: 0.8618, distal recall: 0.8907
epoch: 109, iter: 110/3251, distal-aware loss: 0.2742, lumen dice: 0.9503, wall dice: 0.8630, distal recall: 0.8920
epoch: 109, iter: 120/3251, distal-aware loss: 0.2733, lumen dice: 0.9507, wall dice: 0.8641, distal recall: 0.8916
epoch: 109, iter: 130/3251, distal-aware loss: 0.2747, lumen dice: 0.9509, wall dice: 0.8637, distal recall: 0.8906
epoch: 109, iter: 140/3251, distal-aware loss: 0.2776, lumen dice: 0.9502, wall dice: 0.8623, distal recall: 0.8897
epoch: 109, iter: 150/3251, distal-aware loss: 0.2792, lumen dice: 0.9500, wall dice: 0.8614, distal recall: 0.8888
epoch: 109, iter: 160/3251, distal-aware loss: 0.2773, lumen dice: 0.9490, wall dice: 0.8628, distal recall: 0.8882
epoch: 109, iter: 170/3251, distal-aware loss: 0.2777, lumen dice: 0.9492, wall dice: 0.8626, distal recall: 0.8875
epoch: 109, iter: 180/3251, distal-aware loss: 0.2767, lumen dice: 0.9497, wall dice: 0.8632, distal recall: 0.8883
epoch: 109, iter: 190/3251, distal-aware loss: 0.2764, lumen dice: 0.9498, wall dice: 0.8630, distal recall: 0.8894
epoch: 109, iter: 200/3251, distal-aware loss: 0.2790, lumen dice: 0.9488, wall dice: 0.8624, distal recall: 0.8879
epoch: 109, iter: 210/3251, distal-aware loss: 0.2779, lumen dice: 0.9479, wall dice: 0.8634, distal recall: 0.8894
epoch: 109, iter: 220/3251, distal-aware loss: 0.2778, lumen dice: 0.9483, wall dice: 0.8635, distal recall: 0.8886
epoch: 109, iter: 230/3251, distal-aware loss: 0.2781, lumen dice: 0.9485, wall dice: 0.8631, distal recall: 0.8882
epoch: 109, iter: 240/3251, distal-aware loss: 0.2779, lumen dice: 0.9479, wall dice: 0.8631, distal recall: 0.8884
epoch: 109, iter: 250/3251, distal-aware loss: 0.2775, lumen dice: 0.9481, wall dice: 0.8635, distal recall: 0.8889
epoch: 109, iter: 260/3251, distal-aware loss: 0.2769, lumen dice: 0.9484, wall dice: 0.8640, distal recall: 0.8884
epoch: 109, iter: 270/3251, distal-aware loss: 0.2762, lumen dice: 0.9487, wall dice: 0.8643, distal recall: 0.8889
epoch: 109, iter: 280/3251, distal-aware loss: 0.2771, lumen dice: 0.9488, wall dice: 0.8639, distal recall: 0.8886
epoch: 109, iter: 290/3251, distal-aware loss: 0.2765, lumen dice: 0.9489, wall dice: 0.8639, distal recall: 0.8885
epoch: 109, iter: 300/3251, distal-aware loss: 0.2762, lumen dice: 0.9492, wall dice: 0.8643, distal recall: 0.8887
epoch: 109, iter: 310/3251, distal-aware loss: 0.2752, lumen dice: 0.9495, wall dice: 0.8646, distal recall: 0.8888
epoch: 109, iter: 320/3251, distal-aware loss: 0.2756, lumen dice: 0.9488, wall dice: 0.8644, distal recall: 0.8891
epoch: 109, iter: 330/3251, distal-aware loss: 0.2754, lumen dice: 0.9486, wall dice: 0.8645, distal recall: 0.8896
epoch: 109, iter: 340/3251, distal-aware loss: 0.2756, lumen dice: 0.9486, wall dice: 0.8645, distal recall: 0.8893
epoch: 109, iter: 350/3251, distal-aware loss: 0.2758, lumen dice: 0.9486, wall dice: 0.8644, distal recall: 0.8895
epoch: 109, iter: 360/3251, distal-aware loss: 0.2753, lumen dice: 0.9485, wall dice: 0.8648, distal recall: 0.8899
epoch: 109, iter: 370/3251, distal-aware loss: 0.2752, lumen dice: 0.9481, wall dice: 0.8649, distal recall: 0.8901
epoch: 109, iter: 380/3251, distal-aware loss: 0.2757, lumen dice: 0.9480, wall dice: 0.8642, distal recall: 0.8899
epoch: 109, iter: 390/3251, distal-aware loss: 0.2759, lumen dice: 0.9480, wall dice: 0.8640, distal recall: 0.8901
epoch: 109, iter: 400/3251, distal-aware loss: 0.2758, lumen dice: 0.9479, wall dice: 0.8640, distal recall: 0.8901
epoch: 109, iter: 410/3251, distal-aware loss: 0.2755, lumen dice: 0.9481, wall dice: 0.8642, distal recall: 0.8899
epoch: 109, iter: 420/3251, distal-aware loss: 0.2754, lumen dice: 0.9482, wall dice: 0.8639, distal recall: 0.8896
epoch: 109, iter: 430/3251, distal-aware loss: 0.2753, lumen dice: 0.9482, wall dice: 0.8638, distal recall: 0.8902
epoch: 109, iter: 440/3251, distal-aware loss: 0.2750, lumen dice: 0.9479, wall dice: 0.8641, distal recall: 0.8907
epoch: 109, iter: 450/3251, distal-aware loss: 0.2753, lumen dice: 0.9477, wall dice: 0.8640, distal recall: 0.8905
epoch: 109, iter: 460/3251, distal-aware loss: 0.2756, lumen dice: 0.9478, wall dice: 0.8640, distal recall: 0.8907
epoch: 109, iter: 470/3251, distal-aware loss: 0.2755, lumen dice: 0.9480, wall dice: 0.8642, distal recall: 0.8908
epoch: 109, iter: 480/3251, distal-aware loss: 0.2752, lumen dice: 0.9478, wall dice: 0.8643, distal recall: 0.8905
epoch: 109, iter: 490/3251, distal-aware loss: 0.2749, lumen dice: 0.9480, wall dice: 0.8646, distal recall: 0.8902
epoch: 109, iter: 500/3251, distal-aware loss: 0.2747, lumen dice: 0.9483, wall dice: 0.8646, distal recall: 0.8903
epoch: 109, iter: 510/3251, distal-aware loss: 0.2750, lumen dice: 0.9482, wall dice: 0.8644, distal recall: 0.8906
epoch: 109, iter: 520/3251, distal-aware loss: 0.2763, lumen dice: 0.9477, wall dice: 0.8638, distal recall: 0.8900
epoch: 109, iter: 530/3251, distal-aware loss: 0.2768, lumen dice: 0.9476, wall dice: 0.8634, distal recall: 0.8894
epoch: 109, iter: 540/3251, distal-aware loss: 0.2765, lumen dice: 0.9477, wall dice: 0.8635, distal recall: 0.8896
epoch: 109, iter: 550/3251, distal-aware loss: 0.2770, lumen dice: 0.9467, wall dice: 0.8626, distal recall: 0.8893
epoch: 109, iter: 560/3251, distal-aware loss: 0.2769, lumen dice: 0.9470, wall dice: 0.8626, distal recall: 0.8889
epoch: 109, iter: 570/3251, distal-aware loss: 0.2774, lumen dice: 0.9469, wall dice: 0.8624, distal recall: 0.8889
epoch: 109, iter: 580/3251, distal-aware loss: 0.2773, lumen dice: 0.9470, wall dice: 0.8623, distal recall: 0.8890
epoch: 109, iter: 590/3251, distal-aware loss: 0.2775, lumen dice: 0.9470, wall dice: 0.8614, distal recall: 0.8889
epoch: 109, iter: 600/3251, distal-aware loss: 0.2773, lumen dice: 0.9470, wall dice: 0.8615, distal recall: 0.8890
epoch: 109, iter: 610/3251, distal-aware loss: 0.2768, lumen dice: 0.9471, wall dice: 0.8618, distal recall: 0.8889
epoch: 109, iter: 620/3251, distal-aware loss: 0.2767, lumen dice: 0.9472, wall dice: 0.8619, distal recall: 0.8889
epoch: 109, iter: 630/3251, distal-aware loss: 0.2767, lumen dice: 0.9472, wall dice: 0.8619, distal recall: 0.8890
epoch: 109, iter: 640/3251, distal-aware loss: 0.2765, lumen dice: 0.9473, wall dice: 0.8619, distal recall: 0.8891
epoch: 109, iter: 650/3251, distal-aware loss: 0.2762, lumen dice: 0.9474, wall dice: 0.8621, distal recall: 0.8893
epoch: 109, iter: 660/3251, distal-aware loss: 0.2760, lumen dice: 0.9475, wall dice: 0.8623, distal recall: 0.8892
epoch: 109, iter: 670/3251, distal-aware loss: 0.2756, lumen dice: 0.9476, wall dice: 0.8625, distal recall: 0.8894
epoch: 109, iter: 680/3251, distal-aware loss: 0.2755, lumen dice: 0.9476, wall dice: 0.8626, distal recall: 0.8895
epoch: 109, iter: 690/3251, distal-aware loss: 0.2752, lumen dice: 0.9477, wall dice: 0.8626, distal recall: 0.8895
epoch: 109, iter: 700/3251, distal-aware loss: 0.2751, lumen dice: 0.9477, wall dice: 0.8627, distal recall: 0.8896
epoch: 109, iter: 710/3251, distal-aware loss: 0.2753, lumen dice: 0.9476, wall dice: 0.8626, distal recall: 0.8895
epoch: 109, iter: 720/3251, distal-aware loss: 0.2753, lumen dice: 0.9478, wall dice: 0.8628, distal recall: 0.8896
epoch: 109, iter: 730/3251, distal-aware loss: 0.2749, lumen dice: 0.9478, wall dice: 0.8629, distal recall: 0.8899
epoch: 109, iter: 740/3251, distal-aware loss: 0.2754, lumen dice: 0.9475, wall dice: 0.8622, distal recall: 0.8899
epoch: 109, iter: 750/3251, distal-aware loss: 0.2752, lumen dice: 0.9475, wall dice: 0.8625, distal recall: 0.8901
epoch: 109, iter: 760/3251, distal-aware loss: 0.2755, lumen dice: 0.9473, wall dice: 0.8624, distal recall: 0.8899
epoch: 109, iter: 770/3251, distal-aware loss: 0.2755, lumen dice: 0.9473, wall dice: 0.8624, distal recall: 0.8900
epoch: 109, iter: 780/3251, distal-aware loss: 0.2754, lumen dice: 0.9471, wall dice: 0.8626, distal recall: 0.8903
epoch: 109, iter: 790/3251, distal-aware loss: 0.2754, lumen dice: 0.9471, wall dice: 0.8624, distal recall: 0.8902
epoch: 109, iter: 800/3251, distal-aware loss: 0.2756, lumen dice: 0.9469, wall dice: 0.8624, distal recall: 0.8903
epoch: 109, iter: 810/3251, distal-aware loss: 0.2759, lumen dice: 0.9469, wall dice: 0.8617, distal recall: 0.8902
epoch: 109, iter: 820/3251, distal-aware loss: 0.2758, lumen dice: 0.9469, wall dice: 0.8618, distal recall: 0.8901
epoch: 109, iter: 830/3251, distal-aware loss: 0.2758, lumen dice: 0.9469, wall dice: 0.8619, distal recall: 0.8902
epoch: 109, iter: 840/3251, distal-aware loss: 0.2757, lumen dice: 0.9468, wall dice: 0.8619, distal recall: 0.8902
epoch: 109, iter: 850/3251, distal-aware loss: 0.2761, lumen dice: 0.9465, wall dice: 0.8615, distal recall: 0.8899
epoch: 109, iter: 860/3251, distal-aware loss: 0.2766, lumen dice: 0.9465, wall dice: 0.8610, distal recall: 0.8897
epoch: 109, iter: 870/3251, distal-aware loss: 0.2766, lumen dice: 0.9464, wall dice: 0.8610, distal recall: 0.8898
epoch: 109, iter: 880/3251, distal-aware loss: 0.2764, lumen dice: 0.9465, wall dice: 0.8611, distal recall: 0.8899
epoch: 109, iter: 890/3251, distal-aware loss: 0.2762, lumen dice: 0.9467, wall dice: 0.8613, distal recall: 0.8899
epoch: 109, iter: 900/3251, distal-aware loss: 0.2764, lumen dice: 0.9467, wall dice: 0.8611, distal recall: 0.8898
epoch: 109, iter: 910/3251, distal-aware loss: 0.2764, lumen dice: 0.9466, wall dice: 0.8609, distal recall: 0.8896
epoch: 109, iter: 920/3251, distal-aware loss: 0.2764, lumen dice: 0.9467, wall dice: 0.8609, distal recall: 0.8894
epoch: 109, iter: 930/3251, distal-aware loss: 0.2764, lumen dice: 0.9467, wall dice: 0.8609, distal recall: 0.8897
epoch: 109, iter: 940/3251, distal-aware loss: 0.2766, lumen dice: 0.9462, wall dice: 0.8609, distal recall: 0.8896
epoch: 109, iter: 950/3251, distal-aware loss: 0.2767, lumen dice: 0.9463, wall dice: 0.8609, distal recall: 0.8896
epoch: 109, iter: 960/3251, distal-aware loss: 0.2764, lumen dice: 0.9465, wall dice: 0.8611, distal recall: 0.8897
epoch: 109, iter: 970/3251, distal-aware loss: 0.2764, lumen dice: 0.9465, wall dice: 0.8612, distal recall: 0.8898
epoch: 109, iter: 980/3251, distal-aware loss: 0.2764, lumen dice: 0.9465, wall dice: 0.8613, distal recall: 0.8900
epoch: 109, iter: 990/3251, distal-aware loss: 0.2762, lumen dice: 0.9466, wall dice: 0.8613, distal recall: 0.8900
epoch: 109, iter: 1000/3251, distal-aware loss: 0.2761, lumen dice: 0.9466, wall dice: 0.8614, distal recall: 0.8901
epoch: 109, iter: 1010/3251, distal-aware loss: 0.2759, lumen dice: 0.9467, wall dice: 0.8614, distal recall: 0.8901
epoch: 109, iter: 1020/3251, distal-aware loss: 0.2758, lumen dice: 0.9467, wall dice: 0.8615, distal recall: 0.8901
epoch: 109, iter: 1030/3251, distal-aware loss: 0.2758, lumen dice: 0.9468, wall dice: 0.8615, distal recall: 0.8902
epoch: 109, iter: 1040/3251, distal-aware loss: 0.2756, lumen dice: 0.9468, wall dice: 0.8617, distal recall: 0.8902
epoch: 109, iter: 1050/3251, distal-aware loss: 0.2756, lumen dice: 0.9468, wall dice: 0.8616, distal recall: 0.8902
epoch: 109, iter: 1060/3251, distal-aware loss: 0.2754, lumen dice: 0.9470, wall dice: 0.8617, distal recall: 0.8902
epoch: 109, iter: 1070/3251, distal-aware loss: 0.2755, lumen dice: 0.9468, wall dice: 0.8617, distal recall: 0.8903
epoch: 109, iter: 1080/3251, distal-aware loss: 0.2755, lumen dice: 0.9468, wall dice: 0.8616, distal recall: 0.8902
epoch: 109, iter: 1090/3251, distal-aware loss: 0.2769, lumen dice: 0.9460, wall dice: 0.8606, distal recall: 0.8898
epoch: 109, iter: 1100/3251, distal-aware loss: 0.2773, lumen dice: 0.9457, wall dice: 0.8600, distal recall: 0.8897
epoch: 109, iter: 1110/3251, distal-aware loss: 0.2780, lumen dice: 0.9453, wall dice: 0.8597, distal recall: 0.8894
epoch: 109, iter: 1120/3251, distal-aware loss: 0.2783, lumen dice: 0.9452, wall dice: 0.8592, distal recall: 0.8890
epoch: 109, iter: 1130/3251, distal-aware loss: 0.2786, lumen dice: 0.9451, wall dice: 0.8590, distal recall: 0.8889
epoch: 109, iter: 1140/3251, distal-aware loss: 0.2788, lumen dice: 0.9450, wall dice: 0.8587, distal recall: 0.8889
epoch: 109, iter: 1150/3251, distal-aware loss: 0.2789, lumen dice: 0.9450, wall dice: 0.8585, distal recall: 0.8888
epoch: 109, iter: 1160/3251, distal-aware loss: 0.2788, lumen dice: 0.9451, wall dice: 0.8585, distal recall: 0.8888
epoch: 109, iter: 1170/3251, distal-aware loss: 0.2791, lumen dice: 0.9449, wall dice: 0.8583, distal recall: 0.8887
epoch: 109, iter: 1180/3251, distal-aware loss: 0.2791, lumen dice: 0.9449, wall dice: 0.8584, distal recall: 0.8886
epoch: 109, iter: 1190/3251, distal-aware loss: 0.2792, lumen dice: 0.9447, wall dice: 0.8583, distal recall: 0.8887
epoch: 109, iter: 1200/3251, distal-aware loss: 0.2792, lumen dice: 0.9447, wall dice: 0.8582, distal recall: 0.8885
epoch: 109, iter: 1210/3251, distal-aware loss: 0.2792, lumen dice: 0.9444, wall dice: 0.8583, distal recall: 0.8888
epoch: 109, iter: 1220/3251, distal-aware loss: 0.2795, lumen dice: 0.9442, wall dice: 0.8580, distal recall: 0.8885
epoch: 109, iter: 1230/3251, distal-aware loss: 0.2796, lumen dice: 0.9442, wall dice: 0.8580, distal recall: 0.8885
epoch: 109, iter: 1240/3251, distal-aware loss: 0.2799, lumen dice: 0.9441, wall dice: 0.8579, distal recall: 0.8886
epoch: 109, iter: 1250/3251, distal-aware loss: 0.2799, lumen dice: 0.9441, wall dice: 0.8580, distal recall: 0.8884
epoch: 109, iter: 1260/3251, distal-aware loss: 0.2798, lumen dice: 0.9440, wall dice: 0.8580, distal recall: 0.8884
epoch: 109, iter: 1270/3251, distal-aware loss: 0.2797, lumen dice: 0.9440, wall dice: 0.8580, distal recall: 0.8885
epoch: 109, iter: 1280/3251, distal-aware loss: 0.2796, lumen dice: 0.9441, wall dice: 0.8581, distal recall: 0.8887
epoch: 109, iter: 1290/3251, distal-aware loss: 0.2794, lumen dice: 0.9441, wall dice: 0.8583, distal recall: 0.8887
epoch: 109, iter: 1300/3251, distal-aware loss: 0.2792, lumen dice: 0.9443, wall dice: 0.8584, distal recall: 0.8888
epoch: 109, iter: 1310/3251, distal-aware loss: 0.2793, lumen dice: 0.9444, wall dice: 0.8584, distal recall: 0.8886
epoch: 109, iter: 1320/3251, distal-aware loss: 0.2791, lumen dice: 0.9444, wall dice: 0.8585, distal recall: 0.8887
epoch: 109, iter: 1330/3251, distal-aware loss: 0.2789, lumen dice: 0.9443, wall dice: 0.8585, distal recall: 0.8887
epoch: 109, iter: 1340/3251, distal-aware loss: 0.2790, lumen dice: 0.9444, wall dice: 0.8586, distal recall: 0.8886
epoch: 109, iter: 1350/3251, distal-aware loss: 0.2789, lumen dice: 0.9445, wall dice: 0.8586, distal recall: 0.8886
epoch: 109, iter: 1360/3251, distal-aware loss: 0.2790, lumen dice: 0.9442, wall dice: 0.8585, distal recall: 0.8886
epoch: 109, iter: 1370/3251, distal-aware loss: 0.2791, lumen dice: 0.9442, wall dice: 0.8583, distal recall: 0.8886
epoch: 109, iter: 1380/3251, distal-aware loss: 0.2800, lumen dice: 0.9436, wall dice: 0.8580, distal recall: 0.8886
epoch: 109, iter: 1390/3251, distal-aware loss: 0.2800, lumen dice: 0.9436, wall dice: 0.8581, distal recall: 0.8886
epoch: 109, iter: 1400/3251, distal-aware loss: 0.2815, lumen dice: 0.9429, wall dice: 0.8574, distal recall: 0.8879
epoch: 109, iter: 1410/3251, distal-aware loss: 0.2818, lumen dice: 0.9427, wall dice: 0.8571, distal recall: 0.8876
epoch: 109, iter: 1420/3251, distal-aware loss: 0.2825, lumen dice: 0.9424, wall dice: 0.8567, distal recall: 0.8872
epoch: 109, iter: 1430/3251, distal-aware loss: 0.2826, lumen dice: 0.9424, wall dice: 0.8566, distal recall: 0.8871
epoch: 109, iter: 1440/3251, distal-aware loss: 0.2831, lumen dice: 0.9420, wall dice: 0.8562, distal recall: 0.8869
epoch: 109, iter: 1450/3251, distal-aware loss: 0.2835, lumen dice: 0.9420, wall dice: 0.8559, distal recall: 0.8865
epoch: 109, iter: 1460/3251, distal-aware loss: 0.2835, lumen dice: 0.9420, wall dice: 0.8559, distal recall: 0.8866
epoch: 109, iter: 1470/3251, distal-aware loss: 0.2836, lumen dice: 0.9420, wall dice: 0.8556, distal recall: 0.8865
epoch: 109, iter: 1480/3251, distal-aware loss: 0.2838, lumen dice: 0.9419, wall dice: 0.8555, distal recall: 0.8865
epoch: 109, iter: 1490/3251, distal-aware loss: 0.2837, lumen dice: 0.9419, wall dice: 0.8555, distal recall: 0.8864
epoch: 109, iter: 1500/3251, distal-aware loss: 0.2838, lumen dice: 0.9419, wall dice: 0.8555, distal recall: 0.8864
epoch: 109, iter: 1510/3251, distal-aware loss: 0.2838, lumen dice: 0.9419, wall dice: 0.8555, distal recall: 0.8864
epoch: 109, iter: 1520/3251, distal-aware loss: 0.2838, lumen dice: 0.9420, wall dice: 0.8555, distal recall: 0.8865
epoch: 109, iter: 1530/3251, distal-aware loss: 0.2838, lumen dice: 0.9418, wall dice: 0.8555, distal recall: 0.8864
epoch: 109, iter: 1540/3251, distal-aware loss: 0.2839, lumen dice: 0.9418, wall dice: 0.8554, distal recall: 0.8862
epoch: 109, iter: 1550/3251, distal-aware loss: 0.2841, lumen dice: 0.9418, wall dice: 0.8554, distal recall: 0.8862
epoch: 109, iter: 1560/3251, distal-aware loss: 0.2842, lumen dice: 0.9417, wall dice: 0.8553, distal recall: 0.8862
epoch: 109, iter: 1570/3251, distal-aware loss: 0.2842, lumen dice: 0.9418, wall dice: 0.8553, distal recall: 0.8862
epoch: 109, iter: 1580/3251, distal-aware loss: 0.2841, lumen dice: 0.9418, wall dice: 0.8553, distal recall: 0.8862
epoch: 109, iter: 1590/3251, distal-aware loss: 0.2841, lumen dice: 0.9418, wall dice: 0.8553, distal recall: 0.8861
epoch: 109, iter: 1600/3251, distal-aware loss: 0.2844, lumen dice: 0.9418, wall dice: 0.8550, distal recall: 0.8861
epoch: 109, iter: 1610/3251, distal-aware loss: 0.2844, lumen dice: 0.9418, wall dice: 0.8550, distal recall: 0.8861
epoch: 109, iter: 1620/3251, distal-aware loss: 0.2844, lumen dice: 0.9416, wall dice: 0.8550, distal recall: 0.8862
epoch: 109, iter: 1630/3251, distal-aware loss: 0.2843, lumen dice: 0.9416, wall dice: 0.8551, distal recall: 0.8862
epoch: 109, iter: 1640/3251, distal-aware loss: 0.2846, lumen dice: 0.9414, wall dice: 0.8549, distal recall: 0.8862
epoch: 109, iter: 1650/3251, distal-aware loss: 0.2845, lumen dice: 0.9414, wall dice: 0.8549, distal recall: 0.8863
epoch: 109, iter: 1660/3251, distal-aware loss: 0.2845, lumen dice: 0.9415, wall dice: 0.8549, distal recall: 0.8862
epoch: 109, iter: 1670/3251, distal-aware loss: 0.2844, lumen dice: 0.9415, wall dice: 0.8550, distal recall: 0.8862
epoch: 109, iter: 1680/3251, distal-aware loss: 0.2844, lumen dice: 0.9415, wall dice: 0.8549, distal recall: 0.8862
epoch: 109, iter: 1690/3251, distal-aware loss: 0.2844, lumen dice: 0.9416, wall dice: 0.8549, distal recall: 0.8861
epoch: 109, iter: 1700/3251, distal-aware loss: 0.2844, lumen dice: 0.9416, wall dice: 0.8549, distal recall: 0.8862
epoch: 109, iter: 1710/3251, distal-aware loss: 0.2844, lumen dice: 0.9415, wall dice: 0.8549, distal recall: 0.8862
epoch: 109, iter: 1720/3251, distal-aware loss: 0.2842, lumen dice: 0.9416, wall dice: 0.8549, distal recall: 0.8863
epoch: 109, iter: 1730/3251, distal-aware loss: 0.2842, lumen dice: 0.9416, wall dice: 0.8550, distal recall: 0.8863
epoch: 109, iter: 1740/3251, distal-aware loss: 0.2840, lumen dice: 0.9417, wall dice: 0.8552, distal recall: 0.8862
epoch: 109, iter: 1750/3251, distal-aware loss: 0.2840, lumen dice: 0.9418, wall dice: 0.8553, distal recall: 0.8863
epoch: 109, iter: 1760/3251, distal-aware loss: 0.2839, lumen dice: 0.9416, wall dice: 0.8553, distal recall: 0.8863
epoch: 109, iter: 1770/3251, distal-aware loss: 0.2839, lumen dice: 0.9416, wall dice: 0.8552, distal recall: 0.8864
epoch: 109, iter: 1780/3251, distal-aware loss: 0.2840, lumen dice: 0.9416, wall dice: 0.8551, distal recall: 0.8863
epoch: 109, iter: 1790/3251, distal-aware loss: 0.2841, lumen dice: 0.9416, wall dice: 0.8551, distal recall: 0.8862
epoch: 109, iter: 1800/3251, distal-aware loss: 0.2843, lumen dice: 0.9415, wall dice: 0.8548, distal recall: 0.8862
epoch: 109, iter: 1810/3251, distal-aware loss: 0.2841, lumen dice: 0.9415, wall dice: 0.8549, distal recall: 0.8864
epoch: 109, iter: 1820/3251, distal-aware loss: 0.2841, lumen dice: 0.9415, wall dice: 0.8550, distal recall: 0.8863
epoch: 109, iter: 1830/3251, distal-aware loss: 0.2840, lumen dice: 0.9415, wall dice: 0.8551, distal recall: 0.8863
epoch: 109, iter: 1840/3251, distal-aware loss: 0.2840, lumen dice: 0.9416, wall dice: 0.8551, distal recall: 0.8863
epoch: 109, iter: 1850/3251, distal-aware loss: 0.2839, lumen dice: 0.9416, wall dice: 0.8552, distal recall: 0.8863
epoch: 109, iter: 1860/3251, distal-aware loss: 0.2839, lumen dice: 0.9417, wall dice: 0.8551, distal recall: 0.8862
epoch: 109, iter: 1870/3251, distal-aware loss: 0.2839, lumen dice: 0.9416, wall dice: 0.8552, distal recall: 0.8862
epoch: 109, iter: 1880/3251, distal-aware loss: 0.2837, lumen dice: 0.9417, wall dice: 0.8552, distal recall: 0.8862
epoch: 109, iter: 1890/3251, distal-aware loss: 0.2836, lumen dice: 0.9417, wall dice: 0.8553, distal recall: 0.8862
epoch: 109, iter: 1900/3251, distal-aware loss: 0.2835, lumen dice: 0.9417, wall dice: 0.8554, distal recall: 0.8863
epoch: 109, iter: 1910/3251, distal-aware loss: 0.2835, lumen dice: 0.9418, wall dice: 0.8555, distal recall: 0.8863
epoch: 109, iter: 1920/3251, distal-aware loss: 0.2836, lumen dice: 0.9418, wall dice: 0.8554, distal recall: 0.8862
epoch: 109, iter: 1930/3251, distal-aware loss: 0.2836, lumen dice: 0.9418, wall dice: 0.8554, distal recall: 0.8862
epoch: 109, iter: 1940/3251, distal-aware loss: 0.2837, lumen dice: 0.9417, wall dice: 0.8553, distal recall: 0.8861
epoch: 109, iter: 1950/3251, distal-aware loss: 0.2837, lumen dice: 0.9417, wall dice: 0.8553, distal recall: 0.8861
epoch: 109, iter: 1960/3251, distal-aware loss: 0.2836, lumen dice: 0.9418, wall dice: 0.8554, distal recall: 0.8862
epoch: 109, iter: 1970/3251, distal-aware loss: 0.2835, lumen dice: 0.9418, wall dice: 0.8553, distal recall: 0.8862
epoch: 109, iter: 1980/3251, distal-aware loss: 0.2834, lumen dice: 0.9418, wall dice: 0.8554, distal recall: 0.8863
epoch: 109, iter: 1990/3251, distal-aware loss: 0.2834, lumen dice: 0.9419, wall dice: 0.8554, distal recall: 0.8862
epoch: 109, iter: 2000/3251, distal-aware loss: 0.2833, lumen dice: 0.9418, wall dice: 0.8554, distal recall: 0.8863
epoch: 109, iter: 2010/3251, distal-aware loss: 0.2833, lumen dice: 0.9418, wall dice: 0.8555, distal recall: 0.8863
epoch: 109, iter: 2020/3251, distal-aware loss: 0.2832, lumen dice: 0.9419, wall dice: 0.8555, distal recall: 0.8863
epoch: 109, iter: 2030/3251, distal-aware loss: 0.2832, lumen dice: 0.9418, wall dice: 0.8554, distal recall: 0.8863
epoch: 109, iter: 2040/3251, distal-aware loss: 0.2832, lumen dice: 0.9418, wall dice: 0.8555, distal recall: 0.8864
epoch: 109, iter: 2050/3251, distal-aware loss: 0.2833, lumen dice: 0.9418, wall dice: 0.8555, distal recall: 0.8863
epoch: 109, iter: 2060/3251, distal-aware loss: 0.2834, lumen dice: 0.9419, wall dice: 0.8554, distal recall: 0.8864
epoch: 109, iter: 2070/3251, distal-aware loss: 0.2833, lumen dice: 0.9419, wall dice: 0.8555, distal recall: 0.8864
epoch: 109, iter: 2080/3251, distal-aware loss: 0.2832, lumen dice: 0.9420, wall dice: 0.8555, distal recall: 0.8864
epoch: 109, iter: 2090/3251, distal-aware loss: 0.2831, lumen dice: 0.9419, wall dice: 0.8556, distal recall: 0.8865
epoch: 109, iter: 2100/3251, distal-aware loss: 0.2831, lumen dice: 0.9419, wall dice: 0.8556, distal recall: 0.8865
epoch: 109, iter: 2110/3251, distal-aware loss: 0.2829, lumen dice: 0.9420, wall dice: 0.8558, distal recall: 0.8865
epoch: 109, iter: 2120/3251, distal-aware loss: 0.2830, lumen dice: 0.9419, wall dice: 0.8557, distal recall: 0.8864
epoch: 109, iter: 2130/3251, distal-aware loss: 0.2830, lumen dice: 0.9420, wall dice: 0.8558, distal recall: 0.8864
epoch: 109, iter: 2140/3251, distal-aware loss: 0.2830, lumen dice: 0.9421, wall dice: 0.8558, distal recall: 0.8864
epoch: 109, iter: 2150/3251, distal-aware loss: 0.2829, lumen dice: 0.9421, wall dice: 0.8559, distal recall: 0.8864
epoch: 109, iter: 2160/3251, distal-aware loss: 0.2829, lumen dice: 0.9421, wall dice: 0.8559, distal recall: 0.8864
epoch: 109, iter: 2170/3251, distal-aware loss: 0.2830, lumen dice: 0.9421, wall dice: 0.8559, distal recall: 0.8864
epoch: 109, iter: 2180/3251, distal-aware loss: 0.2830, lumen dice: 0.9421, wall dice: 0.8559, distal recall: 0.8863
epoch: 109, iter: 2190/3251, distal-aware loss: 0.2829, lumen dice: 0.9422, wall dice: 0.8560, distal recall: 0.8865
epoch: 109, iter: 2200/3251, distal-aware loss: 0.2830, lumen dice: 0.9421, wall dice: 0.8560, distal recall: 0.8864
epoch: 109, iter: 2210/3251, distal-aware loss: 0.2829, lumen dice: 0.9421, wall dice: 0.8560, distal recall: 0.8865
epoch: 109, iter: 2220/3251, distal-aware loss: 0.2828, lumen dice: 0.9421, wall dice: 0.8561, distal recall: 0.8865
epoch: 109, iter: 2230/3251, distal-aware loss: 0.2828, lumen dice: 0.9421, wall dice: 0.8560, distal recall: 0.8865
epoch: 109, iter: 2240/3251, distal-aware loss: 0.2832, lumen dice: 0.9418, wall dice: 0.8558, distal recall: 0.8864
epoch: 109, iter: 2250/3251, distal-aware loss: 0.2833, lumen dice: 0.9418, wall dice: 0.8557, distal recall: 0.8863
epoch: 109, iter: 2260/3251, distal-aware loss: 0.2834, lumen dice: 0.9417, wall dice: 0.8555, distal recall: 0.8863
epoch: 109, iter: 2270/3251, distal-aware loss: 0.2836, lumen dice: 0.9417, wall dice: 0.8554, distal recall: 0.8861
epoch: 109, iter: 2280/3251, distal-aware loss: 0.2837, lumen dice: 0.9417, wall dice: 0.8553, distal recall: 0.8860
epoch: 109, iter: 2290/3251, distal-aware loss: 0.2837, lumen dice: 0.9417, wall dice: 0.8554, distal recall: 0.8860
epoch: 109, iter: 2300/3251, distal-aware loss: 0.2837, lumen dice: 0.9416, wall dice: 0.8554, distal recall: 0.8861
epoch: 109, iter: 2310/3251, distal-aware loss: 0.2840, lumen dice: 0.9415, wall dice: 0.8552, distal recall: 0.8858
epoch: 109, iter: 2320/3251, distal-aware loss: 0.2839, lumen dice: 0.9414, wall dice: 0.8552, distal recall: 0.8858
epoch: 109, iter: 2330/3251, distal-aware loss: 0.2840, lumen dice: 0.9415, wall dice: 0.8552, distal recall: 0.8858
epoch: 109, iter: 2340/3251, distal-aware loss: 0.2839, lumen dice: 0.9415, wall dice: 0.8552, distal recall: 0.8858
epoch: 109, iter: 2350/3251, distal-aware loss: 0.2839, lumen dice: 0.9415, wall dice: 0.8552, distal recall: 0.8858
epoch: 109, iter: 2360/3251, distal-aware loss: 0.2839, lumen dice: 0.9415, wall dice: 0.8553, distal recall: 0.8858
epoch: 109, iter: 2370/3251, distal-aware loss: 0.2838, lumen dice: 0.9416, wall dice: 0.8553, distal recall: 0.8859
epoch: 109, iter: 2380/3251, distal-aware loss: 0.2837, lumen dice: 0.9416, wall dice: 0.8554, distal recall: 0.8858
epoch: 109, iter: 2390/3251, distal-aware loss: 0.2836, lumen dice: 0.9416, wall dice: 0.8554, distal recall: 0.8859
epoch: 109, iter: 2400/3251, distal-aware loss: 0.2836, lumen dice: 0.9416, wall dice: 0.8554, distal recall: 0.8859
epoch: 109, iter: 2410/3251, distal-aware loss: 0.2837, lumen dice: 0.9416, wall dice: 0.8553, distal recall: 0.8860
epoch: 109, iter: 2420/3251, distal-aware loss: 0.2837, lumen dice: 0.9416, wall dice: 0.8554, distal recall: 0.8860
epoch: 109, iter: 2430/3251, distal-aware loss: 0.2836, lumen dice: 0.9416, wall dice: 0.8555, distal recall: 0.8860
epoch: 109, iter: 2440/3251, distal-aware loss: 0.2837, lumen dice: 0.9416, wall dice: 0.8554, distal recall: 0.8859
epoch: 109, iter: 2450/3251, distal-aware loss: 0.2836, lumen dice: 0.9416, wall dice: 0.8555, distal recall: 0.8859
epoch: 109, iter: 2460/3251, distal-aware loss: 0.2836, lumen dice: 0.9416, wall dice: 0.8555, distal recall: 0.8859
epoch: 109, iter: 2470/3251, distal-aware loss: 0.2838, lumen dice: 0.9416, wall dice: 0.8554, distal recall: 0.8858
epoch: 109, iter: 2480/3251, distal-aware loss: 0.2837, lumen dice: 0.9416, wall dice: 0.8555, distal recall: 0.8858
epoch: 109, iter: 2490/3251, distal-aware loss: 0.2836, lumen dice: 0.9416, wall dice: 0.8555, distal recall: 0.8859
epoch: 109, iter: 2500/3251, distal-aware loss: 0.2836, lumen dice: 0.9416, wall dice: 0.8555, distal recall: 0.8859
epoch: 109, iter: 2510/3251, distal-aware loss: 0.2836, lumen dice: 0.9417, wall dice: 0.8555, distal recall: 0.8859
epoch: 109, iter: 2520/3251, distal-aware loss: 0.2836, lumen dice: 0.9417, wall dice: 0.8555, distal recall: 0.8859
epoch: 109, iter: 2530/3251, distal-aware loss: 0.2836, lumen dice: 0.9417, wall dice: 0.8555, distal recall: 0.8859
epoch: 109, iter: 2540/3251, distal-aware loss: 0.2837, lumen dice: 0.9416, wall dice: 0.8555, distal recall: 0.8858
epoch: 109, iter: 2550/3251, distal-aware loss: 0.2838, lumen dice: 0.9416, wall dice: 0.8555, distal recall: 0.8858
epoch: 109, iter: 2560/3251, distal-aware loss: 0.2841, lumen dice: 0.9414, wall dice: 0.8553, distal recall: 0.8856
epoch: 109, iter: 2570/3251, distal-aware loss: 0.2841, lumen dice: 0.9414, wall dice: 0.8553, distal recall: 0.8857
epoch: 109, iter: 2580/3251, distal-aware loss: 0.2841, lumen dice: 0.9414, wall dice: 0.8553, distal recall: 0.8857
epoch: 109, iter: 2590/3251, distal-aware loss: 0.2840, lumen dice: 0.9415, wall dice: 0.8554, distal recall: 0.8857
epoch: 109, iter: 2600/3251, distal-aware loss: 0.2841, lumen dice: 0.9414, wall dice: 0.8553, distal recall: 0.8856
epoch: 109, iter: 2610/3251, distal-aware loss: 0.2840, lumen dice: 0.9414, wall dice: 0.8554, distal recall: 0.8855
epoch: 109, iter: 2620/3251, distal-aware loss: 0.2841, lumen dice: 0.9414, wall dice: 0.8553, distal recall: 0.8855
epoch: 109, iter: 2630/3251, distal-aware loss: 0.2839, lumen dice: 0.9415, wall dice: 0.8554, distal recall: 0.8856
epoch: 109, iter: 2640/3251, distal-aware loss: 0.2839, lumen dice: 0.9415, wall dice: 0.8554, distal recall: 0.8856
epoch: 109, iter: 2650/3251, distal-aware loss: 0.2839, lumen dice: 0.9415, wall dice: 0.8555, distal recall: 0.8856
epoch: 109, iter: 2660/3251, distal-aware loss: 0.2839, lumen dice: 0.9415, wall dice: 0.8555, distal recall: 0.8855
epoch: 109, iter: 2670/3251, distal-aware loss: 0.2839, lumen dice: 0.9415, wall dice: 0.8555, distal recall: 0.8856
epoch: 109, iter: 2680/3251, distal-aware loss: 0.2838, lumen dice: 0.9415, wall dice: 0.8555, distal recall: 0.8855
epoch: 109, iter: 2690/3251, distal-aware loss: 0.2840, lumen dice: 0.9413, wall dice: 0.8554, distal recall: 0.8855
epoch: 109, iter: 2700/3251, distal-aware loss: 0.2839, lumen dice: 0.9414, wall dice: 0.8554, distal recall: 0.8855
epoch: 109, iter: 2710/3251, distal-aware loss: 0.2839, lumen dice: 0.9414, wall dice: 0.8554, distal recall: 0.8855
epoch: 109, iter: 2720/3251, distal-aware loss: 0.2839, lumen dice: 0.9414, wall dice: 0.8555, distal recall: 0.8855
epoch: 109, iter: 2730/3251, distal-aware loss: 0.2839, lumen dice: 0.9414, wall dice: 0.8555, distal recall: 0.8855
epoch: 109, iter: 2740/3251, distal-aware loss: 0.2838, lumen dice: 0.9415, wall dice: 0.8555, distal recall: 0.8855
epoch: 109, iter: 2750/3251, distal-aware loss: 0.2837, lumen dice: 0.9415, wall dice: 0.8555, distal recall: 0.8855
epoch: 109, iter: 2760/3251, distal-aware loss: 0.2838, lumen dice: 0.9415, wall dice: 0.8555, distal recall: 0.8855
epoch: 109, iter: 2770/3251, distal-aware loss: 0.2837, lumen dice: 0.9416, wall dice: 0.8555, distal recall: 0.8855
epoch: 109, iter: 2780/3251, distal-aware loss: 0.2836, lumen dice: 0.9416, wall dice: 0.8555, distal recall: 0.8856
epoch: 109, iter: 2790/3251, distal-aware loss: 0.2835, lumen dice: 0.9416, wall dice: 0.8556, distal recall: 0.8856
epoch: 109, iter: 2800/3251, distal-aware loss: 0.2835, lumen dice: 0.9417, wall dice: 0.8556, distal recall: 0.8856
epoch: 109, iter: 2810/3251, distal-aware loss: 0.2835, lumen dice: 0.9417, wall dice: 0.8557, distal recall: 0.8856
epoch: 109, iter: 2820/3251, distal-aware loss: 0.2833, lumen dice: 0.9418, wall dice: 0.8558, distal recall: 0.8856
epoch: 109, iter: 2830/3251, distal-aware loss: 0.2832, lumen dice: 0.9418, wall dice: 0.8558, distal recall: 0.8856
epoch: 109, iter: 2840/3251, distal-aware loss: 0.2832, lumen dice: 0.9418, wall dice: 0.8558, distal recall: 0.8856
epoch: 109, iter: 2850/3251, distal-aware loss: 0.2832, lumen dice: 0.9419, wall dice: 0.8558, distal recall: 0.8857
epoch: 109, iter: 2860/3251, distal-aware loss: 0.2832, lumen dice: 0.9419, wall dice: 0.8559, distal recall: 0.8856
epoch: 109, iter: 2870/3251, distal-aware loss: 0.2833, lumen dice: 0.9420, wall dice: 0.8559, distal recall: 0.8855
epoch: 109, iter: 2880/3251, distal-aware loss: 0.2834, lumen dice: 0.9419, wall dice: 0.8558, distal recall: 0.8854
epoch: 109, iter: 2890/3251, distal-aware loss: 0.2836, lumen dice: 0.9418, wall dice: 0.8557, distal recall: 0.8855
epoch: 109, iter: 2900/3251, distal-aware loss: 0.2837, lumen dice: 0.9417, wall dice: 0.8555, distal recall: 0.8854
epoch: 109, iter: 2910/3251, distal-aware loss: 0.2839, lumen dice: 0.9415, wall dice: 0.8555, distal recall: 0.8853
epoch: 109, iter: 2920/3251, distal-aware loss: 0.2840, lumen dice: 0.9415, wall dice: 0.8553, distal recall: 0.8852
epoch: 109, iter: 2930/3251, distal-aware loss: 0.2841, lumen dice: 0.9414, wall dice: 0.8552, distal recall: 0.8852
epoch: 109, iter: 2940/3251, distal-aware loss: 0.2842, lumen dice: 0.9414, wall dice: 0.8552, distal recall: 0.8851
epoch: 109, iter: 2950/3251, distal-aware loss: 0.2843, lumen dice: 0.9414, wall dice: 0.8551, distal recall: 0.8851
epoch: 109, iter: 2960/3251, distal-aware loss: 0.2842, lumen dice: 0.9414, wall dice: 0.8551, distal recall: 0.8851
epoch: 109, iter: 2970/3251, distal-aware loss: 0.2843, lumen dice: 0.9414, wall dice: 0.8551, distal recall: 0.8852
epoch: 109, iter: 2980/3251, distal-aware loss: 0.2842, lumen dice: 0.9414, wall dice: 0.8551, distal recall: 0.8852
epoch: 109, iter: 2990/3251, distal-aware loss: 0.2843, lumen dice: 0.9414, wall dice: 0.8551, distal recall: 0.8852
epoch: 109, iter: 3000/3251, distal-aware loss: 0.2842, lumen dice: 0.9415, wall dice: 0.8552, distal recall: 0.8852
epoch: 109, iter: 3010/3251, distal-aware loss: 0.2842, lumen dice: 0.9415, wall dice: 0.8552, distal recall: 0.8852
epoch: 109, iter: 3020/3251, distal-aware loss: 0.2841, lumen dice: 0.9415, wall dice: 0.8553, distal recall: 0.8853
epoch: 109, iter: 3030/3251, distal-aware loss: 0.2840, lumen dice: 0.9416, wall dice: 0.8553, distal recall: 0.8853
epoch: 109, iter: 3040/3251, distal-aware loss: 0.2840, lumen dice: 0.9415, wall dice: 0.8553, distal recall: 0.8854
epoch: 109, iter: 3050/3251, distal-aware loss: 0.2840, lumen dice: 0.9415, wall dice: 0.8554, distal recall: 0.8854
epoch: 109, iter: 3060/3251, distal-aware loss: 0.2841, lumen dice: 0.9415, wall dice: 0.8553, distal recall: 0.8853
epoch: 109, iter: 3070/3251, distal-aware loss: 0.2840, lumen dice: 0.9416, wall dice: 0.8554, distal recall: 0.8853
epoch: 109, iter: 3080/3251, distal-aware loss: 0.2840, lumen dice: 0.9415, wall dice: 0.8554, distal recall: 0.8852
epoch: 109, iter: 3090/3251, distal-aware loss: 0.2841, lumen dice: 0.9416, wall dice: 0.8553, distal recall: 0.8852
epoch: 109, iter: 3100/3251, distal-aware loss: 0.2839, lumen dice: 0.9416, wall dice: 0.8554, distal recall: 0.8853
epoch: 109, iter: 3110/3251, distal-aware loss: 0.2840, lumen dice: 0.9416, wall dice: 0.8554, distal recall: 0.8853
epoch: 109, iter: 3120/3251, distal-aware loss: 0.2840, lumen dice: 0.9416, wall dice: 0.8554, distal recall: 0.8852
epoch: 109, iter: 3130/3251, distal-aware loss: 0.2839, lumen dice: 0.9416, wall dice: 0.8554, distal recall: 0.8853
epoch: 109, iter: 3140/3251, distal-aware loss: 0.2840, lumen dice: 0.9416, wall dice: 0.8554, distal recall: 0.8854
epoch: 109, iter: 3150/3251, distal-aware loss: 0.2839, lumen dice: 0.9417, wall dice: 0.8555, distal recall: 0.8853
epoch: 109, iter: 3160/3251, distal-aware loss: 0.2838, lumen dice: 0.9417, wall dice: 0.8555, distal recall: 0.8854
epoch: 109, iter: 3170/3251, distal-aware loss: 0.2838, lumen dice: 0.9417, wall dice: 0.8556, distal recall: 0.8854
epoch: 109, iter: 3180/3251, distal-aware loss: 0.2838, lumen dice: 0.9417, wall dice: 0.8556, distal recall: 0.8854
epoch: 109, iter: 3190/3251, distal-aware loss: 0.2838, lumen dice: 0.9417, wall dice: 0.8556, distal recall: 0.8853
epoch: 109, iter: 3200/3251, distal-aware loss: 0.2838, lumen dice: 0.9417, wall dice: 0.8556, distal recall: 0.8854
epoch: 109, iter: 3210/3251, distal-aware loss: 0.2839, lumen dice: 0.9417, wall dice: 0.8556, distal recall: 0.8853
epoch: 109, iter: 3220/3251, distal-aware loss: 0.2838, lumen dice: 0.9417, wall dice: 0.8556, distal recall: 0.8854
epoch: 109, iter: 3230/3251, distal-aware loss: 0.2838, lumen dice: 0.9418, wall dice: 0.8557, distal recall: 0.8854
epoch: 109, iter: 3240/3251, distal-aware loss: 0.2837, lumen dice: 0.9418, wall dice: 0.8557, distal recall: 0.8854
epoch: 109, iter: 3250/3251, distal-aware loss: 0.2837, lumen dice: 0.9418, wall dice: 0.8558, distal recall: 0.8854
epoch: 109, val distal-aware loss: 0.2893, val lumen dice: 0.9488, val wall dice: 0.8804, val distal recall: 0.9240
starting epoch: 110
epoch: 110, iter: 0/3251, distal-aware loss: 0.2359, lumen dice: 0.9548, wall dice: 0.8817, distal recall: 0.9621
epoch: 110, iter: 10/3251, distal-aware loss: 0.2667, lumen dice: 0.9521, wall dice: 0.8675, distal recall: 0.9007
epoch: 110, iter: 20/3251, distal-aware loss: 0.2681, lumen dice: 0.9443, wall dice: 0.8651, distal recall: 0.8981
epoch: 110, iter: 30/3251, distal-aware loss: 0.2660, lumen dice: 0.9448, wall dice: 0.8611, distal recall: 0.8987
epoch: 110, iter: 40/3251, distal-aware loss: 0.2694, lumen dice: 0.9431, wall dice: 0.8604, distal recall: 0.8988
epoch: 110, iter: 50/3251, distal-aware loss: 0.2678, lumen dice: 0.9462, wall dice: 0.8619, distal recall: 0.9009
epoch: 110, iter: 60/3251, distal-aware loss: 0.2689, lumen dice: 0.9465, wall dice: 0.8620, distal recall: 0.8990
epoch: 110, iter: 70/3251, distal-aware loss: 0.2711, lumen dice: 0.9476, wall dice: 0.8625, distal recall: 0.8941
epoch: 110, iter: 80/3251, distal-aware loss: 0.2686, lumen dice: 0.9490, wall dice: 0.8645, distal recall: 0.8931
epoch: 110, iter: 90/3251, distal-aware loss: 0.2712, lumen dice: 0.9492, wall dice: 0.8638, distal recall: 0.8931
epoch: 110, iter: 100/3251, distal-aware loss: 0.2750, lumen dice: 0.9494, wall dice: 0.8611, distal recall: 0.8903
epoch: 110, iter: 110/3251, distal-aware loss: 0.2733, lumen dice: 0.9494, wall dice: 0.8625, distal recall: 0.8905
epoch: 110, iter: 120/3251, distal-aware loss: 0.2721, lumen dice: 0.9497, wall dice: 0.8634, distal recall: 0.8922
epoch: 110, iter: 130/3251, distal-aware loss: 0.2712, lumen dice: 0.9494, wall dice: 0.8641, distal recall: 0.8931
epoch: 110, iter: 140/3251, distal-aware loss: 0.2720, lumen dice: 0.9495, wall dice: 0.8625, distal recall: 0.8934
epoch: 110, iter: 150/3251, distal-aware loss: 0.2710, lumen dice: 0.9496, wall dice: 0.8633, distal recall: 0.8931
epoch: 110, iter: 160/3251, distal-aware loss: 0.2722, lumen dice: 0.9496, wall dice: 0.8626, distal recall: 0.8926
epoch: 110, iter: 170/3251, distal-aware loss: 0.2730, lumen dice: 0.9496, wall dice: 0.8621, distal recall: 0.8916
epoch: 110, iter: 180/3251, distal-aware loss: 0.2728, lumen dice: 0.9498, wall dice: 0.8623, distal recall: 0.8916
epoch: 110, iter: 190/3251, distal-aware loss: 0.2733, lumen dice: 0.9495, wall dice: 0.8621, distal recall: 0.8916
epoch: 110, iter: 200/3251, distal-aware loss: 0.2741, lumen dice: 0.9493, wall dice: 0.8623, distal recall: 0.8912
epoch: 110, iter: 210/3251, distal-aware loss: 0.2740, lumen dice: 0.9488, wall dice: 0.8626, distal recall: 0.8906
epoch: 110, iter: 220/3251, distal-aware loss: 0.2726, lumen dice: 0.9493, wall dice: 0.8635, distal recall: 0.8913
epoch: 110, iter: 230/3251, distal-aware loss: 0.2727, lumen dice: 0.9491, wall dice: 0.8637, distal recall: 0.8911
epoch: 110, iter: 240/3251, distal-aware loss: 0.2726, lumen dice: 0.9492, wall dice: 0.8640, distal recall: 0.8913
epoch: 110, iter: 250/3251, distal-aware loss: 0.2723, lumen dice: 0.9496, wall dice: 0.8641, distal recall: 0.8914
epoch: 110, iter: 260/3251, distal-aware loss: 0.2724, lumen dice: 0.9498, wall dice: 0.8642, distal recall: 0.8902
epoch: 110, iter: 270/3251, distal-aware loss: 0.2719, lumen dice: 0.9501, wall dice: 0.8646, distal recall: 0.8907
epoch: 110, iter: 280/3251, distal-aware loss: 0.2718, lumen dice: 0.9500, wall dice: 0.8647, distal recall: 0.8908
epoch: 110, iter: 290/3251, distal-aware loss: 0.2723, lumen dice: 0.9499, wall dice: 0.8644, distal recall: 0.8909
epoch: 110, iter: 300/3251, distal-aware loss: 0.2724, lumen dice: 0.9496, wall dice: 0.8640, distal recall: 0.8904
epoch: 110, iter: 310/3251, distal-aware loss: 0.2718, lumen dice: 0.9500, wall dice: 0.8644, distal recall: 0.8903
epoch: 110, iter: 320/3251, distal-aware loss: 0.2717, lumen dice: 0.9499, wall dice: 0.8648, distal recall: 0.8909
epoch: 110, iter: 330/3251, distal-aware loss: 0.2718, lumen dice: 0.9497, wall dice: 0.8649, distal recall: 0.8909
epoch: 110, iter: 340/3251, distal-aware loss: 0.2713, lumen dice: 0.9499, wall dice: 0.8652, distal recall: 0.8910
epoch: 110, iter: 350/3251, distal-aware loss: 0.2708, lumen dice: 0.9501, wall dice: 0.8654, distal recall: 0.8909
epoch: 110, iter: 360/3251, distal-aware loss: 0.2704, lumen dice: 0.9502, wall dice: 0.8655, distal recall: 0.8909
epoch: 110, iter: 370/3251, distal-aware loss: 0.2704, lumen dice: 0.9504, wall dice: 0.8655, distal recall: 0.8910
epoch: 110, iter: 380/3251, distal-aware loss: 0.2708, lumen dice: 0.9500, wall dice: 0.8655, distal recall: 0.8910
epoch: 110, iter: 390/3251, distal-aware loss: 0.2704, lumen dice: 0.9501, wall dice: 0.8658, distal recall: 0.8913
epoch: 110, iter: 400/3251, distal-aware loss: 0.2696, lumen dice: 0.9502, wall dice: 0.8664, distal recall: 0.8919
epoch: 110, iter: 410/3251, distal-aware loss: 0.2694, lumen dice: 0.9503, wall dice: 0.8664, distal recall: 0.8920
epoch: 110, iter: 420/3251, distal-aware loss: 0.2698, lumen dice: 0.9505, wall dice: 0.8660, distal recall: 0.8921
epoch: 110, iter: 430/3251, distal-aware loss: 0.2695, lumen dice: 0.9508, wall dice: 0.8662, distal recall: 0.8915
epoch: 110, iter: 440/3251, distal-aware loss: 0.2698, lumen dice: 0.9504, wall dice: 0.8663, distal recall: 0.8919
epoch: 110, iter: 450/3251, distal-aware loss: 0.2698, lumen dice: 0.9505, wall dice: 0.8664, distal recall: 0.8921
epoch: 110, iter: 460/3251, distal-aware loss: 0.2704, lumen dice: 0.9505, wall dice: 0.8663, distal recall: 0.8918
epoch: 110, iter: 470/3251, distal-aware loss: 0.2705, lumen dice: 0.9504, wall dice: 0.8661, distal recall: 0.8918
epoch: 110, iter: 480/3251, distal-aware loss: 0.2701, lumen dice: 0.9506, wall dice: 0.8665, distal recall: 0.8919
epoch: 110, iter: 490/3251, distal-aware loss: 0.2705, lumen dice: 0.9505, wall dice: 0.8662, distal recall: 0.8918
epoch: 110, iter: 500/3251, distal-aware loss: 0.2703, lumen dice: 0.9505, wall dice: 0.8661, distal recall: 0.8919
epoch: 110, iter: 510/3251, distal-aware loss: 0.2697, lumen dice: 0.9507, wall dice: 0.8664, distal recall: 0.8920
epoch: 110, iter: 520/3251, distal-aware loss: 0.2690, lumen dice: 0.9506, wall dice: 0.8667, distal recall: 0.8925
epoch: 110, iter: 530/3251, distal-aware loss: 0.2692, lumen dice: 0.9502, wall dice: 0.8667, distal recall: 0.8926
epoch: 110, iter: 540/3251, distal-aware loss: 0.2692, lumen dice: 0.9502, wall dice: 0.8668, distal recall: 0.8926
epoch: 110, iter: 550/3251, distal-aware loss: 0.2693, lumen dice: 0.9501, wall dice: 0.8667, distal recall: 0.8918
epoch: 110, iter: 560/3251, distal-aware loss: 0.2692, lumen dice: 0.9501, wall dice: 0.8668, distal recall: 0.8920
epoch: 110, iter: 570/3251, distal-aware loss: 0.2691, lumen dice: 0.9502, wall dice: 0.8670, distal recall: 0.8921
epoch: 110, iter: 580/3251, distal-aware loss: 0.2693, lumen dice: 0.9502, wall dice: 0.8668, distal recall: 0.8918
epoch: 110, iter: 590/3251, distal-aware loss: 0.2695, lumen dice: 0.9502, wall dice: 0.8667, distal recall: 0.8920
epoch: 110, iter: 600/3251, distal-aware loss: 0.2693, lumen dice: 0.9503, wall dice: 0.8668, distal recall: 0.8918
epoch: 110, iter: 610/3251, distal-aware loss: 0.2699, lumen dice: 0.9503, wall dice: 0.8666, distal recall: 0.8915
epoch: 110, iter: 620/3251, distal-aware loss: 0.2701, lumen dice: 0.9502, wall dice: 0.8665, distal recall: 0.8913
epoch: 110, iter: 630/3251, distal-aware loss: 0.2700, lumen dice: 0.9500, wall dice: 0.8666, distal recall: 0.8915
epoch: 110, iter: 640/3251, distal-aware loss: 0.2699, lumen dice: 0.9499, wall dice: 0.8666, distal recall: 0.8914
epoch: 110, iter: 650/3251, distal-aware loss: 0.2702, lumen dice: 0.9500, wall dice: 0.8661, distal recall: 0.8916
epoch: 110, iter: 660/3251, distal-aware loss: 0.2702, lumen dice: 0.9500, wall dice: 0.8661, distal recall: 0.8915
epoch: 110, iter: 670/3251, distal-aware loss: 0.2703, lumen dice: 0.9499, wall dice: 0.8659, distal recall: 0.8912
epoch: 110, iter: 680/3251, distal-aware loss: 0.2705, lumen dice: 0.9498, wall dice: 0.8659, distal recall: 0.8914
epoch: 110, iter: 690/3251, distal-aware loss: 0.2708, lumen dice: 0.9497, wall dice: 0.8657, distal recall: 0.8910
epoch: 110, iter: 700/3251, distal-aware loss: 0.2713, lumen dice: 0.9496, wall dice: 0.8656, distal recall: 0.8908
epoch: 110, iter: 710/3251, distal-aware loss: 0.2707, lumen dice: 0.9498, wall dice: 0.8658, distal recall: 0.8909
epoch: 110, iter: 720/3251, distal-aware loss: 0.2709, lumen dice: 0.9498, wall dice: 0.8657, distal recall: 0.8908
epoch: 110, iter: 730/3251, distal-aware loss: 0.2710, lumen dice: 0.9496, wall dice: 0.8657, distal recall: 0.8908
epoch: 110, iter: 740/3251, distal-aware loss: 0.2711, lumen dice: 0.9497, wall dice: 0.8657, distal recall: 0.8908
epoch: 110, iter: 750/3251, distal-aware loss: 0.2709, lumen dice: 0.9498, wall dice: 0.8658, distal recall: 0.8907
epoch: 110, iter: 760/3251, distal-aware loss: 0.2706, lumen dice: 0.9499, wall dice: 0.8660, distal recall: 0.8908
epoch: 110, iter: 770/3251, distal-aware loss: 0.2711, lumen dice: 0.9497, wall dice: 0.8656, distal recall: 0.8905
epoch: 110, iter: 780/3251, distal-aware loss: 0.2711, lumen dice: 0.9497, wall dice: 0.8657, distal recall: 0.8905
epoch: 110, iter: 790/3251, distal-aware loss: 0.2709, lumen dice: 0.9498, wall dice: 0.8657, distal recall: 0.8906
epoch: 110, iter: 800/3251, distal-aware loss: 0.2707, lumen dice: 0.9499, wall dice: 0.8658, distal recall: 0.8905
epoch: 110, iter: 810/3251, distal-aware loss: 0.2710, lumen dice: 0.9496, wall dice: 0.8655, distal recall: 0.8903
epoch: 110, iter: 820/3251, distal-aware loss: 0.2711, lumen dice: 0.9497, wall dice: 0.8653, distal recall: 0.8901
epoch: 110, iter: 830/3251, distal-aware loss: 0.2712, lumen dice: 0.9497, wall dice: 0.8654, distal recall: 0.8901
epoch: 110, iter: 840/3251, distal-aware loss: 0.2711, lumen dice: 0.9497, wall dice: 0.8655, distal recall: 0.8902
epoch: 110, iter: 850/3251, distal-aware loss: 0.2711, lumen dice: 0.9497, wall dice: 0.8655, distal recall: 0.8903
epoch: 110, iter: 860/3251, distal-aware loss: 0.2712, lumen dice: 0.9497, wall dice: 0.8654, distal recall: 0.8901
epoch: 110, iter: 870/3251, distal-aware loss: 0.2711, lumen dice: 0.9497, wall dice: 0.8654, distal recall: 0.8903
epoch: 110, iter: 880/3251, distal-aware loss: 0.2712, lumen dice: 0.9497, wall dice: 0.8653, distal recall: 0.8902
epoch: 110, iter: 890/3251, distal-aware loss: 0.2713, lumen dice: 0.9495, wall dice: 0.8652, distal recall: 0.8902
epoch: 110, iter: 900/3251, distal-aware loss: 0.2713, lumen dice: 0.9495, wall dice: 0.8652, distal recall: 0.8904
epoch: 110, iter: 910/3251, distal-aware loss: 0.2717, lumen dice: 0.9495, wall dice: 0.8651, distal recall: 0.8902
epoch: 110, iter: 920/3251, distal-aware loss: 0.2717, lumen dice: 0.9494, wall dice: 0.8651, distal recall: 0.8901
epoch: 110, iter: 930/3251, distal-aware loss: 0.2718, lumen dice: 0.9494, wall dice: 0.8649, distal recall: 0.8902
epoch: 110, iter: 940/3251, distal-aware loss: 0.2721, lumen dice: 0.9494, wall dice: 0.8648, distal recall: 0.8901
epoch: 110, iter: 950/3251, distal-aware loss: 0.2721, lumen dice: 0.9493, wall dice: 0.8648, distal recall: 0.8902
epoch: 110, iter: 960/3251, distal-aware loss: 0.2721, lumen dice: 0.9492, wall dice: 0.8648, distal recall: 0.8901
epoch: 110, iter: 970/3251, distal-aware loss: 0.2723, lumen dice: 0.9492, wall dice: 0.8646, distal recall: 0.8900
epoch: 110, iter: 980/3251, distal-aware loss: 0.2722, lumen dice: 0.9490, wall dice: 0.8645, distal recall: 0.8900
epoch: 110, iter: 990/3251, distal-aware loss: 0.2723, lumen dice: 0.9489, wall dice: 0.8645, distal recall: 0.8901
epoch: 110, iter: 1000/3251, distal-aware loss: 0.2724, lumen dice: 0.9489, wall dice: 0.8644, distal recall: 0.8903
epoch: 110, iter: 1010/3251, distal-aware loss: 0.2725, lumen dice: 0.9489, wall dice: 0.8645, distal recall: 0.8904
epoch: 110, iter: 1020/3251, distal-aware loss: 0.2725, lumen dice: 0.9489, wall dice: 0.8645, distal recall: 0.8905
epoch: 110, iter: 1030/3251, distal-aware loss: 0.2727, lumen dice: 0.9488, wall dice: 0.8645, distal recall: 0.8905
epoch: 110, iter: 1040/3251, distal-aware loss: 0.2748, lumen dice: 0.9479, wall dice: 0.8636, distal recall: 0.8893
epoch: 110, iter: 1050/3251, distal-aware loss: 0.2749, lumen dice: 0.9479, wall dice: 0.8635, distal recall: 0.8893
epoch: 110, iter: 1060/3251, distal-aware loss: 0.2752, lumen dice: 0.9477, wall dice: 0.8633, distal recall: 0.8892
epoch: 110, iter: 1070/3251, distal-aware loss: 0.2752, lumen dice: 0.9478, wall dice: 0.8634, distal recall: 0.8893
epoch: 110, iter: 1080/3251, distal-aware loss: 0.2749, lumen dice: 0.9479, wall dice: 0.8635, distal recall: 0.8894
epoch: 110, iter: 1090/3251, distal-aware loss: 0.2750, lumen dice: 0.9478, wall dice: 0.8635, distal recall: 0.8895
epoch: 110, iter: 1100/3251, distal-aware loss: 0.2752, lumen dice: 0.9472, wall dice: 0.8635, distal recall: 0.8897
epoch: 110, iter: 1110/3251, distal-aware loss: 0.2750, lumen dice: 0.9473, wall dice: 0.8634, distal recall: 0.8895
epoch: 110, iter: 1120/3251, distal-aware loss: 0.2749, lumen dice: 0.9474, wall dice: 0.8635, distal recall: 0.8895
epoch: 110, iter: 1130/3251, distal-aware loss: 0.2751, lumen dice: 0.9474, wall dice: 0.8632, distal recall: 0.8894
epoch: 110, iter: 1140/3251, distal-aware loss: 0.2762, lumen dice: 0.9466, wall dice: 0.8626, distal recall: 0.8894
epoch: 110, iter: 1150/3251, distal-aware loss: 0.2763, lumen dice: 0.9466, wall dice: 0.8625, distal recall: 0.8892
epoch: 110, iter: 1160/3251, distal-aware loss: 0.2764, lumen dice: 0.9467, wall dice: 0.8624, distal recall: 0.8891
epoch: 110, iter: 1170/3251, distal-aware loss: 0.2762, lumen dice: 0.9466, wall dice: 0.8625, distal recall: 0.8892
epoch: 110, iter: 1180/3251, distal-aware loss: 0.2763, lumen dice: 0.9465, wall dice: 0.8625, distal recall: 0.8892
epoch: 110, iter: 1190/3251, distal-aware loss: 0.2763, lumen dice: 0.9466, wall dice: 0.8625, distal recall: 0.8892
epoch: 110, iter: 1200/3251, distal-aware loss: 0.2763, lumen dice: 0.9466, wall dice: 0.8625, distal recall: 0.8892
epoch: 110, iter: 1210/3251, distal-aware loss: 0.2761, lumen dice: 0.9466, wall dice: 0.8625, distal recall: 0.8893
epoch: 110, iter: 1220/3251, distal-aware loss: 0.2762, lumen dice: 0.9467, wall dice: 0.8626, distal recall: 0.8892
epoch: 110, iter: 1230/3251, distal-aware loss: 0.2763, lumen dice: 0.9466, wall dice: 0.8625, distal recall: 0.8893
epoch: 110, iter: 1240/3251, distal-aware loss: 0.2763, lumen dice: 0.9466, wall dice: 0.8625, distal recall: 0.8893
epoch: 110, iter: 1250/3251, distal-aware loss: 0.2763, lumen dice: 0.9466, wall dice: 0.8625, distal recall: 0.8892
epoch: 110, iter: 1260/3251, distal-aware loss: 0.2762, lumen dice: 0.9467, wall dice: 0.8626, distal recall: 0.8892
epoch: 110, iter: 1270/3251, distal-aware loss: 0.2763, lumen dice: 0.9464, wall dice: 0.8626, distal recall: 0.8891
epoch: 110, iter: 1280/3251, distal-aware loss: 0.2763, lumen dice: 0.9464, wall dice: 0.8626, distal recall: 0.8889
epoch: 110, iter: 1290/3251, distal-aware loss: 0.2762, lumen dice: 0.9465, wall dice: 0.8627, distal recall: 0.8891
epoch: 110, iter: 1300/3251, distal-aware loss: 0.2762, lumen dice: 0.9465, wall dice: 0.8628, distal recall: 0.8891
epoch: 110, iter: 1310/3251, distal-aware loss: 0.2762, lumen dice: 0.9465, wall dice: 0.8628, distal recall: 0.8890
epoch: 110, iter: 1320/3251, distal-aware loss: 0.2761, lumen dice: 0.9466, wall dice: 0.8629, distal recall: 0.8889
epoch: 110, iter: 1330/3251, distal-aware loss: 0.2760, lumen dice: 0.9466, wall dice: 0.8629, distal recall: 0.8890
epoch: 110, iter: 1340/3251, distal-aware loss: 0.2762, lumen dice: 0.9466, wall dice: 0.8628, distal recall: 0.8888
epoch: 110, iter: 1350/3251, distal-aware loss: 0.2761, lumen dice: 0.9467, wall dice: 0.8629, distal recall: 0.8888
epoch: 110, iter: 1360/3251, distal-aware loss: 0.2762, lumen dice: 0.9467, wall dice: 0.8627, distal recall: 0.8888
epoch: 110, iter: 1370/3251, distal-aware loss: 0.2762, lumen dice: 0.9467, wall dice: 0.8627, distal recall: 0.8889
epoch: 110, iter: 1380/3251, distal-aware loss: 0.2761, lumen dice: 0.9466, wall dice: 0.8628, distal recall: 0.8889
epoch: 110, iter: 1390/3251, distal-aware loss: 0.2760, lumen dice: 0.9467, wall dice: 0.8629, distal recall: 0.8888
epoch: 110, iter: 1400/3251, distal-aware loss: 0.2761, lumen dice: 0.9467, wall dice: 0.8628, distal recall: 0.8887
epoch: 110, iter: 1410/3251, distal-aware loss: 0.2760, lumen dice: 0.9468, wall dice: 0.8630, distal recall: 0.8887
epoch: 110, iter: 1420/3251, distal-aware loss: 0.2760, lumen dice: 0.9468, wall dice: 0.8629, distal recall: 0.8887
epoch: 110, iter: 1430/3251, distal-aware loss: 0.2759, lumen dice: 0.9468, wall dice: 0.8630, distal recall: 0.8887
epoch: 110, iter: 1440/3251, distal-aware loss: 0.2760, lumen dice: 0.9468, wall dice: 0.8631, distal recall: 0.8888
epoch: 110, iter: 1450/3251, distal-aware loss: 0.2760, lumen dice: 0.9468, wall dice: 0.8631, distal recall: 0.8889
epoch: 110, iter: 1460/3251, distal-aware loss: 0.2759, lumen dice: 0.9468, wall dice: 0.8632, distal recall: 0.8890
epoch: 110, iter: 1470/3251, distal-aware loss: 0.2760, lumen dice: 0.9468, wall dice: 0.8632, distal recall: 0.8891
epoch: 110, iter: 1480/3251, distal-aware loss: 0.2762, lumen dice: 0.9466, wall dice: 0.8630, distal recall: 0.8889
epoch: 110, iter: 1490/3251, distal-aware loss: 0.2763, lumen dice: 0.9465, wall dice: 0.8629, distal recall: 0.8888
epoch: 110, iter: 1500/3251, distal-aware loss: 0.2765, lumen dice: 0.9464, wall dice: 0.8628, distal recall: 0.8887
epoch: 110, iter: 1510/3251, distal-aware loss: 0.2765, lumen dice: 0.9464, wall dice: 0.8628, distal recall: 0.8887
epoch: 110, iter: 1520/3251, distal-aware loss: 0.2765, lumen dice: 0.9464, wall dice: 0.8628, distal recall: 0.8886
epoch: 110, iter: 1530/3251, distal-aware loss: 0.2766, lumen dice: 0.9464, wall dice: 0.8627, distal recall: 0.8887
epoch: 110, iter: 1540/3251, distal-aware loss: 0.2765, lumen dice: 0.9465, wall dice: 0.8628, distal recall: 0.8888
epoch: 110, iter: 1550/3251, distal-aware loss: 0.2765, lumen dice: 0.9465, wall dice: 0.8628, distal recall: 0.8888
epoch: 110, iter: 1560/3251, distal-aware loss: 0.2765, lumen dice: 0.9465, wall dice: 0.8628, distal recall: 0.8888
epoch: 110, iter: 1570/3251, distal-aware loss: 0.2764, lumen dice: 0.9466, wall dice: 0.8629, distal recall: 0.8888
epoch: 110, iter: 1580/3251, distal-aware loss: 0.2764, lumen dice: 0.9467, wall dice: 0.8628, distal recall: 0.8889
epoch: 110, iter: 1590/3251, distal-aware loss: 0.2763, lumen dice: 0.9464, wall dice: 0.8629, distal recall: 0.8890
epoch: 110, iter: 1600/3251, distal-aware loss: 0.2763, lumen dice: 0.9464, wall dice: 0.8629, distal recall: 0.8890
epoch: 110, iter: 1610/3251, distal-aware loss: 0.2765, lumen dice: 0.9464, wall dice: 0.8628, distal recall: 0.8889
epoch: 110, iter: 1620/3251, distal-aware loss: 0.2767, lumen dice: 0.9463, wall dice: 0.8626, distal recall: 0.8889
epoch: 110, iter: 1630/3251, distal-aware loss: 0.2769, lumen dice: 0.9463, wall dice: 0.8625, distal recall: 0.8889
epoch: 110, iter: 1640/3251, distal-aware loss: 0.2773, lumen dice: 0.9462, wall dice: 0.8622, distal recall: 0.8887
epoch: 110, iter: 1650/3251, distal-aware loss: 0.2773, lumen dice: 0.9462, wall dice: 0.8623, distal recall: 0.8887
epoch: 110, iter: 1660/3251, distal-aware loss: 0.2775, lumen dice: 0.9460, wall dice: 0.8620, distal recall: 0.8887
epoch: 110, iter: 1670/3251, distal-aware loss: 0.2775, lumen dice: 0.9460, wall dice: 0.8620, distal recall: 0.8887
epoch: 110, iter: 1680/3251, distal-aware loss: 0.2776, lumen dice: 0.9458, wall dice: 0.8620, distal recall: 0.8887
epoch: 110, iter: 1690/3251, distal-aware loss: 0.2776, lumen dice: 0.9458, wall dice: 0.8620, distal recall: 0.8887
epoch: 110, iter: 1700/3251, distal-aware loss: 0.2777, lumen dice: 0.9458, wall dice: 0.8619, distal recall: 0.8887
epoch: 110, iter: 1710/3251, distal-aware loss: 0.2777, lumen dice: 0.9458, wall dice: 0.8618, distal recall: 0.8887
epoch: 110, iter: 1720/3251, distal-aware loss: 0.2776, lumen dice: 0.9459, wall dice: 0.8619, distal recall: 0.8888
epoch: 110, iter: 1730/3251, distal-aware loss: 0.2775, lumen dice: 0.9459, wall dice: 0.8620, distal recall: 0.8889
epoch: 110, iter: 1740/3251, distal-aware loss: 0.2775, lumen dice: 0.9459, wall dice: 0.8619, distal recall: 0.8889
epoch: 110, iter: 1750/3251, distal-aware loss: 0.2774, lumen dice: 0.9460, wall dice: 0.8619, distal recall: 0.8890
epoch: 110, iter: 1760/3251, distal-aware loss: 0.2774, lumen dice: 0.9460, wall dice: 0.8620, distal recall: 0.8890
epoch: 110, iter: 1770/3251, distal-aware loss: 0.2773, lumen dice: 0.9460, wall dice: 0.8620, distal recall: 0.8890
epoch: 110, iter: 1780/3251, distal-aware loss: 0.2773, lumen dice: 0.9458, wall dice: 0.8620, distal recall: 0.8890
epoch: 110, iter: 1790/3251, distal-aware loss: 0.2773, lumen dice: 0.9458, wall dice: 0.8620, distal recall: 0.8891
epoch: 110, iter: 1800/3251, distal-aware loss: 0.2775, lumen dice: 0.9458, wall dice: 0.8618, distal recall: 0.8890
epoch: 110, iter: 1810/3251, distal-aware loss: 0.2773, lumen dice: 0.9458, wall dice: 0.8619, distal recall: 0.8891
epoch: 110, iter: 1820/3251, distal-aware loss: 0.2774, lumen dice: 0.9459, wall dice: 0.8620, distal recall: 0.8892
epoch: 110, iter: 1830/3251, distal-aware loss: 0.2772, lumen dice: 0.9459, wall dice: 0.8621, distal recall: 0.8892
epoch: 110, iter: 1840/3251, distal-aware loss: 0.2772, lumen dice: 0.9459, wall dice: 0.8621, distal recall: 0.8893
epoch: 110, iter: 1850/3251, distal-aware loss: 0.2773, lumen dice: 0.9459, wall dice: 0.8620, distal recall: 0.8892
epoch: 110, iter: 1860/3251, distal-aware loss: 0.2774, lumen dice: 0.9458, wall dice: 0.8620, distal recall: 0.8892
epoch: 110, iter: 1870/3251, distal-aware loss: 0.2774, lumen dice: 0.9459, wall dice: 0.8621, distal recall: 0.8892
epoch: 110, iter: 1880/3251, distal-aware loss: 0.2774, lumen dice: 0.9459, wall dice: 0.8620, distal recall: 0.8891
epoch: 110, iter: 1890/3251, distal-aware loss: 0.2775, lumen dice: 0.9458, wall dice: 0.8620, distal recall: 0.8891
epoch: 110, iter: 1900/3251, distal-aware loss: 0.2775, lumen dice: 0.9458, wall dice: 0.8620, distal recall: 0.8891
epoch: 110, iter: 1910/3251, distal-aware loss: 0.2774, lumen dice: 0.9459, wall dice: 0.8620, distal recall: 0.8891
epoch: 110, iter: 1920/3251, distal-aware loss: 0.2775, lumen dice: 0.9459, wall dice: 0.8620, distal recall: 0.8891
epoch: 110, iter: 1930/3251, distal-aware loss: 0.2775, lumen dice: 0.9459, wall dice: 0.8619, distal recall: 0.8891
epoch: 110, iter: 1940/3251, distal-aware loss: 0.2775, lumen dice: 0.9459, wall dice: 0.8618, distal recall: 0.8890
epoch: 110, iter: 1950/3251, distal-aware loss: 0.2777, lumen dice: 0.9458, wall dice: 0.8616, distal recall: 0.8889
epoch: 110, iter: 1960/3251, distal-aware loss: 0.2776, lumen dice: 0.9458, wall dice: 0.8617, distal recall: 0.8890
epoch: 110, iter: 1970/3251, distal-aware loss: 0.2775, lumen dice: 0.9459, wall dice: 0.8617, distal recall: 0.8891
epoch: 110, iter: 1980/3251, distal-aware loss: 0.2778, lumen dice: 0.9458, wall dice: 0.8615, distal recall: 0.8890
epoch: 110, iter: 1990/3251, distal-aware loss: 0.2778, lumen dice: 0.9458, wall dice: 0.8614, distal recall: 0.8890
epoch: 110, iter: 2000/3251, distal-aware loss: 0.2778, lumen dice: 0.9458, wall dice: 0.8615, distal recall: 0.8890
epoch: 110, iter: 2010/3251, distal-aware loss: 0.2778, lumen dice: 0.9458, wall dice: 0.8614, distal recall: 0.8890
epoch: 110, iter: 2020/3251, distal-aware loss: 0.2777, lumen dice: 0.9459, wall dice: 0.8615, distal recall: 0.8890
epoch: 110, iter: 2030/3251, distal-aware loss: 0.2776, lumen dice: 0.9459, wall dice: 0.8615, distal recall: 0.8891
epoch: 110, iter: 2040/3251, distal-aware loss: 0.2777, lumen dice: 0.9459, wall dice: 0.8614, distal recall: 0.8891
epoch: 110, iter: 2050/3251, distal-aware loss: 0.2776, lumen dice: 0.9459, wall dice: 0.8614, distal recall: 0.8890
epoch: 110, iter: 2060/3251, distal-aware loss: 0.2775, lumen dice: 0.9459, wall dice: 0.8614, distal recall: 0.8891
epoch: 110, iter: 2070/3251, distal-aware loss: 0.2775, lumen dice: 0.9460, wall dice: 0.8614, distal recall: 0.8890
epoch: 110, iter: 2080/3251, distal-aware loss: 0.2776, lumen dice: 0.9460, wall dice: 0.8614, distal recall: 0.8891
epoch: 110, iter: 2090/3251, distal-aware loss: 0.2777, lumen dice: 0.9460, wall dice: 0.8612, distal recall: 0.8891
epoch: 110, iter: 2100/3251, distal-aware loss: 0.2778, lumen dice: 0.9460, wall dice: 0.8612, distal recall: 0.8891
epoch: 110, iter: 2110/3251, distal-aware loss: 0.2778, lumen dice: 0.9460, wall dice: 0.8612, distal recall: 0.8891
epoch: 110, iter: 2120/3251, distal-aware loss: 0.2778, lumen dice: 0.9461, wall dice: 0.8612, distal recall: 0.8891
epoch: 110, iter: 2130/3251, distal-aware loss: 0.2777, lumen dice: 0.9461, wall dice: 0.8613, distal recall: 0.8891
epoch: 110, iter: 2140/3251, distal-aware loss: 0.2779, lumen dice: 0.9461, wall dice: 0.8612, distal recall: 0.8890
epoch: 110, iter: 2150/3251, distal-aware loss: 0.2779, lumen dice: 0.9461, wall dice: 0.8611, distal recall: 0.8890
epoch: 110, iter: 2160/3251, distal-aware loss: 0.2778, lumen dice: 0.9461, wall dice: 0.8612, distal recall: 0.8890
epoch: 110, iter: 2170/3251, distal-aware loss: 0.2778, lumen dice: 0.9462, wall dice: 0.8612, distal recall: 0.8890
epoch: 110, iter: 2180/3251, distal-aware loss: 0.2779, lumen dice: 0.9460, wall dice: 0.8612, distal recall: 0.8889
epoch: 110, iter: 2190/3251, distal-aware loss: 0.2780, lumen dice: 0.9460, wall dice: 0.8611, distal recall: 0.8889
epoch: 110, iter: 2200/3251, distal-aware loss: 0.2779, lumen dice: 0.9461, wall dice: 0.8612, distal recall: 0.8889
epoch: 110, iter: 2210/3251, distal-aware loss: 0.2781, lumen dice: 0.9460, wall dice: 0.8611, distal recall: 0.8888
epoch: 110, iter: 2220/3251, distal-aware loss: 0.2781, lumen dice: 0.9461, wall dice: 0.8611, distal recall: 0.8888
epoch: 110, iter: 2230/3251, distal-aware loss: 0.2781, lumen dice: 0.9461, wall dice: 0.8612, distal recall: 0.8888
epoch: 110, iter: 2240/3251, distal-aware loss: 0.2780, lumen dice: 0.9461, wall dice: 0.8612, distal recall: 0.8889
epoch: 110, iter: 2250/3251, distal-aware loss: 0.2781, lumen dice: 0.9461, wall dice: 0.8611, distal recall: 0.8887
epoch: 110, iter: 2260/3251, distal-aware loss: 0.2780, lumen dice: 0.9461, wall dice: 0.8610, distal recall: 0.8888
epoch: 110, iter: 2270/3251, distal-aware loss: 0.2781, lumen dice: 0.9461, wall dice: 0.8610, distal recall: 0.8887
epoch: 110, iter: 2280/3251, distal-aware loss: 0.2780, lumen dice: 0.9461, wall dice: 0.8611, distal recall: 0.8889
epoch: 110, iter: 2290/3251, distal-aware loss: 0.2779, lumen dice: 0.9461, wall dice: 0.8611, distal recall: 0.8888
epoch: 110, iter: 2300/3251, distal-aware loss: 0.2780, lumen dice: 0.9461, wall dice: 0.8610, distal recall: 0.8888
epoch: 110, iter: 2310/3251, distal-aware loss: 0.2779, lumen dice: 0.9460, wall dice: 0.8610, distal recall: 0.8888
epoch: 110, iter: 2320/3251, distal-aware loss: 0.2779, lumen dice: 0.9460, wall dice: 0.8610, distal recall: 0.8888
epoch: 110, iter: 2330/3251, distal-aware loss: 0.2780, lumen dice: 0.9460, wall dice: 0.8610, distal recall: 0.8889
epoch: 110, iter: 2340/3251, distal-aware loss: 0.2779, lumen dice: 0.9460, wall dice: 0.8611, distal recall: 0.8890
epoch: 110, iter: 2350/3251, distal-aware loss: 0.2779, lumen dice: 0.9460, wall dice: 0.8611, distal recall: 0.8889
epoch: 110, iter: 2360/3251, distal-aware loss: 0.2778, lumen dice: 0.9460, wall dice: 0.8611, distal recall: 0.8889
epoch: 110, iter: 2370/3251, distal-aware loss: 0.2777, lumen dice: 0.9461, wall dice: 0.8612, distal recall: 0.8889
epoch: 110, iter: 2380/3251, distal-aware loss: 0.2782, lumen dice: 0.9456, wall dice: 0.8610, distal recall: 0.8887
epoch: 110, iter: 2390/3251, distal-aware loss: 0.2783, lumen dice: 0.9456, wall dice: 0.8609, distal recall: 0.8887
epoch: 110, iter: 2400/3251, distal-aware loss: 0.2782, lumen dice: 0.9456, wall dice: 0.8609, distal recall: 0.8888
epoch: 110, iter: 2410/3251, distal-aware loss: 0.2781, lumen dice: 0.9457, wall dice: 0.8610, distal recall: 0.8888
epoch: 110, iter: 2420/3251, distal-aware loss: 0.2780, lumen dice: 0.9457, wall dice: 0.8609, distal recall: 0.8889
epoch: 110, iter: 2430/3251, distal-aware loss: 0.2781, lumen dice: 0.9457, wall dice: 0.8608, distal recall: 0.8889
epoch: 110, iter: 2440/3251, distal-aware loss: 0.2781, lumen dice: 0.9457, wall dice: 0.8608, distal recall: 0.8888
epoch: 110, iter: 2450/3251, distal-aware loss: 0.2782, lumen dice: 0.9457, wall dice: 0.8609, distal recall: 0.8888
epoch: 110, iter: 2460/3251, distal-aware loss: 0.2781, lumen dice: 0.9457, wall dice: 0.8609, distal recall: 0.8889
epoch: 110, iter: 2470/3251, distal-aware loss: 0.2781, lumen dice: 0.9457, wall dice: 0.8609, distal recall: 0.8888
epoch: 110, iter: 2480/3251, distal-aware loss: 0.2780, lumen dice: 0.9457, wall dice: 0.8610, distal recall: 0.8889
epoch: 110, iter: 2490/3251, distal-aware loss: 0.2779, lumen dice: 0.9458, wall dice: 0.8611, distal recall: 0.8889
epoch: 110, iter: 2500/3251, distal-aware loss: 0.2779, lumen dice: 0.9458, wall dice: 0.8611, distal recall: 0.8889
epoch: 110, iter: 2510/3251, distal-aware loss: 0.2780, lumen dice: 0.9458, wall dice: 0.8611, distal recall: 0.8890
epoch: 110, iter: 2520/3251, distal-aware loss: 0.2780, lumen dice: 0.9457, wall dice: 0.8611, distal recall: 0.8890
epoch: 110, iter: 2530/3251, distal-aware loss: 0.2779, lumen dice: 0.9458, wall dice: 0.8611, distal recall: 0.8890
epoch: 110, iter: 2540/3251, distal-aware loss: 0.2779, lumen dice: 0.9458, wall dice: 0.8611, distal recall: 0.8890
epoch: 110, iter: 2550/3251, distal-aware loss: 0.2779, lumen dice: 0.9458, wall dice: 0.8612, distal recall: 0.8890
epoch: 110, iter: 2560/3251, distal-aware loss: 0.2778, lumen dice: 0.9458, wall dice: 0.8612, distal recall: 0.8889
epoch: 110, iter: 2570/3251, distal-aware loss: 0.2778, lumen dice: 0.9458, wall dice: 0.8612, distal recall: 0.8889
epoch: 110, iter: 2580/3251, distal-aware loss: 0.2778, lumen dice: 0.9458, wall dice: 0.8612, distal recall: 0.8889
epoch: 110, iter: 2590/3251, distal-aware loss: 0.2776, lumen dice: 0.9458, wall dice: 0.8612, distal recall: 0.8889
epoch: 110, iter: 2600/3251, distal-aware loss: 0.2776, lumen dice: 0.9459, wall dice: 0.8613, distal recall: 0.8890
epoch: 110, iter: 2610/3251, distal-aware loss: 0.2775, lumen dice: 0.9459, wall dice: 0.8613, distal recall: 0.8890
epoch: 110, iter: 2620/3251, distal-aware loss: 0.2776, lumen dice: 0.9458, wall dice: 0.8613, distal recall: 0.8888
epoch: 110, iter: 2630/3251, distal-aware loss: 0.2777, lumen dice: 0.9458, wall dice: 0.8612, distal recall: 0.8888
epoch: 110, iter: 2640/3251, distal-aware loss: 0.2777, lumen dice: 0.9458, wall dice: 0.8612, distal recall: 0.8888
epoch: 110, iter: 2650/3251, distal-aware loss: 0.2777, lumen dice: 0.9458, wall dice: 0.8612, distal recall: 0.8888
epoch: 110, iter: 2660/3251, distal-aware loss: 0.2775, lumen dice: 0.9458, wall dice: 0.8613, distal recall: 0.8889
epoch: 110, iter: 2670/3251, distal-aware loss: 0.2776, lumen dice: 0.9458, wall dice: 0.8611, distal recall: 0.8888
epoch: 110, iter: 2680/3251, distal-aware loss: 0.2776, lumen dice: 0.9459, wall dice: 0.8611, distal recall: 0.8888
epoch: 110, iter: 2690/3251, distal-aware loss: 0.2775, lumen dice: 0.9459, wall dice: 0.8612, distal recall: 0.8889
epoch: 110, iter: 2700/3251, distal-aware loss: 0.2776, lumen dice: 0.9459, wall dice: 0.8612, distal recall: 0.8889
epoch: 110, iter: 2710/3251, distal-aware loss: 0.2776, lumen dice: 0.9459, wall dice: 0.8612, distal recall: 0.8889
epoch: 110, iter: 2720/3251, distal-aware loss: 0.2777, lumen dice: 0.9459, wall dice: 0.8612, distal recall: 0.8889
epoch: 110, iter: 2730/3251, distal-aware loss: 0.2776, lumen dice: 0.9459, wall dice: 0.8612, distal recall: 0.8889
epoch: 110, iter: 2740/3251, distal-aware loss: 0.2777, lumen dice: 0.9459, wall dice: 0.8612, distal recall: 0.8889
epoch: 110, iter: 2750/3251, distal-aware loss: 0.2777, lumen dice: 0.9459, wall dice: 0.8612, distal recall: 0.8889
epoch: 110, iter: 2760/3251, distal-aware loss: 0.2777, lumen dice: 0.9459, wall dice: 0.8612, distal recall: 0.8889
epoch: 110, iter: 2770/3251, distal-aware loss: 0.2776, lumen dice: 0.9460, wall dice: 0.8613, distal recall: 0.8889
epoch: 110, iter: 2780/3251, distal-aware loss: 0.2776, lumen dice: 0.9460, wall dice: 0.8613, distal recall: 0.8889
epoch: 110, iter: 2790/3251, distal-aware loss: 0.2776, lumen dice: 0.9460, wall dice: 0.8613, distal recall: 0.8890
epoch: 110, iter: 2800/3251, distal-aware loss: 0.2776, lumen dice: 0.9460, wall dice: 0.8613, distal recall: 0.8889
epoch: 110, iter: 2810/3251, distal-aware loss: 0.2775, lumen dice: 0.9460, wall dice: 0.8613, distal recall: 0.8890
epoch: 110, iter: 2820/3251, distal-aware loss: 0.2775, lumen dice: 0.9460, wall dice: 0.8613, distal recall: 0.8890
epoch: 110, iter: 2830/3251, distal-aware loss: 0.2776, lumen dice: 0.9460, wall dice: 0.8613, distal recall: 0.8889
epoch: 110, iter: 2840/3251, distal-aware loss: 0.2775, lumen dice: 0.9460, wall dice: 0.8614, distal recall: 0.8889
epoch: 110, iter: 2850/3251, distal-aware loss: 0.2775, lumen dice: 0.9460, wall dice: 0.8614, distal recall: 0.8890
epoch: 110, iter: 2860/3251, distal-aware loss: 0.2775, lumen dice: 0.9460, wall dice: 0.8614, distal recall: 0.8890
epoch: 110, iter: 2870/3251, distal-aware loss: 0.2775, lumen dice: 0.9460, wall dice: 0.8614, distal recall: 0.8891
epoch: 110, iter: 2880/3251, distal-aware loss: 0.2775, lumen dice: 0.9461, wall dice: 0.8614, distal recall: 0.8891
epoch: 110, iter: 2890/3251, distal-aware loss: 0.2774, lumen dice: 0.9461, wall dice: 0.8614, distal recall: 0.8891
epoch: 110, iter: 2900/3251, distal-aware loss: 0.2773, lumen dice: 0.9461, wall dice: 0.8615, distal recall: 0.8891
epoch: 110, iter: 2910/3251, distal-aware loss: 0.2772, lumen dice: 0.9462, wall dice: 0.8615, distal recall: 0.8891
epoch: 110, iter: 2920/3251, distal-aware loss: 0.2772, lumen dice: 0.9461, wall dice: 0.8615, distal recall: 0.8892
epoch: 110, iter: 2930/3251, distal-aware loss: 0.2773, lumen dice: 0.9461, wall dice: 0.8615, distal recall: 0.8892
epoch: 110, iter: 2940/3251, distal-aware loss: 0.2772, lumen dice: 0.9461, wall dice: 0.8615, distal recall: 0.8892
epoch: 110, iter: 2950/3251, distal-aware loss: 0.2773, lumen dice: 0.9461, wall dice: 0.8614, distal recall: 0.8891
epoch: 110, iter: 2960/3251, distal-aware loss: 0.2773, lumen dice: 0.9461, wall dice: 0.8614, distal recall: 0.8890
epoch: 110, iter: 2970/3251, distal-aware loss: 0.2774, lumen dice: 0.9460, wall dice: 0.8613, distal recall: 0.8890
epoch: 110, iter: 2980/3251, distal-aware loss: 0.2775, lumen dice: 0.9460, wall dice: 0.8613, distal recall: 0.8889
epoch: 110, iter: 2990/3251, distal-aware loss: 0.2775, lumen dice: 0.9461, wall dice: 0.8613, distal recall: 0.8889
epoch: 110, iter: 3000/3251, distal-aware loss: 0.2776, lumen dice: 0.9460, wall dice: 0.8612, distal recall: 0.8889
epoch: 110, iter: 3010/3251, distal-aware loss: 0.2777, lumen dice: 0.9460, wall dice: 0.8611, distal recall: 0.8889
epoch: 110, iter: 3020/3251, distal-aware loss: 0.2775, lumen dice: 0.9460, wall dice: 0.8612, distal recall: 0.8889
epoch: 110, iter: 3030/3251, distal-aware loss: 0.2775, lumen dice: 0.9460, wall dice: 0.8611, distal recall: 0.8889
epoch: 110, iter: 3040/3251, distal-aware loss: 0.2775, lumen dice: 0.9460, wall dice: 0.8612, distal recall: 0.8889
epoch: 110, iter: 3050/3251, distal-aware loss: 0.2774, lumen dice: 0.9460, wall dice: 0.8612, distal recall: 0.8889
epoch: 110, iter: 3060/3251, distal-aware loss: 0.2775, lumen dice: 0.9461, wall dice: 0.8611, distal recall: 0.8888
epoch: 110, iter: 3070/3251, distal-aware loss: 0.2775, lumen dice: 0.9460, wall dice: 0.8611, distal recall: 0.8888
epoch: 110, iter: 3080/3251, distal-aware loss: 0.2775, lumen dice: 0.9460, wall dice: 0.8611, distal recall: 0.8888
epoch: 110, iter: 3090/3251, distal-aware loss: 0.2775, lumen dice: 0.9460, wall dice: 0.8611, distal recall: 0.8888
epoch: 110, iter: 3100/3251, distal-aware loss: 0.2775, lumen dice: 0.9460, wall dice: 0.8611, distal recall: 0.8889
epoch: 110, iter: 3110/3251, distal-aware loss: 0.2776, lumen dice: 0.9460, wall dice: 0.8611, distal recall: 0.8888
epoch: 110, iter: 3120/3251, distal-aware loss: 0.2776, lumen dice: 0.9460, wall dice: 0.8611, distal recall: 0.8888
epoch: 110, iter: 3130/3251, distal-aware loss: 0.2776, lumen dice: 0.9459, wall dice: 0.8611, distal recall: 0.8888
epoch: 110, iter: 3140/3251, distal-aware loss: 0.2776, lumen dice: 0.9460, wall dice: 0.8611, distal recall: 0.8887
epoch: 110, iter: 3150/3251, distal-aware loss: 0.2776, lumen dice: 0.9459, wall dice: 0.8611, distal recall: 0.8887
epoch: 110, iter: 3160/3251, distal-aware loss: 0.2776, lumen dice: 0.9460, wall dice: 0.8611, distal recall: 0.8887
epoch: 110, iter: 3170/3251, distal-aware loss: 0.2776, lumen dice: 0.9460, wall dice: 0.8611, distal recall: 0.8887
epoch: 110, iter: 3180/3251, distal-aware loss: 0.2776, lumen dice: 0.9460, wall dice: 0.8611, distal recall: 0.8887
epoch: 110, iter: 3190/3251, distal-aware loss: 0.2776, lumen dice: 0.9460, wall dice: 0.8612, distal recall: 0.8888
epoch: 110, iter: 3200/3251, distal-aware loss: 0.2777, lumen dice: 0.9460, wall dice: 0.8611, distal recall: 0.8887
epoch: 110, iter: 3210/3251, distal-aware loss: 0.2777, lumen dice: 0.9460, wall dice: 0.8611, distal recall: 0.8887
epoch: 110, iter: 3220/3251, distal-aware loss: 0.2777, lumen dice: 0.9460, wall dice: 0.8611, distal recall: 0.8887
epoch: 110, iter: 3230/3251, distal-aware loss: 0.2777, lumen dice: 0.9460, wall dice: 0.8611, distal recall: 0.8887
epoch: 110, iter: 3240/3251, distal-aware loss: 0.2776, lumen dice: 0.9460, wall dice: 0.8611, distal recall: 0.8888
epoch: 110, iter: 3250/3251, distal-aware loss: 0.2776, lumen dice: 0.9460, wall dice: 0.8611, distal recall: 0.8888
epoch: 110, val distal-aware loss: 0.2982, val lumen dice: 0.9496, val wall dice: 0.8796, val distal recall: 0.8998
starting epoch: 111
epoch: 111, iter: 0/3251, distal-aware loss: 0.3269, lumen dice: 0.9503, wall dice: 0.8628, distal recall: 0.9057
epoch: 111, iter: 10/3251, distal-aware loss: 0.2715, lumen dice: 0.9590, wall dice: 0.8640, distal recall: 0.8852
epoch: 111, iter: 20/3251, distal-aware loss: 0.2672, lumen dice: 0.9547, wall dice: 0.8586, distal recall: 0.8944
epoch: 111, iter: 30/3251, distal-aware loss: 0.2747, lumen dice: 0.9492, wall dice: 0.8551, distal recall: 0.8954
epoch: 111, iter: 40/3251, distal-aware loss: 0.2671, lumen dice: 0.9522, wall dice: 0.8633, distal recall: 0.8976
epoch: 111, iter: 50/3251, distal-aware loss: 0.2660, lumen dice: 0.9527, wall dice: 0.8640, distal recall: 0.8977
epoch: 111, iter: 60/3251, distal-aware loss: 0.2673, lumen dice: 0.9520, wall dice: 0.8649, distal recall: 0.8986
epoch: 111, iter: 70/3251, distal-aware loss: 0.2712, lumen dice: 0.9481, wall dice: 0.8645, distal recall: 0.8952
epoch: 111, iter: 80/3251, distal-aware loss: 0.2681, lumen dice: 0.9495, wall dice: 0.8662, distal recall: 0.8957
epoch: 111, iter: 90/3251, distal-aware loss: 0.2705, lumen dice: 0.9497, wall dice: 0.8652, distal recall: 0.8939
epoch: 111, iter: 100/3251, distal-aware loss: 0.2695, lumen dice: 0.9499, wall dice: 0.8654, distal recall: 0.8941
epoch: 111, iter: 110/3251, distal-aware loss: 0.2700, lumen dice: 0.9501, wall dice: 0.8661, distal recall: 0.8951
epoch: 111, iter: 120/3251, distal-aware loss: 0.2705, lumen dice: 0.9501, wall dice: 0.8653, distal recall: 0.8946
epoch: 111, iter: 130/3251, distal-aware loss: 0.2738, lumen dice: 0.9499, wall dice: 0.8604, distal recall: 0.8917
epoch: 111, iter: 140/3251, distal-aware loss: 0.2774, lumen dice: 0.9490, wall dice: 0.8596, distal recall: 0.8902
epoch: 111, iter: 150/3251, distal-aware loss: 0.2756, lumen dice: 0.9492, wall dice: 0.8605, distal recall: 0.8915
epoch: 111, iter: 160/3251, distal-aware loss: 0.2753, lumen dice: 0.9491, wall dice: 0.8597, distal recall: 0.8913
epoch: 111, iter: 170/3251, distal-aware loss: 0.2742, lumen dice: 0.9496, wall dice: 0.8606, distal recall: 0.8913
epoch: 111, iter: 180/3251, distal-aware loss: 0.2725, lumen dice: 0.9500, wall dice: 0.8618, distal recall: 0.8925
epoch: 111, iter: 190/3251, distal-aware loss: 0.2729, lumen dice: 0.9499, wall dice: 0.8618, distal recall: 0.8920
epoch: 111, iter: 200/3251, distal-aware loss: 0.2714, lumen dice: 0.9505, wall dice: 0.8630, distal recall: 0.8921
epoch: 111, iter: 210/3251, distal-aware loss: 0.2711, lumen dice: 0.9504, wall dice: 0.8635, distal recall: 0.8926
epoch: 111, iter: 220/3251, distal-aware loss: 0.2719, lumen dice: 0.9504, wall dice: 0.8635, distal recall: 0.8923
epoch: 111, iter: 230/3251, distal-aware loss: 0.2728, lumen dice: 0.9499, wall dice: 0.8630, distal recall: 0.8918
epoch: 111, iter: 240/3251, distal-aware loss: 0.2719, lumen dice: 0.9503, wall dice: 0.8636, distal recall: 0.8920
epoch: 111, iter: 250/3251, distal-aware loss: 0.2720, lumen dice: 0.9500, wall dice: 0.8636, distal recall: 0.8921
epoch: 111, iter: 260/3251, distal-aware loss: 0.2708, lumen dice: 0.9504, wall dice: 0.8641, distal recall: 0.8927
epoch: 111, iter: 270/3251, distal-aware loss: 0.2709, lumen dice: 0.9506, wall dice: 0.8643, distal recall: 0.8919
epoch: 111, iter: 280/3251, distal-aware loss: 0.2698, lumen dice: 0.9509, wall dice: 0.8648, distal recall: 0.8927
epoch: 111, iter: 290/3251, distal-aware loss: 0.2701, lumen dice: 0.9508, wall dice: 0.8647, distal recall: 0.8923
epoch: 111, iter: 300/3251, distal-aware loss: 0.2701, lumen dice: 0.9509, wall dice: 0.8649, distal recall: 0.8920
epoch: 111, iter: 310/3251, distal-aware loss: 0.2706, lumen dice: 0.9506, wall dice: 0.8643, distal recall: 0.8918
epoch: 111, iter: 320/3251, distal-aware loss: 0.2712, lumen dice: 0.9507, wall dice: 0.8642, distal recall: 0.8911
epoch: 111, iter: 330/3251, distal-aware loss: 0.2721, lumen dice: 0.9498, wall dice: 0.8639, distal recall: 0.8913
epoch: 111, iter: 340/3251, distal-aware loss: 0.2728, lumen dice: 0.9498, wall dice: 0.8636, distal recall: 0.8902
epoch: 111, iter: 350/3251, distal-aware loss: 0.2729, lumen dice: 0.9498, wall dice: 0.8638, distal recall: 0.8904
epoch: 111, iter: 360/3251, distal-aware loss: 0.2739, lumen dice: 0.9498, wall dice: 0.8630, distal recall: 0.8899
epoch: 111, iter: 370/3251, distal-aware loss: 0.2752, lumen dice: 0.9495, wall dice: 0.8625, distal recall: 0.8890
epoch: 111, iter: 380/3251, distal-aware loss: 0.2750, lumen dice: 0.9494, wall dice: 0.8629, distal recall: 0.8894
epoch: 111, iter: 390/3251, distal-aware loss: 0.2746, lumen dice: 0.9496, wall dice: 0.8631, distal recall: 0.8897
epoch: 111, iter: 400/3251, distal-aware loss: 0.2745, lumen dice: 0.9495, wall dice: 0.8632, distal recall: 0.8898
epoch: 111, iter: 410/3251, distal-aware loss: 0.2749, lumen dice: 0.9495, wall dice: 0.8632, distal recall: 0.8899
epoch: 111, iter: 420/3251, distal-aware loss: 0.2764, lumen dice: 0.9485, wall dice: 0.8621, distal recall: 0.8883
epoch: 111, iter: 430/3251, distal-aware loss: 0.2765, lumen dice: 0.9476, wall dice: 0.8620, distal recall: 0.8884
epoch: 111, iter: 440/3251, distal-aware loss: 0.2769, lumen dice: 0.9474, wall dice: 0.8617, distal recall: 0.8887
epoch: 111, iter: 450/3251, distal-aware loss: 0.2777, lumen dice: 0.9469, wall dice: 0.8613, distal recall: 0.8886
epoch: 111, iter: 460/3251, distal-aware loss: 0.2778, lumen dice: 0.9471, wall dice: 0.8612, distal recall: 0.8884
epoch: 111, iter: 470/3251, distal-aware loss: 0.2782, lumen dice: 0.9466, wall dice: 0.8603, distal recall: 0.8880
epoch: 111, iter: 480/3251, distal-aware loss: 0.2782, lumen dice: 0.9465, wall dice: 0.8604, distal recall: 0.8884
epoch: 111, iter: 490/3251, distal-aware loss: 0.2781, lumen dice: 0.9463, wall dice: 0.8604, distal recall: 0.8888
epoch: 111, iter: 500/3251, distal-aware loss: 0.2778, lumen dice: 0.9464, wall dice: 0.8607, distal recall: 0.8887
epoch: 111, iter: 510/3251, distal-aware loss: 0.2782, lumen dice: 0.9463, wall dice: 0.8597, distal recall: 0.8885
epoch: 111, iter: 520/3251, distal-aware loss: 0.2783, lumen dice: 0.9463, wall dice: 0.8596, distal recall: 0.8887
epoch: 111, iter: 530/3251, distal-aware loss: 0.2781, lumen dice: 0.9463, wall dice: 0.8596, distal recall: 0.8884
epoch: 111, iter: 540/3251, distal-aware loss: 0.2787, lumen dice: 0.9461, wall dice: 0.8593, distal recall: 0.8885
epoch: 111, iter: 550/3251, distal-aware loss: 0.2786, lumen dice: 0.9462, wall dice: 0.8594, distal recall: 0.8886
epoch: 111, iter: 560/3251, distal-aware loss: 0.2789, lumen dice: 0.9460, wall dice: 0.8592, distal recall: 0.8886
epoch: 111, iter: 570/3251, distal-aware loss: 0.2791, lumen dice: 0.9461, wall dice: 0.8591, distal recall: 0.8881
epoch: 111, iter: 580/3251, distal-aware loss: 0.2792, lumen dice: 0.9456, wall dice: 0.8592, distal recall: 0.8882
epoch: 111, iter: 590/3251, distal-aware loss: 0.2792, lumen dice: 0.9457, wall dice: 0.8590, distal recall: 0.8883
epoch: 111, iter: 600/3251, distal-aware loss: 0.2797, lumen dice: 0.9457, wall dice: 0.8587, distal recall: 0.8882
epoch: 111, iter: 610/3251, distal-aware loss: 0.2793, lumen dice: 0.9459, wall dice: 0.8589, distal recall: 0.8885
epoch: 111, iter: 620/3251, distal-aware loss: 0.2796, lumen dice: 0.9459, wall dice: 0.8587, distal recall: 0.8883
epoch: 111, iter: 630/3251, distal-aware loss: 0.2794, lumen dice: 0.9459, wall dice: 0.8589, distal recall: 0.8884
epoch: 111, iter: 640/3251, distal-aware loss: 0.2797, lumen dice: 0.9459, wall dice: 0.8588, distal recall: 0.8880
epoch: 111, iter: 650/3251, distal-aware loss: 0.2794, lumen dice: 0.9459, wall dice: 0.8588, distal recall: 0.8883
epoch: 111, iter: 660/3251, distal-aware loss: 0.2792, lumen dice: 0.9460, wall dice: 0.8590, distal recall: 0.8885
epoch: 111, iter: 670/3251, distal-aware loss: 0.2791, lumen dice: 0.9461, wall dice: 0.8588, distal recall: 0.8886
epoch: 111, iter: 680/3251, distal-aware loss: 0.2784, lumen dice: 0.9463, wall dice: 0.8592, distal recall: 0.8889
epoch: 111, iter: 690/3251, distal-aware loss: 0.2793, lumen dice: 0.9461, wall dice: 0.8590, distal recall: 0.8885
epoch: 111, iter: 700/3251, distal-aware loss: 0.2799, lumen dice: 0.9460, wall dice: 0.8585, distal recall: 0.8883
epoch: 111, iter: 710/3251, distal-aware loss: 0.2800, lumen dice: 0.9461, wall dice: 0.8579, distal recall: 0.8880
epoch: 111, iter: 720/3251, distal-aware loss: 0.2805, lumen dice: 0.9459, wall dice: 0.8577, distal recall: 0.8878
epoch: 111, iter: 730/3251, distal-aware loss: 0.2809, lumen dice: 0.9455, wall dice: 0.8573, distal recall: 0.8880
epoch: 111, iter: 740/3251, distal-aware loss: 0.2804, lumen dice: 0.9457, wall dice: 0.8576, distal recall: 0.8880
epoch: 111, iter: 750/3251, distal-aware loss: 0.2799, lumen dice: 0.9459, wall dice: 0.8579, distal recall: 0.8884
epoch: 111, iter: 760/3251, distal-aware loss: 0.2796, lumen dice: 0.9460, wall dice: 0.8581, distal recall: 0.8885
epoch: 111, iter: 770/3251, distal-aware loss: 0.2795, lumen dice: 0.9461, wall dice: 0.8583, distal recall: 0.8883
epoch: 111, iter: 780/3251, distal-aware loss: 0.2799, lumen dice: 0.9459, wall dice: 0.8580, distal recall: 0.8882
epoch: 111, iter: 790/3251, distal-aware loss: 0.2800, lumen dice: 0.9458, wall dice: 0.8579, distal recall: 0.8883
epoch: 111, iter: 800/3251, distal-aware loss: 0.2799, lumen dice: 0.9459, wall dice: 0.8579, distal recall: 0.8885
epoch: 111, iter: 810/3251, distal-aware loss: 0.2797, lumen dice: 0.9460, wall dice: 0.8581, distal recall: 0.8885
epoch: 111, iter: 820/3251, distal-aware loss: 0.2796, lumen dice: 0.9460, wall dice: 0.8582, distal recall: 0.8885
epoch: 111, iter: 830/3251, distal-aware loss: 0.2792, lumen dice: 0.9462, wall dice: 0.8585, distal recall: 0.8885
epoch: 111, iter: 840/3251, distal-aware loss: 0.2792, lumen dice: 0.9461, wall dice: 0.8585, distal recall: 0.8886
epoch: 111, iter: 850/3251, distal-aware loss: 0.2796, lumen dice: 0.9460, wall dice: 0.8583, distal recall: 0.8883
epoch: 111, iter: 860/3251, distal-aware loss: 0.2795, lumen dice: 0.9459, wall dice: 0.8583, distal recall: 0.8883
epoch: 111, iter: 870/3251, distal-aware loss: 0.2797, lumen dice: 0.9458, wall dice: 0.8581, distal recall: 0.8883
epoch: 111, iter: 880/3251, distal-aware loss: 0.2799, lumen dice: 0.9457, wall dice: 0.8581, distal recall: 0.8882
epoch: 111, iter: 890/3251, distal-aware loss: 0.2797, lumen dice: 0.9459, wall dice: 0.8582, distal recall: 0.8883
epoch: 111, iter: 900/3251, distal-aware loss: 0.2796, lumen dice: 0.9460, wall dice: 0.8583, distal recall: 0.8881
epoch: 111, iter: 910/3251, distal-aware loss: 0.2799, lumen dice: 0.9459, wall dice: 0.8581, distal recall: 0.8881
epoch: 111, iter: 920/3251, distal-aware loss: 0.2799, lumen dice: 0.9459, wall dice: 0.8582, distal recall: 0.8883
epoch: 111, iter: 930/3251, distal-aware loss: 0.2797, lumen dice: 0.9460, wall dice: 0.8584, distal recall: 0.8881
epoch: 111, iter: 940/3251, distal-aware loss: 0.2795, lumen dice: 0.9459, wall dice: 0.8586, distal recall: 0.8883
epoch: 111, iter: 950/3251, distal-aware loss: 0.2794, lumen dice: 0.9460, wall dice: 0.8587, distal recall: 0.8884
epoch: 111, iter: 960/3251, distal-aware loss: 0.2796, lumen dice: 0.9454, wall dice: 0.8589, distal recall: 0.8885
epoch: 111, iter: 970/3251, distal-aware loss: 0.2794, lumen dice: 0.9455, wall dice: 0.8590, distal recall: 0.8886
epoch: 111, iter: 980/3251, distal-aware loss: 0.2796, lumen dice: 0.9455, wall dice: 0.8587, distal recall: 0.8887
epoch: 111, iter: 990/3251, distal-aware loss: 0.2798, lumen dice: 0.9454, wall dice: 0.8586, distal recall: 0.8886
epoch: 111, iter: 1000/3251, distal-aware loss: 0.2797, lumen dice: 0.9454, wall dice: 0.8588, distal recall: 0.8886
epoch: 111, iter: 1010/3251, distal-aware loss: 0.2796, lumen dice: 0.9454, wall dice: 0.8589, distal recall: 0.8889
epoch: 111, iter: 1020/3251, distal-aware loss: 0.2795, lumen dice: 0.9454, wall dice: 0.8590, distal recall: 0.8888
epoch: 111, iter: 1030/3251, distal-aware loss: 0.2801, lumen dice: 0.9454, wall dice: 0.8585, distal recall: 0.8884
epoch: 111, iter: 1040/3251, distal-aware loss: 0.2804, lumen dice: 0.9452, wall dice: 0.8584, distal recall: 0.8883
epoch: 111, iter: 1050/3251, distal-aware loss: 0.2802, lumen dice: 0.9453, wall dice: 0.8586, distal recall: 0.8884
epoch: 111, iter: 1060/3251, distal-aware loss: 0.2800, lumen dice: 0.9453, wall dice: 0.8588, distal recall: 0.8886
epoch: 111, iter: 1070/3251, distal-aware loss: 0.2799, lumen dice: 0.9454, wall dice: 0.8589, distal recall: 0.8886
epoch: 111, iter: 1080/3251, distal-aware loss: 0.2795, lumen dice: 0.9455, wall dice: 0.8592, distal recall: 0.8887
epoch: 111, iter: 1090/3251, distal-aware loss: 0.2792, lumen dice: 0.9457, wall dice: 0.8593, distal recall: 0.8888
epoch: 111, iter: 1100/3251, distal-aware loss: 0.2792, lumen dice: 0.9457, wall dice: 0.8594, distal recall: 0.8888
epoch: 111, iter: 1110/3251, distal-aware loss: 0.2790, lumen dice: 0.9457, wall dice: 0.8595, distal recall: 0.8890
epoch: 111, iter: 1120/3251, distal-aware loss: 0.2789, lumen dice: 0.9458, wall dice: 0.8596, distal recall: 0.8890
epoch: 111, iter: 1130/3251, distal-aware loss: 0.2790, lumen dice: 0.9457, wall dice: 0.8595, distal recall: 0.8891
epoch: 111, iter: 1140/3251, distal-aware loss: 0.2789, lumen dice: 0.9458, wall dice: 0.8595, distal recall: 0.8891
epoch: 111, iter: 1150/3251, distal-aware loss: 0.2787, lumen dice: 0.9458, wall dice: 0.8596, distal recall: 0.8892
epoch: 111, iter: 1160/3251, distal-aware loss: 0.2787, lumen dice: 0.9459, wall dice: 0.8595, distal recall: 0.8892
epoch: 111, iter: 1170/3251, distal-aware loss: 0.2786, lumen dice: 0.9458, wall dice: 0.8596, distal recall: 0.8893
epoch: 111, iter: 1180/3251, distal-aware loss: 0.2789, lumen dice: 0.9458, wall dice: 0.8595, distal recall: 0.8891
epoch: 111, iter: 1190/3251, distal-aware loss: 0.2790, lumen dice: 0.9458, wall dice: 0.8595, distal recall: 0.8891
epoch: 111, iter: 1200/3251, distal-aware loss: 0.2793, lumen dice: 0.9457, wall dice: 0.8593, distal recall: 0.8888
epoch: 111, iter: 1210/3251, distal-aware loss: 0.2797, lumen dice: 0.9456, wall dice: 0.8588, distal recall: 0.8886
epoch: 111, iter: 1220/3251, distal-aware loss: 0.2798, lumen dice: 0.9455, wall dice: 0.8588, distal recall: 0.8884
epoch: 111, iter: 1230/3251, distal-aware loss: 0.2798, lumen dice: 0.9455, wall dice: 0.8586, distal recall: 0.8887
epoch: 111, iter: 1240/3251, distal-aware loss: 0.2797, lumen dice: 0.9454, wall dice: 0.8587, distal recall: 0.8886
epoch: 111, iter: 1250/3251, distal-aware loss: 0.2796, lumen dice: 0.9454, wall dice: 0.8587, distal recall: 0.8887
epoch: 111, iter: 1260/3251, distal-aware loss: 0.2799, lumen dice: 0.9455, wall dice: 0.8585, distal recall: 0.8884
epoch: 111, iter: 1270/3251, distal-aware loss: 0.2798, lumen dice: 0.9455, wall dice: 0.8586, distal recall: 0.8886
epoch: 111, iter: 1280/3251, distal-aware loss: 0.2798, lumen dice: 0.9455, wall dice: 0.8586, distal recall: 0.8885
epoch: 111, iter: 1290/3251, distal-aware loss: 0.2798, lumen dice: 0.9455, wall dice: 0.8587, distal recall: 0.8886
epoch: 111, iter: 1300/3251, distal-aware loss: 0.2797, lumen dice: 0.9455, wall dice: 0.8587, distal recall: 0.8885
epoch: 111, iter: 1310/3251, distal-aware loss: 0.2795, lumen dice: 0.9457, wall dice: 0.8589, distal recall: 0.8886
epoch: 111, iter: 1320/3251, distal-aware loss: 0.2796, lumen dice: 0.9457, wall dice: 0.8587, distal recall: 0.8886
epoch: 111, iter: 1330/3251, distal-aware loss: 0.2795, lumen dice: 0.9458, wall dice: 0.8588, distal recall: 0.8886
epoch: 111, iter: 1340/3251, distal-aware loss: 0.2794, lumen dice: 0.9457, wall dice: 0.8589, distal recall: 0.8887
epoch: 111, iter: 1350/3251, distal-aware loss: 0.2793, lumen dice: 0.9458, wall dice: 0.8590, distal recall: 0.8887
epoch: 111, iter: 1360/3251, distal-aware loss: 0.2792, lumen dice: 0.9457, wall dice: 0.8591, distal recall: 0.8887
epoch: 111, iter: 1370/3251, distal-aware loss: 0.2791, lumen dice: 0.9458, wall dice: 0.8590, distal recall: 0.8886
epoch: 111, iter: 1380/3251, distal-aware loss: 0.2790, lumen dice: 0.9457, wall dice: 0.8590, distal recall: 0.8888
epoch: 111, iter: 1390/3251, distal-aware loss: 0.2792, lumen dice: 0.9456, wall dice: 0.8587, distal recall: 0.8889
epoch: 111, iter: 1400/3251, distal-aware loss: 0.2791, lumen dice: 0.9457, wall dice: 0.8588, distal recall: 0.8888
epoch: 111, iter: 1410/3251, distal-aware loss: 0.2791, lumen dice: 0.9457, wall dice: 0.8587, distal recall: 0.8888
epoch: 111, iter: 1420/3251, distal-aware loss: 0.2788, lumen dice: 0.9457, wall dice: 0.8589, distal recall: 0.8889
epoch: 111, iter: 1430/3251, distal-aware loss: 0.2788, lumen dice: 0.9455, wall dice: 0.8589, distal recall: 0.8888
epoch: 111, iter: 1440/3251, distal-aware loss: 0.2786, lumen dice: 0.9456, wall dice: 0.8590, distal recall: 0.8890
epoch: 111, iter: 1450/3251, distal-aware loss: 0.2787, lumen dice: 0.9456, wall dice: 0.8590, distal recall: 0.8890
epoch: 111, iter: 1460/3251, distal-aware loss: 0.2789, lumen dice: 0.9456, wall dice: 0.8589, distal recall: 0.8887
epoch: 111, iter: 1470/3251, distal-aware loss: 0.2789, lumen dice: 0.9457, wall dice: 0.8589, distal recall: 0.8887
epoch: 111, iter: 1480/3251, distal-aware loss: 0.2788, lumen dice: 0.9456, wall dice: 0.8590, distal recall: 0.8888
epoch: 111, iter: 1490/3251, distal-aware loss: 0.2785, lumen dice: 0.9457, wall dice: 0.8591, distal recall: 0.8887
epoch: 111, iter: 1500/3251, distal-aware loss: 0.2784, lumen dice: 0.9458, wall dice: 0.8592, distal recall: 0.8887
epoch: 111, iter: 1510/3251, distal-aware loss: 0.2782, lumen dice: 0.9458, wall dice: 0.8593, distal recall: 0.8889
epoch: 111, iter: 1520/3251, distal-aware loss: 0.2784, lumen dice: 0.9458, wall dice: 0.8592, distal recall: 0.8888
epoch: 111, iter: 1530/3251, distal-aware loss: 0.2782, lumen dice: 0.9458, wall dice: 0.8593, distal recall: 0.8888
epoch: 111, iter: 1540/3251, distal-aware loss: 0.2782, lumen dice: 0.9459, wall dice: 0.8593, distal recall: 0.8889
epoch: 111, iter: 1550/3251, distal-aware loss: 0.2781, lumen dice: 0.9459, wall dice: 0.8594, distal recall: 0.8889
epoch: 111, iter: 1560/3251, distal-aware loss: 0.2779, lumen dice: 0.9460, wall dice: 0.8595, distal recall: 0.8891
epoch: 111, iter: 1570/3251, distal-aware loss: 0.2781, lumen dice: 0.9458, wall dice: 0.8594, distal recall: 0.8890
epoch: 111, iter: 1580/3251, distal-aware loss: 0.2780, lumen dice: 0.9459, wall dice: 0.8595, distal recall: 0.8890
epoch: 111, iter: 1590/3251, distal-aware loss: 0.2783, lumen dice: 0.9459, wall dice: 0.8593, distal recall: 0.8889
epoch: 111, iter: 1600/3251, distal-aware loss: 0.2782, lumen dice: 0.9459, wall dice: 0.8593, distal recall: 0.8889
epoch: 111, iter: 1610/3251, distal-aware loss: 0.2781, lumen dice: 0.9459, wall dice: 0.8594, distal recall: 0.8890
epoch: 111, iter: 1620/3251, distal-aware loss: 0.2780, lumen dice: 0.9458, wall dice: 0.8595, distal recall: 0.8890
epoch: 111, iter: 1630/3251, distal-aware loss: 0.2779, lumen dice: 0.9459, wall dice: 0.8596, distal recall: 0.8890
epoch: 111, iter: 1640/3251, distal-aware loss: 0.2780, lumen dice: 0.9459, wall dice: 0.8595, distal recall: 0.8890
epoch: 111, iter: 1650/3251, distal-aware loss: 0.2779, lumen dice: 0.9459, wall dice: 0.8596, distal recall: 0.8890
epoch: 111, iter: 1660/3251, distal-aware loss: 0.2779, lumen dice: 0.9459, wall dice: 0.8596, distal recall: 0.8891
epoch: 111, iter: 1670/3251, distal-aware loss: 0.2778, lumen dice: 0.9460, wall dice: 0.8597, distal recall: 0.8891
epoch: 111, iter: 1680/3251, distal-aware loss: 0.2778, lumen dice: 0.9461, wall dice: 0.8597, distal recall: 0.8891
epoch: 111, iter: 1690/3251, distal-aware loss: 0.2779, lumen dice: 0.9461, wall dice: 0.8597, distal recall: 0.8890
epoch: 111, iter: 1700/3251, distal-aware loss: 0.2781, lumen dice: 0.9461, wall dice: 0.8595, distal recall: 0.8890
epoch: 111, iter: 1710/3251, distal-aware loss: 0.2782, lumen dice: 0.9460, wall dice: 0.8595, distal recall: 0.8890
epoch: 111, iter: 1720/3251, distal-aware loss: 0.2784, lumen dice: 0.9460, wall dice: 0.8592, distal recall: 0.8890
epoch: 111, iter: 1730/3251, distal-aware loss: 0.2784, lumen dice: 0.9460, wall dice: 0.8592, distal recall: 0.8890
epoch: 111, iter: 1740/3251, distal-aware loss: 0.2784, lumen dice: 0.9460, wall dice: 0.8593, distal recall: 0.8890
epoch: 111, iter: 1750/3251, distal-aware loss: 0.2783, lumen dice: 0.9461, wall dice: 0.8593, distal recall: 0.8889
epoch: 111, iter: 1760/3251, distal-aware loss: 0.2783, lumen dice: 0.9460, wall dice: 0.8594, distal recall: 0.8889
epoch: 111, iter: 1770/3251, distal-aware loss: 0.2784, lumen dice: 0.9460, wall dice: 0.8593, distal recall: 0.8889
epoch: 111, iter: 1780/3251, distal-aware loss: 0.2785, lumen dice: 0.9459, wall dice: 0.8593, distal recall: 0.8888
epoch: 111, iter: 1790/3251, distal-aware loss: 0.2784, lumen dice: 0.9460, wall dice: 0.8594, distal recall: 0.8889
epoch: 111, iter: 1800/3251, distal-aware loss: 0.2784, lumen dice: 0.9460, wall dice: 0.8594, distal recall: 0.8889
epoch: 111, iter: 1810/3251, distal-aware loss: 0.2783, lumen dice: 0.9461, wall dice: 0.8595, distal recall: 0.8889
epoch: 111, iter: 1820/3251, distal-aware loss: 0.2782, lumen dice: 0.9461, wall dice: 0.8596, distal recall: 0.8889
epoch: 111, iter: 1830/3251, distal-aware loss: 0.2781, lumen dice: 0.9462, wall dice: 0.8597, distal recall: 0.8889
epoch: 111, iter: 1840/3251, distal-aware loss: 0.2780, lumen dice: 0.9463, wall dice: 0.8597, distal recall: 0.8889
epoch: 111, iter: 1850/3251, distal-aware loss: 0.2781, lumen dice: 0.9461, wall dice: 0.8596, distal recall: 0.8888
epoch: 111, iter: 1860/3251, distal-aware loss: 0.2782, lumen dice: 0.9460, wall dice: 0.8596, distal recall: 0.8888
epoch: 111, iter: 1870/3251, distal-aware loss: 0.2782, lumen dice: 0.9460, wall dice: 0.8596, distal recall: 0.8887
epoch: 111, iter: 1880/3251, distal-aware loss: 0.2782, lumen dice: 0.9460, wall dice: 0.8595, distal recall: 0.8887
epoch: 111, iter: 1890/3251, distal-aware loss: 0.2782, lumen dice: 0.9460, wall dice: 0.8595, distal recall: 0.8887
epoch: 111, iter: 1900/3251, distal-aware loss: 0.2783, lumen dice: 0.9460, wall dice: 0.8594, distal recall: 0.8887
epoch: 111, iter: 1910/3251, distal-aware loss: 0.2786, lumen dice: 0.9459, wall dice: 0.8593, distal recall: 0.8886
epoch: 111, iter: 1920/3251, distal-aware loss: 0.2786, lumen dice: 0.9458, wall dice: 0.8593, distal recall: 0.8886
epoch: 111, iter: 1930/3251, distal-aware loss: 0.2786, lumen dice: 0.9459, wall dice: 0.8593, distal recall: 0.8886
epoch: 111, iter: 1940/3251, distal-aware loss: 0.2785, lumen dice: 0.9459, wall dice: 0.8594, distal recall: 0.8885
epoch: 111, iter: 1950/3251, distal-aware loss: 0.2784, lumen dice: 0.9460, wall dice: 0.8595, distal recall: 0.8887
epoch: 111, iter: 1960/3251, distal-aware loss: 0.2783, lumen dice: 0.9460, wall dice: 0.8596, distal recall: 0.8887
epoch: 111, iter: 1970/3251, distal-aware loss: 0.2784, lumen dice: 0.9460, wall dice: 0.8594, distal recall: 0.8886
epoch: 111, iter: 1980/3251, distal-aware loss: 0.2784, lumen dice: 0.9459, wall dice: 0.8595, distal recall: 0.8885
epoch: 111, iter: 1990/3251, distal-aware loss: 0.2783, lumen dice: 0.9459, wall dice: 0.8595, distal recall: 0.8886
epoch: 111, iter: 2000/3251, distal-aware loss: 0.2783, lumen dice: 0.9459, wall dice: 0.8595, distal recall: 0.8886
epoch: 111, iter: 2010/3251, distal-aware loss: 0.2782, lumen dice: 0.9459, wall dice: 0.8596, distal recall: 0.8887
epoch: 111, iter: 2020/3251, distal-aware loss: 0.2783, lumen dice: 0.9458, wall dice: 0.8596, distal recall: 0.8888
epoch: 111, iter: 2030/3251, distal-aware loss: 0.2781, lumen dice: 0.9459, wall dice: 0.8596, distal recall: 0.8887
epoch: 111, iter: 2040/3251, distal-aware loss: 0.2781, lumen dice: 0.9459, wall dice: 0.8597, distal recall: 0.8889
epoch: 111, iter: 2050/3251, distal-aware loss: 0.2782, lumen dice: 0.9459, wall dice: 0.8596, distal recall: 0.8888
epoch: 111, iter: 2060/3251, distal-aware loss: 0.2780, lumen dice: 0.9460, wall dice: 0.8596, distal recall: 0.8890
epoch: 111, iter: 2070/3251, distal-aware loss: 0.2779, lumen dice: 0.9460, wall dice: 0.8597, distal recall: 0.8889
epoch: 111, iter: 2080/3251, distal-aware loss: 0.2779, lumen dice: 0.9460, wall dice: 0.8597, distal recall: 0.8890
epoch: 111, iter: 2090/3251, distal-aware loss: 0.2777, lumen dice: 0.9460, wall dice: 0.8598, distal recall: 0.8890
epoch: 111, iter: 2100/3251, distal-aware loss: 0.2776, lumen dice: 0.9461, wall dice: 0.8598, distal recall: 0.8891
epoch: 111, iter: 2110/3251, distal-aware loss: 0.2776, lumen dice: 0.9461, wall dice: 0.8599, distal recall: 0.8891
epoch: 111, iter: 2120/3251, distal-aware loss: 0.2776, lumen dice: 0.9461, wall dice: 0.8599, distal recall: 0.8890
epoch: 111, iter: 2130/3251, distal-aware loss: 0.2775, lumen dice: 0.9461, wall dice: 0.8599, distal recall: 0.8891
epoch: 111, iter: 2140/3251, distal-aware loss: 0.2774, lumen dice: 0.9462, wall dice: 0.8599, distal recall: 0.8890
epoch: 111, iter: 2150/3251, distal-aware loss: 0.2772, lumen dice: 0.9462, wall dice: 0.8600, distal recall: 0.8891
epoch: 111, iter: 2160/3251, distal-aware loss: 0.2774, lumen dice: 0.9462, wall dice: 0.8598, distal recall: 0.8891
epoch: 111, iter: 2170/3251, distal-aware loss: 0.2775, lumen dice: 0.9461, wall dice: 0.8597, distal recall: 0.8891
epoch: 111, iter: 2180/3251, distal-aware loss: 0.2775, lumen dice: 0.9460, wall dice: 0.8598, distal recall: 0.8891
epoch: 111, iter: 2190/3251, distal-aware loss: 0.2773, lumen dice: 0.9461, wall dice: 0.8599, distal recall: 0.8892
epoch: 111, iter: 2200/3251, distal-aware loss: 0.2773, lumen dice: 0.9461, wall dice: 0.8598, distal recall: 0.8891
epoch: 111, iter: 2210/3251, distal-aware loss: 0.2773, lumen dice: 0.9462, wall dice: 0.8599, distal recall: 0.8891
epoch: 111, iter: 2220/3251, distal-aware loss: 0.2773, lumen dice: 0.9461, wall dice: 0.8599, distal recall: 0.8892
epoch: 111, iter: 2230/3251, distal-aware loss: 0.2773, lumen dice: 0.9461, wall dice: 0.8600, distal recall: 0.8892
epoch: 111, iter: 2240/3251, distal-aware loss: 0.2773, lumen dice: 0.9462, wall dice: 0.8599, distal recall: 0.8891
epoch: 111, iter: 2250/3251, distal-aware loss: 0.2772, lumen dice: 0.9462, wall dice: 0.8600, distal recall: 0.8891
epoch: 111, iter: 2260/3251, distal-aware loss: 0.2771, lumen dice: 0.9463, wall dice: 0.8601, distal recall: 0.8892
epoch: 111, iter: 2270/3251, distal-aware loss: 0.2770, lumen dice: 0.9463, wall dice: 0.8601, distal recall: 0.8893
epoch: 111, iter: 2280/3251, distal-aware loss: 0.2769, lumen dice: 0.9464, wall dice: 0.8602, distal recall: 0.8893
epoch: 111, iter: 2290/3251, distal-aware loss: 0.2769, lumen dice: 0.9463, wall dice: 0.8602, distal recall: 0.8893
epoch: 111, iter: 2300/3251, distal-aware loss: 0.2770, lumen dice: 0.9463, wall dice: 0.8601, distal recall: 0.8893
epoch: 111, iter: 2310/3251, distal-aware loss: 0.2771, lumen dice: 0.9463, wall dice: 0.8601, distal recall: 0.8894
epoch: 111, iter: 2320/3251, distal-aware loss: 0.2771, lumen dice: 0.9463, wall dice: 0.8600, distal recall: 0.8893
epoch: 111, iter: 2330/3251, distal-aware loss: 0.2771, lumen dice: 0.9463, wall dice: 0.8601, distal recall: 0.8894
epoch: 111, iter: 2340/3251, distal-aware loss: 0.2773, lumen dice: 0.9462, wall dice: 0.8600, distal recall: 0.8893
epoch: 111, iter: 2350/3251, distal-aware loss: 0.2773, lumen dice: 0.9462, wall dice: 0.8600, distal recall: 0.8894
epoch: 111, iter: 2360/3251, distal-aware loss: 0.2773, lumen dice: 0.9461, wall dice: 0.8600, distal recall: 0.8895
epoch: 111, iter: 2370/3251, distal-aware loss: 0.2774, lumen dice: 0.9461, wall dice: 0.8599, distal recall: 0.8895
epoch: 111, iter: 2380/3251, distal-aware loss: 0.2773, lumen dice: 0.9462, wall dice: 0.8599, distal recall: 0.8895
epoch: 111, iter: 2390/3251, distal-aware loss: 0.2773, lumen dice: 0.9462, wall dice: 0.8600, distal recall: 0.8895
epoch: 111, iter: 2400/3251, distal-aware loss: 0.2772, lumen dice: 0.9461, wall dice: 0.8600, distal recall: 0.8896
epoch: 111, iter: 2410/3251, distal-aware loss: 0.2773, lumen dice: 0.9461, wall dice: 0.8600, distal recall: 0.8895
epoch: 111, iter: 2420/3251, distal-aware loss: 0.2783, lumen dice: 0.9457, wall dice: 0.8595, distal recall: 0.8893
epoch: 111, iter: 2430/3251, distal-aware loss: 0.2783, lumen dice: 0.9457, wall dice: 0.8594, distal recall: 0.8892
epoch: 111, iter: 2440/3251, distal-aware loss: 0.2787, lumen dice: 0.9455, wall dice: 0.8590, distal recall: 0.8890
epoch: 111, iter: 2450/3251, distal-aware loss: 0.2788, lumen dice: 0.9455, wall dice: 0.8589, distal recall: 0.8888
epoch: 111, iter: 2460/3251, distal-aware loss: 0.2789, lumen dice: 0.9455, wall dice: 0.8589, distal recall: 0.8888
epoch: 111, iter: 2470/3251, distal-aware loss: 0.2792, lumen dice: 0.9454, wall dice: 0.8587, distal recall: 0.8886
epoch: 111, iter: 2480/3251, distal-aware loss: 0.2791, lumen dice: 0.9454, wall dice: 0.8588, distal recall: 0.8887
epoch: 111, iter: 2490/3251, distal-aware loss: 0.2793, lumen dice: 0.9453, wall dice: 0.8587, distal recall: 0.8886
epoch: 111, iter: 2500/3251, distal-aware loss: 0.2792, lumen dice: 0.9453, wall dice: 0.8587, distal recall: 0.8887
epoch: 111, iter: 2510/3251, distal-aware loss: 0.2793, lumen dice: 0.9453, wall dice: 0.8587, distal recall: 0.8886
epoch: 111, iter: 2520/3251, distal-aware loss: 0.2792, lumen dice: 0.9453, wall dice: 0.8587, distal recall: 0.8887
epoch: 111, iter: 2530/3251, distal-aware loss: 0.2793, lumen dice: 0.9453, wall dice: 0.8587, distal recall: 0.8887
epoch: 111, iter: 2540/3251, distal-aware loss: 0.2793, lumen dice: 0.9452, wall dice: 0.8587, distal recall: 0.8886
epoch: 111, iter: 2550/3251, distal-aware loss: 0.2793, lumen dice: 0.9452, wall dice: 0.8587, distal recall: 0.8886
epoch: 111, iter: 2560/3251, distal-aware loss: 0.2793, lumen dice: 0.9452, wall dice: 0.8587, distal recall: 0.8886
epoch: 111, iter: 2570/3251, distal-aware loss: 0.2793, lumen dice: 0.9452, wall dice: 0.8587, distal recall: 0.8885
epoch: 111, iter: 2580/3251, distal-aware loss: 0.2793, lumen dice: 0.9452, wall dice: 0.8587, distal recall: 0.8886
epoch: 111, iter: 2590/3251, distal-aware loss: 0.2795, lumen dice: 0.9451, wall dice: 0.8586, distal recall: 0.8885
epoch: 111, iter: 2600/3251, distal-aware loss: 0.2795, lumen dice: 0.9451, wall dice: 0.8586, distal recall: 0.8885
epoch: 111, iter: 2610/3251, distal-aware loss: 0.2794, lumen dice: 0.9452, wall dice: 0.8586, distal recall: 0.8885
epoch: 111, iter: 2620/3251, distal-aware loss: 0.2793, lumen dice: 0.9452, wall dice: 0.8586, distal recall: 0.8886
epoch: 111, iter: 2630/3251, distal-aware loss: 0.2794, lumen dice: 0.9452, wall dice: 0.8586, distal recall: 0.8886
epoch: 111, iter: 2640/3251, distal-aware loss: 0.2793, lumen dice: 0.9451, wall dice: 0.8587, distal recall: 0.8886
epoch: 111, iter: 2650/3251, distal-aware loss: 0.2793, lumen dice: 0.9451, wall dice: 0.8587, distal recall: 0.8886
epoch: 111, iter: 2660/3251, distal-aware loss: 0.2793, lumen dice: 0.9451, wall dice: 0.8588, distal recall: 0.8886
epoch: 111, iter: 2670/3251, distal-aware loss: 0.2793, lumen dice: 0.9451, wall dice: 0.8588, distal recall: 0.8887
epoch: 111, iter: 2680/3251, distal-aware loss: 0.2793, lumen dice: 0.9451, wall dice: 0.8587, distal recall: 0.8886
epoch: 111, iter: 2690/3251, distal-aware loss: 0.2793, lumen dice: 0.9452, wall dice: 0.8588, distal recall: 0.8887
epoch: 111, iter: 2700/3251, distal-aware loss: 0.2794, lumen dice: 0.9452, wall dice: 0.8585, distal recall: 0.8886
epoch: 111, iter: 2710/3251, distal-aware loss: 0.2795, lumen dice: 0.9451, wall dice: 0.8585, distal recall: 0.8885
epoch: 111, iter: 2720/3251, distal-aware loss: 0.2795, lumen dice: 0.9451, wall dice: 0.8585, distal recall: 0.8885
epoch: 111, iter: 2730/3251, distal-aware loss: 0.2796, lumen dice: 0.9451, wall dice: 0.8584, distal recall: 0.8885
epoch: 111, iter: 2740/3251, distal-aware loss: 0.2795, lumen dice: 0.9451, wall dice: 0.8585, distal recall: 0.8885
epoch: 111, iter: 2750/3251, distal-aware loss: 0.2795, lumen dice: 0.9451, wall dice: 0.8585, distal recall: 0.8885
epoch: 111, iter: 2760/3251, distal-aware loss: 0.2794, lumen dice: 0.9451, wall dice: 0.8585, distal recall: 0.8885
epoch: 111, iter: 2770/3251, distal-aware loss: 0.2793, lumen dice: 0.9451, wall dice: 0.8586, distal recall: 0.8886
epoch: 111, iter: 2780/3251, distal-aware loss: 0.2793, lumen dice: 0.9451, wall dice: 0.8585, distal recall: 0.8886
epoch: 111, iter: 2790/3251, distal-aware loss: 0.2792, lumen dice: 0.9451, wall dice: 0.8586, distal recall: 0.8887
epoch: 111, iter: 2800/3251, distal-aware loss: 0.2792, lumen dice: 0.9452, wall dice: 0.8587, distal recall: 0.8887
epoch: 111, iter: 2810/3251, distal-aware loss: 0.2792, lumen dice: 0.9452, wall dice: 0.8587, distal recall: 0.8887
epoch: 111, iter: 2820/3251, distal-aware loss: 0.2792, lumen dice: 0.9452, wall dice: 0.8586, distal recall: 0.8887
epoch: 111, iter: 2830/3251, distal-aware loss: 0.2792, lumen dice: 0.9452, wall dice: 0.8586, distal recall: 0.8887
epoch: 111, iter: 2840/3251, distal-aware loss: 0.2792, lumen dice: 0.9452, wall dice: 0.8586, distal recall: 0.8887
epoch: 111, iter: 2850/3251, distal-aware loss: 0.2791, lumen dice: 0.9452, wall dice: 0.8586, distal recall: 0.8888
epoch: 111, iter: 2860/3251, distal-aware loss: 0.2790, lumen dice: 0.9453, wall dice: 0.8587, distal recall: 0.8888
epoch: 111, iter: 2870/3251, distal-aware loss: 0.2791, lumen dice: 0.9453, wall dice: 0.8587, distal recall: 0.8887
epoch: 111, iter: 2880/3251, distal-aware loss: 0.2792, lumen dice: 0.9453, wall dice: 0.8586, distal recall: 0.8887
epoch: 111, iter: 2890/3251, distal-aware loss: 0.2791, lumen dice: 0.9453, wall dice: 0.8586, distal recall: 0.8887
epoch: 111, iter: 2900/3251, distal-aware loss: 0.2792, lumen dice: 0.9453, wall dice: 0.8586, distal recall: 0.8887
epoch: 111, iter: 2910/3251, distal-aware loss: 0.2792, lumen dice: 0.9453, wall dice: 0.8586, distal recall: 0.8887
epoch: 111, iter: 2920/3251, distal-aware loss: 0.2793, lumen dice: 0.9453, wall dice: 0.8586, distal recall: 0.8887
epoch: 111, iter: 2930/3251, distal-aware loss: 0.2794, lumen dice: 0.9453, wall dice: 0.8585, distal recall: 0.8886
epoch: 111, iter: 2940/3251, distal-aware loss: 0.2794, lumen dice: 0.9453, wall dice: 0.8585, distal recall: 0.8886
epoch: 111, iter: 2950/3251, distal-aware loss: 0.2794, lumen dice: 0.9453, wall dice: 0.8585, distal recall: 0.8886
epoch: 111, iter: 2960/3251, distal-aware loss: 0.2794, lumen dice: 0.9453, wall dice: 0.8585, distal recall: 0.8886
epoch: 111, iter: 2970/3251, distal-aware loss: 0.2793, lumen dice: 0.9454, wall dice: 0.8586, distal recall: 0.8887
epoch: 111, iter: 2980/3251, distal-aware loss: 0.2792, lumen dice: 0.9454, wall dice: 0.8586, distal recall: 0.8887
epoch: 111, iter: 2990/3251, distal-aware loss: 0.2793, lumen dice: 0.9453, wall dice: 0.8586, distal recall: 0.8887
epoch: 111, iter: 3000/3251, distal-aware loss: 0.2793, lumen dice: 0.9453, wall dice: 0.8586, distal recall: 0.8887
epoch: 111, iter: 3010/3251, distal-aware loss: 0.2793, lumen dice: 0.9453, wall dice: 0.8586, distal recall: 0.8887
epoch: 111, iter: 3020/3251, distal-aware loss: 0.2793, lumen dice: 0.9453, wall dice: 0.8586, distal recall: 0.8887
epoch: 111, iter: 3030/3251, distal-aware loss: 0.2792, lumen dice: 0.9453, wall dice: 0.8587, distal recall: 0.8887
epoch: 111, iter: 3040/3251, distal-aware loss: 0.2793, lumen dice: 0.9453, wall dice: 0.8586, distal recall: 0.8887
epoch: 111, iter: 3050/3251, distal-aware loss: 0.2792, lumen dice: 0.9453, wall dice: 0.8587, distal recall: 0.8887
epoch: 111, iter: 3060/3251, distal-aware loss: 0.2792, lumen dice: 0.9453, wall dice: 0.8587, distal recall: 0.8887
epoch: 111, iter: 3070/3251, distal-aware loss: 0.2792, lumen dice: 0.9453, wall dice: 0.8587, distal recall: 0.8887
epoch: 111, iter: 3080/3251, distal-aware loss: 0.2793, lumen dice: 0.9453, wall dice: 0.8587, distal recall: 0.8887
epoch: 111, iter: 3090/3251, distal-aware loss: 0.2792, lumen dice: 0.9453, wall dice: 0.8587, distal recall: 0.8887
epoch: 111, iter: 3100/3251, distal-aware loss: 0.2792, lumen dice: 0.9454, wall dice: 0.8587, distal recall: 0.8886
epoch: 111, iter: 3110/3251, distal-aware loss: 0.2791, lumen dice: 0.9454, wall dice: 0.8587, distal recall: 0.8887
epoch: 111, iter: 3120/3251, distal-aware loss: 0.2791, lumen dice: 0.9454, wall dice: 0.8588, distal recall: 0.8888
epoch: 111, iter: 3130/3251, distal-aware loss: 0.2790, lumen dice: 0.9454, wall dice: 0.8587, distal recall: 0.8888
epoch: 111, iter: 3140/3251, distal-aware loss: 0.2791, lumen dice: 0.9454, wall dice: 0.8587, distal recall: 0.8888
epoch: 111, iter: 3150/3251, distal-aware loss: 0.2790, lumen dice: 0.9454, wall dice: 0.8588, distal recall: 0.8888
epoch: 111, iter: 3160/3251, distal-aware loss: 0.2789, lumen dice: 0.9454, wall dice: 0.8589, distal recall: 0.8889
epoch: 111, iter: 3170/3251, distal-aware loss: 0.2790, lumen dice: 0.9454, wall dice: 0.8589, distal recall: 0.8889
epoch: 111, iter: 3180/3251, distal-aware loss: 0.2789, lumen dice: 0.9455, wall dice: 0.8589, distal recall: 0.8888
epoch: 111, iter: 3190/3251, distal-aware loss: 0.2789, lumen dice: 0.9455, wall dice: 0.8589, distal recall: 0.8888
epoch: 111, iter: 3200/3251, distal-aware loss: 0.2789, lumen dice: 0.9455, wall dice: 0.8589, distal recall: 0.8889
epoch: 111, iter: 3210/3251, distal-aware loss: 0.2789, lumen dice: 0.9455, wall dice: 0.8589, distal recall: 0.8888
epoch: 111, iter: 3220/3251, distal-aware loss: 0.2790, lumen dice: 0.9455, wall dice: 0.8589, distal recall: 0.8888
epoch: 111, iter: 3230/3251, distal-aware loss: 0.2791, lumen dice: 0.9455, wall dice: 0.8588, distal recall: 0.8887
epoch: 111, iter: 3240/3251, distal-aware loss: 0.2791, lumen dice: 0.9455, wall dice: 0.8588, distal recall: 0.8888
epoch: 111, iter: 3250/3251, distal-aware loss: 0.2791, lumen dice: 0.9455, wall dice: 0.8588, distal recall: 0.8887
epoch: 111, val distal-aware loss: 0.2883, val lumen dice: 0.9487, val wall dice: 0.8818, val distal recall: 0.9107
starting epoch: 112
epoch: 112, iter: 0/3251, distal-aware loss: 0.2520, lumen dice: 0.9111, wall dice: 0.8871, distal recall: 0.9228
epoch: 112, iter: 10/3251, distal-aware loss: 0.2707, lumen dice: 0.9516, wall dice: 0.8746, distal recall: 0.8869
epoch: 112, iter: 20/3251, distal-aware loss: 0.2665, lumen dice: 0.9528, wall dice: 0.8725, distal recall: 0.8896
epoch: 112, iter: 30/3251, distal-aware loss: 0.2648, lumen dice: 0.9536, wall dice: 0.8715, distal recall: 0.8934
epoch: 112, iter: 40/3251, distal-aware loss: 0.2676, lumen dice: 0.9495, wall dice: 0.8701, distal recall: 0.8954
epoch: 112, iter: 50/3251, distal-aware loss: 0.2680, lumen dice: 0.9494, wall dice: 0.8700, distal recall: 0.8939
epoch: 112, iter: 60/3251, distal-aware loss: 0.2766, lumen dice: 0.9458, wall dice: 0.8605, distal recall: 0.8914
epoch: 112, iter: 70/3251, distal-aware loss: 0.2759, lumen dice: 0.9400, wall dice: 0.8624, distal recall: 0.8928
epoch: 112, iter: 80/3251, distal-aware loss: 0.2787, lumen dice: 0.9415, wall dice: 0.8612, distal recall: 0.8889
epoch: 112, iter: 90/3251, distal-aware loss: 0.2804, lumen dice: 0.9413, wall dice: 0.8612, distal recall: 0.8893
epoch: 112, iter: 100/3251, distal-aware loss: 0.2953, lumen dice: 0.9330, wall dice: 0.8544, distal recall: 0.8897
epoch: 112, iter: 110/3251, distal-aware loss: 0.2942, lumen dice: 0.9345, wall dice: 0.8537, distal recall: 0.8892
epoch: 112, iter: 120/3251, distal-aware loss: 0.2943, lumen dice: 0.9354, wall dice: 0.8518, distal recall: 0.8900
epoch: 112, iter: 130/3251, distal-aware loss: 0.2921, lumen dice: 0.9369, wall dice: 0.8538, distal recall: 0.8903
epoch: 112, iter: 140/3251, distal-aware loss: 0.2899, lumen dice: 0.9376, wall dice: 0.8553, distal recall: 0.8918
epoch: 112, iter: 150/3251, distal-aware loss: 0.2883, lumen dice: 0.9381, wall dice: 0.8568, distal recall: 0.8919
epoch: 112, iter: 160/3251, distal-aware loss: 0.2866, lumen dice: 0.9387, wall dice: 0.8572, distal recall: 0.8911
epoch: 112, iter: 170/3251, distal-aware loss: 0.2859, lumen dice: 0.9397, wall dice: 0.8578, distal recall: 0.8906
epoch: 112, iter: 180/3251, distal-aware loss: 0.2849, lumen dice: 0.9400, wall dice: 0.8585, distal recall: 0.8914
epoch: 112, iter: 190/3251, distal-aware loss: 0.2840, lumen dice: 0.9407, wall dice: 0.8591, distal recall: 0.8905
epoch: 112, iter: 200/3251, distal-aware loss: 0.2829, lumen dice: 0.9413, wall dice: 0.8600, distal recall: 0.8896
epoch: 112, iter: 210/3251, distal-aware loss: 0.2814, lumen dice: 0.9411, wall dice: 0.8606, distal recall: 0.8903
epoch: 112, iter: 220/3251, distal-aware loss: 0.2816, lumen dice: 0.9412, wall dice: 0.8600, distal recall: 0.8901
epoch: 112, iter: 230/3251, distal-aware loss: 0.2819, lumen dice: 0.9418, wall dice: 0.8599, distal recall: 0.8895
epoch: 112, iter: 240/3251, distal-aware loss: 0.2816, lumen dice: 0.9416, wall dice: 0.8600, distal recall: 0.8898
epoch: 112, iter: 250/3251, distal-aware loss: 0.2810, lumen dice: 0.9421, wall dice: 0.8604, distal recall: 0.8898
epoch: 112, iter: 260/3251, distal-aware loss: 0.2802, lumen dice: 0.9427, wall dice: 0.8608, distal recall: 0.8900
epoch: 112, iter: 270/3251, distal-aware loss: 0.2804, lumen dice: 0.9427, wall dice: 0.8604, distal recall: 0.8905
epoch: 112, iter: 280/3251, distal-aware loss: 0.2800, lumen dice: 0.9430, wall dice: 0.8607, distal recall: 0.8906
epoch: 112, iter: 290/3251, distal-aware loss: 0.2798, lumen dice: 0.9427, wall dice: 0.8607, distal recall: 0.8906
epoch: 112, iter: 300/3251, distal-aware loss: 0.2801, lumen dice: 0.9430, wall dice: 0.8607, distal recall: 0.8898
epoch: 112, iter: 310/3251, distal-aware loss: 0.2799, lumen dice: 0.9434, wall dice: 0.8610, distal recall: 0.8896
epoch: 112, iter: 320/3251, distal-aware loss: 0.2795, lumen dice: 0.9438, wall dice: 0.8612, distal recall: 0.8897
epoch: 112, iter: 330/3251, distal-aware loss: 0.2793, lumen dice: 0.9440, wall dice: 0.8614, distal recall: 0.8899
epoch: 112, iter: 340/3251, distal-aware loss: 0.2802, lumen dice: 0.9440, wall dice: 0.8603, distal recall: 0.8895
epoch: 112, iter: 350/3251, distal-aware loss: 0.2795, lumen dice: 0.9443, wall dice: 0.8607, distal recall: 0.8898
epoch: 112, iter: 360/3251, distal-aware loss: 0.2794, lumen dice: 0.9442, wall dice: 0.8611, distal recall: 0.8898
epoch: 112, iter: 370/3251, distal-aware loss: 0.2786, lumen dice: 0.9443, wall dice: 0.8615, distal recall: 0.8905
epoch: 112, iter: 380/3251, distal-aware loss: 0.2784, lumen dice: 0.9445, wall dice: 0.8614, distal recall: 0.8902
epoch: 112, iter: 390/3251, distal-aware loss: 0.2791, lumen dice: 0.9444, wall dice: 0.8607, distal recall: 0.8897
epoch: 112, iter: 400/3251, distal-aware loss: 0.2790, lumen dice: 0.9442, wall dice: 0.8608, distal recall: 0.8900
epoch: 112, iter: 410/3251, distal-aware loss: 0.2798, lumen dice: 0.9439, wall dice: 0.8606, distal recall: 0.8901
epoch: 112, iter: 420/3251, distal-aware loss: 0.2799, lumen dice: 0.9440, wall dice: 0.8608, distal recall: 0.8902
epoch: 112, iter: 430/3251, distal-aware loss: 0.2796, lumen dice: 0.9442, wall dice: 0.8611, distal recall: 0.8903
epoch: 112, iter: 440/3251, distal-aware loss: 0.2799, lumen dice: 0.9445, wall dice: 0.8611, distal recall: 0.8900
epoch: 112, iter: 450/3251, distal-aware loss: 0.2795, lumen dice: 0.9446, wall dice: 0.8613, distal recall: 0.8902
epoch: 112, iter: 460/3251, distal-aware loss: 0.2796, lumen dice: 0.9447, wall dice: 0.8609, distal recall: 0.8898
epoch: 112, iter: 470/3251, distal-aware loss: 0.2794, lumen dice: 0.9449, wall dice: 0.8610, distal recall: 0.8902
epoch: 112, iter: 480/3251, distal-aware loss: 0.2794, lumen dice: 0.9446, wall dice: 0.8612, distal recall: 0.8902
epoch: 112, iter: 490/3251, distal-aware loss: 0.2792, lumen dice: 0.9448, wall dice: 0.8612, distal recall: 0.8905
epoch: 112, iter: 500/3251, distal-aware loss: 0.2795, lumen dice: 0.9447, wall dice: 0.8612, distal recall: 0.8903
epoch: 112, iter: 510/3251, distal-aware loss: 0.2789, lumen dice: 0.9448, wall dice: 0.8615, distal recall: 0.8907
epoch: 112, iter: 520/3251, distal-aware loss: 0.2791, lumen dice: 0.9448, wall dice: 0.8616, distal recall: 0.8908
epoch: 112, iter: 530/3251, distal-aware loss: 0.2790, lumen dice: 0.9448, wall dice: 0.8616, distal recall: 0.8910
epoch: 112, iter: 540/3251, distal-aware loss: 0.2794, lumen dice: 0.9449, wall dice: 0.8616, distal recall: 0.8907
epoch: 112, iter: 550/3251, distal-aware loss: 0.2792, lumen dice: 0.9450, wall dice: 0.8617, distal recall: 0.8908
epoch: 112, iter: 560/3251, distal-aware loss: 0.2796, lumen dice: 0.9449, wall dice: 0.8617, distal recall: 0.8906
epoch: 112, iter: 570/3251, distal-aware loss: 0.2792, lumen dice: 0.9452, wall dice: 0.8619, distal recall: 0.8907
epoch: 112, iter: 580/3251, distal-aware loss: 0.2791, lumen dice: 0.9449, wall dice: 0.8619, distal recall: 0.8910
epoch: 112, iter: 590/3251, distal-aware loss: 0.2788, lumen dice: 0.9452, wall dice: 0.8622, distal recall: 0.8909
epoch: 112, iter: 600/3251, distal-aware loss: 0.2786, lumen dice: 0.9453, wall dice: 0.8624, distal recall: 0.8909
epoch: 112, iter: 610/3251, distal-aware loss: 0.2781, lumen dice: 0.9455, wall dice: 0.8626, distal recall: 0.8912
epoch: 112, iter: 620/3251, distal-aware loss: 0.2776, lumen dice: 0.9457, wall dice: 0.8627, distal recall: 0.8913
epoch: 112, iter: 630/3251, distal-aware loss: 0.2776, lumen dice: 0.9456, wall dice: 0.8627, distal recall: 0.8914
epoch: 112, iter: 640/3251, distal-aware loss: 0.2773, lumen dice: 0.9457, wall dice: 0.8629, distal recall: 0.8916
epoch: 112, iter: 650/3251, distal-aware loss: 0.2778, lumen dice: 0.9456, wall dice: 0.8623, distal recall: 0.8914
epoch: 112, iter: 660/3251, distal-aware loss: 0.2788, lumen dice: 0.9449, wall dice: 0.8620, distal recall: 0.8909
epoch: 112, iter: 670/3251, distal-aware loss: 0.2794, lumen dice: 0.9447, wall dice: 0.8616, distal recall: 0.8900
epoch: 112, iter: 680/3251, distal-aware loss: 0.2794, lumen dice: 0.9445, wall dice: 0.8615, distal recall: 0.8901
epoch: 112, iter: 690/3251, distal-aware loss: 0.2795, lumen dice: 0.9446, wall dice: 0.8614, distal recall: 0.8898
epoch: 112, iter: 700/3251, distal-aware loss: 0.2797, lumen dice: 0.9447, wall dice: 0.8612, distal recall: 0.8895
epoch: 112, iter: 710/3251, distal-aware loss: 0.2802, lumen dice: 0.9447, wall dice: 0.8606, distal recall: 0.8894
epoch: 112, iter: 720/3251, distal-aware loss: 0.2799, lumen dice: 0.9448, wall dice: 0.8609, distal recall: 0.8895
epoch: 112, iter: 730/3251, distal-aware loss: 0.2795, lumen dice: 0.9450, wall dice: 0.8612, distal recall: 0.8896
epoch: 112, iter: 740/3251, distal-aware loss: 0.2793, lumen dice: 0.9450, wall dice: 0.8612, distal recall: 0.8898
epoch: 112, iter: 750/3251, distal-aware loss: 0.2790, lumen dice: 0.9452, wall dice: 0.8615, distal recall: 0.8899
epoch: 112, iter: 760/3251, distal-aware loss: 0.2788, lumen dice: 0.9453, wall dice: 0.8617, distal recall: 0.8900
epoch: 112, iter: 770/3251, distal-aware loss: 0.2785, lumen dice: 0.9455, wall dice: 0.8618, distal recall: 0.8900
epoch: 112, iter: 780/3251, distal-aware loss: 0.2784, lumen dice: 0.9454, wall dice: 0.8619, distal recall: 0.8903
epoch: 112, iter: 790/3251, distal-aware loss: 0.2785, lumen dice: 0.9454, wall dice: 0.8618, distal recall: 0.8904
epoch: 112, iter: 800/3251, distal-aware loss: 0.2786, lumen dice: 0.9452, wall dice: 0.8615, distal recall: 0.8901
epoch: 112, iter: 810/3251, distal-aware loss: 0.2787, lumen dice: 0.9452, wall dice: 0.8614, distal recall: 0.8900
epoch: 112, iter: 820/3251, distal-aware loss: 0.2787, lumen dice: 0.9451, wall dice: 0.8615, distal recall: 0.8899
epoch: 112, iter: 830/3251, distal-aware loss: 0.2788, lumen dice: 0.9450, wall dice: 0.8615, distal recall: 0.8898
epoch: 112, iter: 840/3251, distal-aware loss: 0.2787, lumen dice: 0.9448, wall dice: 0.8615, distal recall: 0.8898
epoch: 112, iter: 850/3251, distal-aware loss: 0.2787, lumen dice: 0.9450, wall dice: 0.8616, distal recall: 0.8898
epoch: 112, iter: 860/3251, distal-aware loss: 0.2792, lumen dice: 0.9447, wall dice: 0.8612, distal recall: 0.8892
epoch: 112, iter: 870/3251, distal-aware loss: 0.2794, lumen dice: 0.9447, wall dice: 0.8612, distal recall: 0.8892
epoch: 112, iter: 880/3251, distal-aware loss: 0.2795, lumen dice: 0.9448, wall dice: 0.8611, distal recall: 0.8890
epoch: 112, iter: 890/3251, distal-aware loss: 0.2795, lumen dice: 0.9449, wall dice: 0.8611, distal recall: 0.8891
epoch: 112, iter: 900/3251, distal-aware loss: 0.2792, lumen dice: 0.9450, wall dice: 0.8612, distal recall: 0.8894
epoch: 112, iter: 910/3251, distal-aware loss: 0.2792, lumen dice: 0.9451, wall dice: 0.8612, distal recall: 0.8892
epoch: 112, iter: 920/3251, distal-aware loss: 0.2791, lumen dice: 0.9452, wall dice: 0.8613, distal recall: 0.8894
epoch: 112, iter: 930/3251, distal-aware loss: 0.2792, lumen dice: 0.9453, wall dice: 0.8614, distal recall: 0.8894
epoch: 112, iter: 940/3251, distal-aware loss: 0.2790, lumen dice: 0.9455, wall dice: 0.8615, distal recall: 0.8893
epoch: 112, iter: 950/3251, distal-aware loss: 0.2786, lumen dice: 0.9456, wall dice: 0.8618, distal recall: 0.8896
epoch: 112, iter: 960/3251, distal-aware loss: 0.2784, lumen dice: 0.9457, wall dice: 0.8613, distal recall: 0.8895
epoch: 112, iter: 970/3251, distal-aware loss: 0.2787, lumen dice: 0.9450, wall dice: 0.8613, distal recall: 0.8896
epoch: 112, iter: 980/3251, distal-aware loss: 0.2785, lumen dice: 0.9451, wall dice: 0.8614, distal recall: 0.8898
epoch: 112, iter: 990/3251, distal-aware loss: 0.2786, lumen dice: 0.9449, wall dice: 0.8612, distal recall: 0.8897
epoch: 112, iter: 1000/3251, distal-aware loss: 0.2788, lumen dice: 0.9450, wall dice: 0.8609, distal recall: 0.8894
epoch: 112, iter: 1010/3251, distal-aware loss: 0.2787, lumen dice: 0.9450, wall dice: 0.8609, distal recall: 0.8896
epoch: 112, iter: 1020/3251, distal-aware loss: 0.2786, lumen dice: 0.9450, wall dice: 0.8610, distal recall: 0.8896
epoch: 112, iter: 1030/3251, distal-aware loss: 0.2785, lumen dice: 0.9450, wall dice: 0.8612, distal recall: 0.8897
epoch: 112, iter: 1040/3251, distal-aware loss: 0.2786, lumen dice: 0.9450, wall dice: 0.8612, distal recall: 0.8896
epoch: 112, iter: 1050/3251, distal-aware loss: 0.2788, lumen dice: 0.9450, wall dice: 0.8611, distal recall: 0.8894
epoch: 112, iter: 1060/3251, distal-aware loss: 0.2789, lumen dice: 0.9449, wall dice: 0.8611, distal recall: 0.8895
epoch: 112, iter: 1070/3251, distal-aware loss: 0.2788, lumen dice: 0.9450, wall dice: 0.8611, distal recall: 0.8895
epoch: 112, iter: 1080/3251, distal-aware loss: 0.2788, lumen dice: 0.9450, wall dice: 0.8611, distal recall: 0.8896
epoch: 112, iter: 1090/3251, distal-aware loss: 0.2787, lumen dice: 0.9451, wall dice: 0.8611, distal recall: 0.8896
epoch: 112, iter: 1100/3251, distal-aware loss: 0.2784, lumen dice: 0.9451, wall dice: 0.8612, distal recall: 0.8895
epoch: 112, iter: 1110/3251, distal-aware loss: 0.2782, lumen dice: 0.9451, wall dice: 0.8613, distal recall: 0.8897
epoch: 112, iter: 1120/3251, distal-aware loss: 0.2782, lumen dice: 0.9452, wall dice: 0.8611, distal recall: 0.8897
epoch: 112, iter: 1130/3251, distal-aware loss: 0.2782, lumen dice: 0.9453, wall dice: 0.8611, distal recall: 0.8897
epoch: 112, iter: 1140/3251, distal-aware loss: 0.2781, lumen dice: 0.9453, wall dice: 0.8612, distal recall: 0.8898
epoch: 112, iter: 1150/3251, distal-aware loss: 0.2782, lumen dice: 0.9451, wall dice: 0.8612, distal recall: 0.8899
epoch: 112, iter: 1160/3251, distal-aware loss: 0.2781, lumen dice: 0.9452, wall dice: 0.8612, distal recall: 0.8898
epoch: 112, iter: 1170/3251, distal-aware loss: 0.2782, lumen dice: 0.9453, wall dice: 0.8612, distal recall: 0.8899
epoch: 112, iter: 1180/3251, distal-aware loss: 0.2780, lumen dice: 0.9454, wall dice: 0.8614, distal recall: 0.8901
epoch: 112, iter: 1190/3251, distal-aware loss: 0.2778, lumen dice: 0.9455, wall dice: 0.8615, distal recall: 0.8900
epoch: 112, iter: 1200/3251, distal-aware loss: 0.2779, lumen dice: 0.9455, wall dice: 0.8614, distal recall: 0.8899
epoch: 112, iter: 1210/3251, distal-aware loss: 0.2778, lumen dice: 0.9456, wall dice: 0.8616, distal recall: 0.8899
epoch: 112, iter: 1220/3251, distal-aware loss: 0.2782, lumen dice: 0.9453, wall dice: 0.8611, distal recall: 0.8898
epoch: 112, iter: 1230/3251, distal-aware loss: 0.2783, lumen dice: 0.9452, wall dice: 0.8611, distal recall: 0.8898
epoch: 112, iter: 1240/3251, distal-aware loss: 0.2782, lumen dice: 0.9452, wall dice: 0.8611, distal recall: 0.8898
epoch: 112, iter: 1250/3251, distal-aware loss: 0.2780, lumen dice: 0.9453, wall dice: 0.8612, distal recall: 0.8900
epoch: 112, iter: 1260/3251, distal-aware loss: 0.2780, lumen dice: 0.9452, wall dice: 0.8612, distal recall: 0.8900
epoch: 112, iter: 1270/3251, distal-aware loss: 0.2780, lumen dice: 0.9453, wall dice: 0.8613, distal recall: 0.8900
epoch: 112, iter: 1280/3251, distal-aware loss: 0.2780, lumen dice: 0.9452, wall dice: 0.8613, distal recall: 0.8901
epoch: 112, iter: 1290/3251, distal-aware loss: 0.2783, lumen dice: 0.9450, wall dice: 0.8611, distal recall: 0.8899
epoch: 112, iter: 1300/3251, distal-aware loss: 0.2783, lumen dice: 0.9450, wall dice: 0.8610, distal recall: 0.8899
epoch: 112, iter: 1310/3251, distal-aware loss: 0.2781, lumen dice: 0.9451, wall dice: 0.8611, distal recall: 0.8901
epoch: 112, iter: 1320/3251, distal-aware loss: 0.2782, lumen dice: 0.9452, wall dice: 0.8609, distal recall: 0.8900
epoch: 112, iter: 1330/3251, distal-aware loss: 0.2780, lumen dice: 0.9454, wall dice: 0.8611, distal recall: 0.8902
epoch: 112, iter: 1340/3251, distal-aware loss: 0.2779, lumen dice: 0.9454, wall dice: 0.8612, distal recall: 0.8901
epoch: 112, iter: 1350/3251, distal-aware loss: 0.2777, lumen dice: 0.9455, wall dice: 0.8614, distal recall: 0.8901
epoch: 112, iter: 1360/3251, distal-aware loss: 0.2777, lumen dice: 0.9455, wall dice: 0.8614, distal recall: 0.8901
epoch: 112, iter: 1370/3251, distal-aware loss: 0.2777, lumen dice: 0.9455, wall dice: 0.8611, distal recall: 0.8900
epoch: 112, iter: 1380/3251, distal-aware loss: 0.2777, lumen dice: 0.9454, wall dice: 0.8611, distal recall: 0.8901
epoch: 112, iter: 1390/3251, distal-aware loss: 0.2778, lumen dice: 0.9454, wall dice: 0.8611, distal recall: 0.8901
epoch: 112, iter: 1400/3251, distal-aware loss: 0.2777, lumen dice: 0.9455, wall dice: 0.8610, distal recall: 0.8899
epoch: 112, iter: 1410/3251, distal-aware loss: 0.2777, lumen dice: 0.9453, wall dice: 0.8611, distal recall: 0.8901
epoch: 112, iter: 1420/3251, distal-aware loss: 0.2776, lumen dice: 0.9454, wall dice: 0.8611, distal recall: 0.8901
epoch: 112, iter: 1430/3251, distal-aware loss: 0.2776, lumen dice: 0.9452, wall dice: 0.8612, distal recall: 0.8902
epoch: 112, iter: 1440/3251, distal-aware loss: 0.2778, lumen dice: 0.9452, wall dice: 0.8612, distal recall: 0.8899
epoch: 112, iter: 1450/3251, distal-aware loss: 0.2778, lumen dice: 0.9452, wall dice: 0.8611, distal recall: 0.8899
epoch: 112, iter: 1460/3251, distal-aware loss: 0.2779, lumen dice: 0.9452, wall dice: 0.8610, distal recall: 0.8899
epoch: 112, iter: 1470/3251, distal-aware loss: 0.2778, lumen dice: 0.9452, wall dice: 0.8611, distal recall: 0.8899
epoch: 112, iter: 1480/3251, distal-aware loss: 0.2779, lumen dice: 0.9452, wall dice: 0.8610, distal recall: 0.8898
epoch: 112, iter: 1490/3251, distal-aware loss: 0.2780, lumen dice: 0.9452, wall dice: 0.8610, distal recall: 0.8897
epoch: 112, iter: 1500/3251, distal-aware loss: 0.2779, lumen dice: 0.9453, wall dice: 0.8611, distal recall: 0.8898
epoch: 112, iter: 1510/3251, distal-aware loss: 0.2779, lumen dice: 0.9453, wall dice: 0.8609, distal recall: 0.8896
epoch: 112, iter: 1520/3251, distal-aware loss: 0.2779, lumen dice: 0.9453, wall dice: 0.8609, distal recall: 0.8897
epoch: 112, iter: 1530/3251, distal-aware loss: 0.2779, lumen dice: 0.9452, wall dice: 0.8609, distal recall: 0.8897
epoch: 112, iter: 1540/3251, distal-aware loss: 0.2780, lumen dice: 0.9452, wall dice: 0.8607, distal recall: 0.8896
epoch: 112, iter: 1550/3251, distal-aware loss: 0.2782, lumen dice: 0.9450, wall dice: 0.8606, distal recall: 0.8895
epoch: 112, iter: 1560/3251, distal-aware loss: 0.2781, lumen dice: 0.9450, wall dice: 0.8606, distal recall: 0.8894
epoch: 112, iter: 1570/3251, distal-aware loss: 0.2780, lumen dice: 0.9451, wall dice: 0.8607, distal recall: 0.8896
epoch: 112, iter: 1580/3251, distal-aware loss: 0.2779, lumen dice: 0.9452, wall dice: 0.8608, distal recall: 0.8896
epoch: 112, iter: 1590/3251, distal-aware loss: 0.2779, lumen dice: 0.9452, wall dice: 0.8608, distal recall: 0.8896
epoch: 112, iter: 1600/3251, distal-aware loss: 0.2779, lumen dice: 0.9453, wall dice: 0.8608, distal recall: 0.8894
epoch: 112, iter: 1610/3251, distal-aware loss: 0.2779, lumen dice: 0.9453, wall dice: 0.8607, distal recall: 0.8894
epoch: 112, iter: 1620/3251, distal-aware loss: 0.2779, lumen dice: 0.9454, wall dice: 0.8608, distal recall: 0.8894
epoch: 112, iter: 1630/3251, distal-aware loss: 0.2779, lumen dice: 0.9454, wall dice: 0.8608, distal recall: 0.8894
epoch: 112, iter: 1640/3251, distal-aware loss: 0.2777, lumen dice: 0.9455, wall dice: 0.8607, distal recall: 0.8894
epoch: 112, iter: 1650/3251, distal-aware loss: 0.2778, lumen dice: 0.9455, wall dice: 0.8607, distal recall: 0.8894
epoch: 112, iter: 1660/3251, distal-aware loss: 0.2780, lumen dice: 0.9454, wall dice: 0.8607, distal recall: 0.8893
epoch: 112, iter: 1670/3251, distal-aware loss: 0.2779, lumen dice: 0.9455, wall dice: 0.8607, distal recall: 0.8894
epoch: 112, iter: 1680/3251, distal-aware loss: 0.2778, lumen dice: 0.9455, wall dice: 0.8608, distal recall: 0.8895
epoch: 112, iter: 1690/3251, distal-aware loss: 0.2780, lumen dice: 0.9454, wall dice: 0.8607, distal recall: 0.8894
epoch: 112, iter: 1700/3251, distal-aware loss: 0.2779, lumen dice: 0.9455, wall dice: 0.8607, distal recall: 0.8894
epoch: 112, iter: 1710/3251, distal-aware loss: 0.2780, lumen dice: 0.9455, wall dice: 0.8607, distal recall: 0.8894
epoch: 112, iter: 1720/3251, distal-aware loss: 0.2779, lumen dice: 0.9455, wall dice: 0.8606, distal recall: 0.8895
epoch: 112, iter: 1730/3251, distal-aware loss: 0.2778, lumen dice: 0.9456, wall dice: 0.8606, distal recall: 0.8895
epoch: 112, iter: 1740/3251, distal-aware loss: 0.2779, lumen dice: 0.9457, wall dice: 0.8606, distal recall: 0.8894
epoch: 112, iter: 1750/3251, distal-aware loss: 0.2778, lumen dice: 0.9456, wall dice: 0.8606, distal recall: 0.8895
epoch: 112, iter: 1760/3251, distal-aware loss: 0.2779, lumen dice: 0.9456, wall dice: 0.8606, distal recall: 0.8894
epoch: 112, iter: 1770/3251, distal-aware loss: 0.2779, lumen dice: 0.9456, wall dice: 0.8606, distal recall: 0.8894
epoch: 112, iter: 1780/3251, distal-aware loss: 0.2778, lumen dice: 0.9457, wall dice: 0.8605, distal recall: 0.8894
epoch: 112, iter: 1790/3251, distal-aware loss: 0.2779, lumen dice: 0.9456, wall dice: 0.8606, distal recall: 0.8895
epoch: 112, iter: 1800/3251, distal-aware loss: 0.2779, lumen dice: 0.9457, wall dice: 0.8607, distal recall: 0.8895
epoch: 112, iter: 1810/3251, distal-aware loss: 0.2778, lumen dice: 0.9457, wall dice: 0.8607, distal recall: 0.8895
epoch: 112, iter: 1820/3251, distal-aware loss: 0.2777, lumen dice: 0.9458, wall dice: 0.8607, distal recall: 0.8895
epoch: 112, iter: 1830/3251, distal-aware loss: 0.2777, lumen dice: 0.9458, wall dice: 0.8607, distal recall: 0.8896
epoch: 112, iter: 1840/3251, distal-aware loss: 0.2776, lumen dice: 0.9458, wall dice: 0.8608, distal recall: 0.8896
epoch: 112, iter: 1850/3251, distal-aware loss: 0.2775, lumen dice: 0.9458, wall dice: 0.8608, distal recall: 0.8896
epoch: 112, iter: 1860/3251, distal-aware loss: 0.2774, lumen dice: 0.9458, wall dice: 0.8609, distal recall: 0.8897
epoch: 112, iter: 1870/3251, distal-aware loss: 0.2774, lumen dice: 0.9458, wall dice: 0.8610, distal recall: 0.8898
epoch: 112, iter: 1880/3251, distal-aware loss: 0.2775, lumen dice: 0.9458, wall dice: 0.8608, distal recall: 0.8897
epoch: 112, iter: 1890/3251, distal-aware loss: 0.2775, lumen dice: 0.9459, wall dice: 0.8609, distal recall: 0.8897
epoch: 112, iter: 1900/3251, distal-aware loss: 0.2776, lumen dice: 0.9459, wall dice: 0.8609, distal recall: 0.8896
epoch: 112, iter: 1910/3251, distal-aware loss: 0.2774, lumen dice: 0.9459, wall dice: 0.8609, distal recall: 0.8896
epoch: 112, iter: 1920/3251, distal-aware loss: 0.2775, lumen dice: 0.9460, wall dice: 0.8609, distal recall: 0.8896
epoch: 112, iter: 1930/3251, distal-aware loss: 0.2772, lumen dice: 0.9461, wall dice: 0.8610, distal recall: 0.8897
epoch: 112, iter: 1940/3251, distal-aware loss: 0.2773, lumen dice: 0.9460, wall dice: 0.8610, distal recall: 0.8896
epoch: 112, iter: 1950/3251, distal-aware loss: 0.2779, lumen dice: 0.9456, wall dice: 0.8610, distal recall: 0.8896
epoch: 112, iter: 1960/3251, distal-aware loss: 0.2779, lumen dice: 0.9456, wall dice: 0.8610, distal recall: 0.8895
epoch: 112, iter: 1970/3251, distal-aware loss: 0.2779, lumen dice: 0.9456, wall dice: 0.8607, distal recall: 0.8896
epoch: 112, iter: 1980/3251, distal-aware loss: 0.2780, lumen dice: 0.9455, wall dice: 0.8606, distal recall: 0.8895
epoch: 112, iter: 1990/3251, distal-aware loss: 0.2780, lumen dice: 0.9455, wall dice: 0.8607, distal recall: 0.8894
epoch: 112, iter: 2000/3251, distal-aware loss: 0.2779, lumen dice: 0.9456, wall dice: 0.8608, distal recall: 0.8894
epoch: 112, iter: 2010/3251, distal-aware loss: 0.2779, lumen dice: 0.9456, wall dice: 0.8607, distal recall: 0.8895
epoch: 112, iter: 2020/3251, distal-aware loss: 0.2778, lumen dice: 0.9456, wall dice: 0.8608, distal recall: 0.8895
epoch: 112, iter: 2030/3251, distal-aware loss: 0.2777, lumen dice: 0.9457, wall dice: 0.8608, distal recall: 0.8896
epoch: 112, iter: 2040/3251, distal-aware loss: 0.2775, lumen dice: 0.9457, wall dice: 0.8608, distal recall: 0.8897
epoch: 112, iter: 2050/3251, distal-aware loss: 0.2775, lumen dice: 0.9457, wall dice: 0.8609, distal recall: 0.8898
epoch: 112, iter: 2060/3251, distal-aware loss: 0.2775, lumen dice: 0.9458, wall dice: 0.8609, distal recall: 0.8897
epoch: 112, iter: 2070/3251, distal-aware loss: 0.2776, lumen dice: 0.9457, wall dice: 0.8610, distal recall: 0.8897
epoch: 112, iter: 2080/3251, distal-aware loss: 0.2774, lumen dice: 0.9458, wall dice: 0.8610, distal recall: 0.8898
epoch: 112, iter: 2090/3251, distal-aware loss: 0.2773, lumen dice: 0.9459, wall dice: 0.8610, distal recall: 0.8898
epoch: 112, iter: 2100/3251, distal-aware loss: 0.2774, lumen dice: 0.9458, wall dice: 0.8610, distal recall: 0.8899
epoch: 112, iter: 2110/3251, distal-aware loss: 0.2772, lumen dice: 0.9459, wall dice: 0.8611, distal recall: 0.8899
epoch: 112, iter: 2120/3251, distal-aware loss: 0.2772, lumen dice: 0.9459, wall dice: 0.8612, distal recall: 0.8899
epoch: 112, iter: 2130/3251, distal-aware loss: 0.2772, lumen dice: 0.9459, wall dice: 0.8611, distal recall: 0.8899
epoch: 112, iter: 2140/3251, distal-aware loss: 0.2772, lumen dice: 0.9459, wall dice: 0.8611, distal recall: 0.8898
epoch: 112, iter: 2150/3251, distal-aware loss: 0.2772, lumen dice: 0.9459, wall dice: 0.8611, distal recall: 0.8898
epoch: 112, iter: 2160/3251, distal-aware loss: 0.2773, lumen dice: 0.9459, wall dice: 0.8611, distal recall: 0.8898
epoch: 112, iter: 2170/3251, distal-aware loss: 0.2773, lumen dice: 0.9459, wall dice: 0.8612, distal recall: 0.8898
epoch: 112, iter: 2180/3251, distal-aware loss: 0.2772, lumen dice: 0.9459, wall dice: 0.8612, distal recall: 0.8898
epoch: 112, iter: 2190/3251, distal-aware loss: 0.2772, lumen dice: 0.9460, wall dice: 0.8612, distal recall: 0.8898
epoch: 112, iter: 2200/3251, distal-aware loss: 0.2773, lumen dice: 0.9460, wall dice: 0.8611, distal recall: 0.8898
epoch: 112, iter: 2210/3251, distal-aware loss: 0.2772, lumen dice: 0.9460, wall dice: 0.8611, distal recall: 0.8899
epoch: 112, iter: 2220/3251, distal-aware loss: 0.2772, lumen dice: 0.9460, wall dice: 0.8611, distal recall: 0.8899
epoch: 112, iter: 2230/3251, distal-aware loss: 0.2774, lumen dice: 0.9459, wall dice: 0.8611, distal recall: 0.8898
epoch: 112, iter: 2240/3251, distal-aware loss: 0.2774, lumen dice: 0.9459, wall dice: 0.8611, distal recall: 0.8898
epoch: 112, iter: 2250/3251, distal-aware loss: 0.2773, lumen dice: 0.9459, wall dice: 0.8612, distal recall: 0.8898
epoch: 112, iter: 2260/3251, distal-aware loss: 0.2773, lumen dice: 0.9459, wall dice: 0.8612, distal recall: 0.8898
epoch: 112, iter: 2270/3251, distal-aware loss: 0.2774, lumen dice: 0.9459, wall dice: 0.8610, distal recall: 0.8897
epoch: 112, iter: 2280/3251, distal-aware loss: 0.2774, lumen dice: 0.9459, wall dice: 0.8611, distal recall: 0.8897
epoch: 112, iter: 2290/3251, distal-aware loss: 0.2774, lumen dice: 0.9458, wall dice: 0.8611, distal recall: 0.8898
epoch: 112, iter: 2300/3251, distal-aware loss: 0.2774, lumen dice: 0.9459, wall dice: 0.8611, distal recall: 0.8898
epoch: 112, iter: 2310/3251, distal-aware loss: 0.2774, lumen dice: 0.9458, wall dice: 0.8611, distal recall: 0.8898
epoch: 112, iter: 2320/3251, distal-aware loss: 0.2773, lumen dice: 0.9459, wall dice: 0.8611, distal recall: 0.8899
epoch: 112, iter: 2330/3251, distal-aware loss: 0.2773, lumen dice: 0.9459, wall dice: 0.8611, distal recall: 0.8898
epoch: 112, iter: 2340/3251, distal-aware loss: 0.2772, lumen dice: 0.9459, wall dice: 0.8611, distal recall: 0.8899
epoch: 112, iter: 2350/3251, distal-aware loss: 0.2772, lumen dice: 0.9459, wall dice: 0.8611, distal recall: 0.8900
epoch: 112, iter: 2360/3251, distal-aware loss: 0.2772, lumen dice: 0.9459, wall dice: 0.8612, distal recall: 0.8899
epoch: 112, iter: 2370/3251, distal-aware loss: 0.2772, lumen dice: 0.9460, wall dice: 0.8612, distal recall: 0.8899
epoch: 112, iter: 2380/3251, distal-aware loss: 0.2770, lumen dice: 0.9460, wall dice: 0.8613, distal recall: 0.8900
epoch: 112, iter: 2390/3251, distal-aware loss: 0.2770, lumen dice: 0.9460, wall dice: 0.8614, distal recall: 0.8900
epoch: 112, iter: 2400/3251, distal-aware loss: 0.2770, lumen dice: 0.9460, wall dice: 0.8614, distal recall: 0.8900
epoch: 112, iter: 2410/3251, distal-aware loss: 0.2770, lumen dice: 0.9460, wall dice: 0.8614, distal recall: 0.8901
epoch: 112, iter: 2420/3251, distal-aware loss: 0.2770, lumen dice: 0.9460, wall dice: 0.8614, distal recall: 0.8900
epoch: 112, iter: 2430/3251, distal-aware loss: 0.2771, lumen dice: 0.9460, wall dice: 0.8614, distal recall: 0.8900
epoch: 112, iter: 2440/3251, distal-aware loss: 0.2772, lumen dice: 0.9460, wall dice: 0.8614, distal recall: 0.8900
epoch: 112, iter: 2450/3251, distal-aware loss: 0.2771, lumen dice: 0.9460, wall dice: 0.8614, distal recall: 0.8900
epoch: 112, iter: 2460/3251, distal-aware loss: 0.2770, lumen dice: 0.9460, wall dice: 0.8615, distal recall: 0.8900
epoch: 112, iter: 2470/3251, distal-aware loss: 0.2770, lumen dice: 0.9460, wall dice: 0.8615, distal recall: 0.8901
epoch: 112, iter: 2480/3251, distal-aware loss: 0.2768, lumen dice: 0.9461, wall dice: 0.8616, distal recall: 0.8901
epoch: 112, iter: 2490/3251, distal-aware loss: 0.2768, lumen dice: 0.9461, wall dice: 0.8616, distal recall: 0.8902
epoch: 112, iter: 2500/3251, distal-aware loss: 0.2767, lumen dice: 0.9462, wall dice: 0.8616, distal recall: 0.8901
epoch: 112, iter: 2510/3251, distal-aware loss: 0.2768, lumen dice: 0.9462, wall dice: 0.8617, distal recall: 0.8901
epoch: 112, iter: 2520/3251, distal-aware loss: 0.2768, lumen dice: 0.9462, wall dice: 0.8617, distal recall: 0.8901
epoch: 112, iter: 2530/3251, distal-aware loss: 0.2767, lumen dice: 0.9462, wall dice: 0.8617, distal recall: 0.8902
epoch: 112, iter: 2540/3251, distal-aware loss: 0.2767, lumen dice: 0.9462, wall dice: 0.8617, distal recall: 0.8902
epoch: 112, iter: 2550/3251, distal-aware loss: 0.2766, lumen dice: 0.9463, wall dice: 0.8618, distal recall: 0.8903
epoch: 112, iter: 2560/3251, distal-aware loss: 0.2765, lumen dice: 0.9463, wall dice: 0.8618, distal recall: 0.8903
epoch: 112, iter: 2570/3251, distal-aware loss: 0.2766, lumen dice: 0.9463, wall dice: 0.8618, distal recall: 0.8902
epoch: 112, iter: 2580/3251, distal-aware loss: 0.2765, lumen dice: 0.9463, wall dice: 0.8619, distal recall: 0.8903
epoch: 112, iter: 2590/3251, distal-aware loss: 0.2766, lumen dice: 0.9463, wall dice: 0.8618, distal recall: 0.8902
epoch: 112, iter: 2600/3251, distal-aware loss: 0.2765, lumen dice: 0.9463, wall dice: 0.8619, distal recall: 0.8903
epoch: 112, iter: 2610/3251, distal-aware loss: 0.2765, lumen dice: 0.9462, wall dice: 0.8619, distal recall: 0.8902
epoch: 112, iter: 2620/3251, distal-aware loss: 0.2765, lumen dice: 0.9462, wall dice: 0.8619, distal recall: 0.8902
epoch: 112, iter: 2630/3251, distal-aware loss: 0.2765, lumen dice: 0.9462, wall dice: 0.8619, distal recall: 0.8902
epoch: 112, iter: 2640/3251, distal-aware loss: 0.2765, lumen dice: 0.9463, wall dice: 0.8619, distal recall: 0.8902
epoch: 112, iter: 2650/3251, distal-aware loss: 0.2764, lumen dice: 0.9463, wall dice: 0.8620, distal recall: 0.8902
epoch: 112, iter: 2660/3251, distal-aware loss: 0.2764, lumen dice: 0.9463, wall dice: 0.8620, distal recall: 0.8901
epoch: 112, iter: 2670/3251, distal-aware loss: 0.2764, lumen dice: 0.9463, wall dice: 0.8620, distal recall: 0.8901
epoch: 112, iter: 2680/3251, distal-aware loss: 0.2764, lumen dice: 0.9463, wall dice: 0.8620, distal recall: 0.8902
epoch: 112, iter: 2690/3251, distal-aware loss: 0.2764, lumen dice: 0.9463, wall dice: 0.8620, distal recall: 0.8902
epoch: 112, iter: 2700/3251, distal-aware loss: 0.2765, lumen dice: 0.9463, wall dice: 0.8620, distal recall: 0.8903
epoch: 112, iter: 2710/3251, distal-aware loss: 0.2764, lumen dice: 0.9463, wall dice: 0.8620, distal recall: 0.8902
epoch: 112, iter: 2720/3251, distal-aware loss: 0.2765, lumen dice: 0.9464, wall dice: 0.8619, distal recall: 0.8901
epoch: 112, iter: 2730/3251, distal-aware loss: 0.2765, lumen dice: 0.9464, wall dice: 0.8619, distal recall: 0.8901
epoch: 112, iter: 2740/3251, distal-aware loss: 0.2765, lumen dice: 0.9464, wall dice: 0.8620, distal recall: 0.8902
epoch: 112, iter: 2750/3251, distal-aware loss: 0.2765, lumen dice: 0.9463, wall dice: 0.8619, distal recall: 0.8902
epoch: 112, iter: 2760/3251, distal-aware loss: 0.2765, lumen dice: 0.9463, wall dice: 0.8620, distal recall: 0.8901
epoch: 112, iter: 2770/3251, distal-aware loss: 0.2764, lumen dice: 0.9464, wall dice: 0.8620, distal recall: 0.8902
epoch: 112, iter: 2780/3251, distal-aware loss: 0.2765, lumen dice: 0.9464, wall dice: 0.8620, distal recall: 0.8901
epoch: 112, iter: 2790/3251, distal-aware loss: 0.2765, lumen dice: 0.9464, wall dice: 0.8619, distal recall: 0.8901
epoch: 112, iter: 2800/3251, distal-aware loss: 0.2765, lumen dice: 0.9464, wall dice: 0.8619, distal recall: 0.8901
epoch: 112, iter: 2810/3251, distal-aware loss: 0.2765, lumen dice: 0.9464, wall dice: 0.8619, distal recall: 0.8901
epoch: 112, iter: 2820/3251, distal-aware loss: 0.2763, lumen dice: 0.9465, wall dice: 0.8620, distal recall: 0.8901
epoch: 112, iter: 2830/3251, distal-aware loss: 0.2764, lumen dice: 0.9465, wall dice: 0.8619, distal recall: 0.8901
epoch: 112, iter: 2840/3251, distal-aware loss: 0.2763, lumen dice: 0.9465, wall dice: 0.8620, distal recall: 0.8901
epoch: 112, iter: 2850/3251, distal-aware loss: 0.2764, lumen dice: 0.9465, wall dice: 0.8619, distal recall: 0.8901
epoch: 112, iter: 2860/3251, distal-aware loss: 0.2764, lumen dice: 0.9465, wall dice: 0.8620, distal recall: 0.8901
epoch: 112, iter: 2870/3251, distal-aware loss: 0.2764, lumen dice: 0.9465, wall dice: 0.8619, distal recall: 0.8901
epoch: 112, iter: 2880/3251, distal-aware loss: 0.2762, lumen dice: 0.9465, wall dice: 0.8620, distal recall: 0.8902
epoch: 112, iter: 2890/3251, distal-aware loss: 0.2762, lumen dice: 0.9465, wall dice: 0.8620, distal recall: 0.8902
epoch: 112, iter: 2900/3251, distal-aware loss: 0.2762, lumen dice: 0.9465, wall dice: 0.8620, distal recall: 0.8902
epoch: 112, iter: 2910/3251, distal-aware loss: 0.2763, lumen dice: 0.9464, wall dice: 0.8619, distal recall: 0.8902
epoch: 112, iter: 2920/3251, distal-aware loss: 0.2763, lumen dice: 0.9464, wall dice: 0.8620, distal recall: 0.8902
epoch: 112, iter: 2930/3251, distal-aware loss: 0.2764, lumen dice: 0.9464, wall dice: 0.8619, distal recall: 0.8901
epoch: 112, iter: 2940/3251, distal-aware loss: 0.2763, lumen dice: 0.9464, wall dice: 0.8620, distal recall: 0.8901
epoch: 112, iter: 2950/3251, distal-aware loss: 0.2763, lumen dice: 0.9464, wall dice: 0.8620, distal recall: 0.8902
epoch: 112, iter: 2960/3251, distal-aware loss: 0.2762, lumen dice: 0.9464, wall dice: 0.8620, distal recall: 0.8902
epoch: 112, iter: 2970/3251, distal-aware loss: 0.2763, lumen dice: 0.9464, wall dice: 0.8620, distal recall: 0.8901
epoch: 112, iter: 2980/3251, distal-aware loss: 0.2763, lumen dice: 0.9464, wall dice: 0.8620, distal recall: 0.8901
epoch: 112, iter: 2990/3251, distal-aware loss: 0.2763, lumen dice: 0.9464, wall dice: 0.8620, distal recall: 0.8902
epoch: 112, iter: 3000/3251, distal-aware loss: 0.2763, lumen dice: 0.9464, wall dice: 0.8620, distal recall: 0.8902
epoch: 112, iter: 3010/3251, distal-aware loss: 0.2762, lumen dice: 0.9464, wall dice: 0.8620, distal recall: 0.8903
epoch: 112, iter: 3020/3251, distal-aware loss: 0.2761, lumen dice: 0.9464, wall dice: 0.8621, distal recall: 0.8903
epoch: 112, iter: 3030/3251, distal-aware loss: 0.2762, lumen dice: 0.9464, wall dice: 0.8620, distal recall: 0.8903
epoch: 112, iter: 3040/3251, distal-aware loss: 0.2762, lumen dice: 0.9465, wall dice: 0.8621, distal recall: 0.8902
epoch: 112, iter: 3050/3251, distal-aware loss: 0.2761, lumen dice: 0.9465, wall dice: 0.8621, distal recall: 0.8903
epoch: 112, iter: 3060/3251, distal-aware loss: 0.2761, lumen dice: 0.9465, wall dice: 0.8621, distal recall: 0.8903
epoch: 112, iter: 3070/3251, distal-aware loss: 0.2762, lumen dice: 0.9465, wall dice: 0.8621, distal recall: 0.8903
epoch: 112, iter: 3080/3251, distal-aware loss: 0.2761, lumen dice: 0.9465, wall dice: 0.8621, distal recall: 0.8904
epoch: 112, iter: 3090/3251, distal-aware loss: 0.2761, lumen dice: 0.9465, wall dice: 0.8621, distal recall: 0.8903
epoch: 112, iter: 3100/3251, distal-aware loss: 0.2760, lumen dice: 0.9465, wall dice: 0.8622, distal recall: 0.8903
epoch: 112, iter: 3110/3251, distal-aware loss: 0.2762, lumen dice: 0.9465, wall dice: 0.8621, distal recall: 0.8903
epoch: 112, iter: 3120/3251, distal-aware loss: 0.2763, lumen dice: 0.9464, wall dice: 0.8619, distal recall: 0.8903
epoch: 112, iter: 3130/3251, distal-aware loss: 0.2764, lumen dice: 0.9464, wall dice: 0.8619, distal recall: 0.8903
epoch: 112, iter: 3140/3251, distal-aware loss: 0.2765, lumen dice: 0.9463, wall dice: 0.8619, distal recall: 0.8903
epoch: 112, iter: 3150/3251, distal-aware loss: 0.2764, lumen dice: 0.9463, wall dice: 0.8619, distal recall: 0.8903
epoch: 112, iter: 3160/3251, distal-aware loss: 0.2764, lumen dice: 0.9463, wall dice: 0.8619, distal recall: 0.8904
epoch: 112, iter: 3170/3251, distal-aware loss: 0.2764, lumen dice: 0.9464, wall dice: 0.8619, distal recall: 0.8903
epoch: 112, iter: 3180/3251, distal-aware loss: 0.2764, lumen dice: 0.9464, wall dice: 0.8618, distal recall: 0.8904
epoch: 112, iter: 3190/3251, distal-aware loss: 0.2764, lumen dice: 0.9464, wall dice: 0.8618, distal recall: 0.8903
epoch: 112, iter: 3200/3251, distal-aware loss: 0.2763, lumen dice: 0.9463, wall dice: 0.8618, distal recall: 0.8903
epoch: 112, iter: 3210/3251, distal-aware loss: 0.2763, lumen dice: 0.9463, wall dice: 0.8618, distal recall: 0.8904
epoch: 112, iter: 3220/3251, distal-aware loss: 0.2762, lumen dice: 0.9463, wall dice: 0.8619, distal recall: 0.8904
epoch: 112, iter: 3230/3251, distal-aware loss: 0.2762, lumen dice: 0.9464, wall dice: 0.8619, distal recall: 0.8904
epoch: 112, iter: 3240/3251, distal-aware loss: 0.2762, lumen dice: 0.9464, wall dice: 0.8619, distal recall: 0.8904
epoch: 112, iter: 3250/3251, distal-aware loss: 0.2761, lumen dice: 0.9464, wall dice: 0.8620, distal recall: 0.8904
epoch: 112, val distal-aware loss: 0.2822, val lumen dice: 0.9556, val wall dice: 0.8869, val distal recall: 0.8980
starting epoch: 113
epoch: 113, iter: 0/3251, distal-aware loss: 0.2250, lumen dice: 0.9723, wall dice: 0.8874, distal recall: 0.9110
epoch: 113, iter: 10/3251, distal-aware loss: 0.2593, lumen dice: 0.9644, wall dice: 0.8771, distal recall: 0.9050
epoch: 113, iter: 20/3251, distal-aware loss: 0.2611, lumen dice: 0.9441, wall dice: 0.8763, distal recall: 0.9029
epoch: 113, iter: 30/3251, distal-aware loss: 0.2698, lumen dice: 0.9439, wall dice: 0.8679, distal recall: 0.9031
epoch: 113, iter: 40/3251, distal-aware loss: 0.2723, lumen dice: 0.9438, wall dice: 0.8579, distal recall: 0.9036
epoch: 113, iter: 50/3251, distal-aware loss: 0.2754, lumen dice: 0.9409, wall dice: 0.8554, distal recall: 0.9021
epoch: 113, iter: 60/3251, distal-aware loss: 0.2717, lumen dice: 0.9437, wall dice: 0.8577, distal recall: 0.9018
epoch: 113, iter: 70/3251, distal-aware loss: 0.2759, lumen dice: 0.9437, wall dice: 0.8572, distal recall: 0.8970
epoch: 113, iter: 80/3251, distal-aware loss: 0.2705, lumen dice: 0.9459, wall dice: 0.8604, distal recall: 0.8972
epoch: 113, iter: 90/3251, distal-aware loss: 0.2733, lumen dice: 0.9459, wall dice: 0.8590, distal recall: 0.8968
epoch: 113, iter: 100/3251, distal-aware loss: 0.2725, lumen dice: 0.9469, wall dice: 0.8600, distal recall: 0.8962
epoch: 113, iter: 110/3251, distal-aware loss: 0.2728, lumen dice: 0.9472, wall dice: 0.8607, distal recall: 0.8961
epoch: 113, iter: 120/3251, distal-aware loss: 0.2695, lumen dice: 0.9483, wall dice: 0.8630, distal recall: 0.8969
epoch: 113, iter: 130/3251, distal-aware loss: 0.2677, lumen dice: 0.9493, wall dice: 0.8646, distal recall: 0.8973
epoch: 113, iter: 140/3251, distal-aware loss: 0.2683, lumen dice: 0.9492, wall dice: 0.8651, distal recall: 0.8966
epoch: 113, iter: 150/3251, distal-aware loss: 0.2661, lumen dice: 0.9501, wall dice: 0.8667, distal recall: 0.8977
epoch: 113, iter: 160/3251, distal-aware loss: 0.2651, lumen dice: 0.9499, wall dice: 0.8674, distal recall: 0.8980
epoch: 113, iter: 170/3251, distal-aware loss: 0.2662, lumen dice: 0.9498, wall dice: 0.8665, distal recall: 0.8992
epoch: 113, iter: 180/3251, distal-aware loss: 0.2692, lumen dice: 0.9484, wall dice: 0.8646, distal recall: 0.8972
epoch: 113, iter: 190/3251, distal-aware loss: 0.2693, lumen dice: 0.9486, wall dice: 0.8649, distal recall: 0.8967
epoch: 113, iter: 200/3251, distal-aware loss: 0.2732, lumen dice: 0.9488, wall dice: 0.8607, distal recall: 0.8950
epoch: 113, iter: 210/3251, distal-aware loss: 0.2732, lumen dice: 0.9491, wall dice: 0.8608, distal recall: 0.8945
epoch: 113, iter: 220/3251, distal-aware loss: 0.2742, lumen dice: 0.9479, wall dice: 0.8603, distal recall: 0.8932
epoch: 113, iter: 230/3251, distal-aware loss: 0.2771, lumen dice: 0.9472, wall dice: 0.8594, distal recall: 0.8914
epoch: 113, iter: 240/3251, distal-aware loss: 0.2781, lumen dice: 0.9472, wall dice: 0.8587, distal recall: 0.8897
epoch: 113, iter: 250/3251, distal-aware loss: 0.2804, lumen dice: 0.9461, wall dice: 0.8580, distal recall: 0.8881
epoch: 113, iter: 260/3251, distal-aware loss: 0.2824, lumen dice: 0.9450, wall dice: 0.8572, distal recall: 0.8868
epoch: 113, iter: 270/3251, distal-aware loss: 0.2825, lumen dice: 0.9449, wall dice: 0.8572, distal recall: 0.8861
epoch: 113, iter: 280/3251, distal-aware loss: 0.2822, lumen dice: 0.9450, wall dice: 0.8572, distal recall: 0.8864
epoch: 113, iter: 290/3251, distal-aware loss: 0.2838, lumen dice: 0.9446, wall dice: 0.8567, distal recall: 0.8860
epoch: 113, iter: 300/3251, distal-aware loss: 0.2833, lumen dice: 0.9450, wall dice: 0.8568, distal recall: 0.8856
epoch: 113, iter: 310/3251, distal-aware loss: 0.2829, lumen dice: 0.9451, wall dice: 0.8568, distal recall: 0.8858
epoch: 113, iter: 320/3251, distal-aware loss: 0.2831, lumen dice: 0.9453, wall dice: 0.8572, distal recall: 0.8861
epoch: 113, iter: 330/3251, distal-aware loss: 0.2835, lumen dice: 0.9451, wall dice: 0.8570, distal recall: 0.8859
epoch: 113, iter: 340/3251, distal-aware loss: 0.2843, lumen dice: 0.9451, wall dice: 0.8566, distal recall: 0.8855
epoch: 113, iter: 350/3251, distal-aware loss: 0.2837, lumen dice: 0.9454, wall dice: 0.8570, distal recall: 0.8857
epoch: 113, iter: 360/3251, distal-aware loss: 0.2833, lumen dice: 0.9457, wall dice: 0.8574, distal recall: 0.8855
epoch: 113, iter: 370/3251, distal-aware loss: 0.2825, lumen dice: 0.9461, wall dice: 0.8577, distal recall: 0.8856
epoch: 113, iter: 380/3251, distal-aware loss: 0.2823, lumen dice: 0.9463, wall dice: 0.8580, distal recall: 0.8856
epoch: 113, iter: 390/3251, distal-aware loss: 0.2820, lumen dice: 0.9461, wall dice: 0.8581, distal recall: 0.8858
epoch: 113, iter: 400/3251, distal-aware loss: 0.2820, lumen dice: 0.9461, wall dice: 0.8580, distal recall: 0.8855
epoch: 113, iter: 410/3251, distal-aware loss: 0.2816, lumen dice: 0.9463, wall dice: 0.8581, distal recall: 0.8857
epoch: 113, iter: 420/3251, distal-aware loss: 0.2815, lumen dice: 0.9463, wall dice: 0.8584, distal recall: 0.8859
epoch: 113, iter: 430/3251, distal-aware loss: 0.2819, lumen dice: 0.9462, wall dice: 0.8583, distal recall: 0.8861
epoch: 113, iter: 440/3251, distal-aware loss: 0.2813, lumen dice: 0.9465, wall dice: 0.8587, distal recall: 0.8862
epoch: 113, iter: 450/3251, distal-aware loss: 0.2815, lumen dice: 0.9465, wall dice: 0.8584, distal recall: 0.8858
epoch: 113, iter: 460/3251, distal-aware loss: 0.2814, lumen dice: 0.9466, wall dice: 0.8583, distal recall: 0.8856
epoch: 113, iter: 470/3251, distal-aware loss: 0.2815, lumen dice: 0.9467, wall dice: 0.8586, distal recall: 0.8859
epoch: 113, iter: 480/3251, distal-aware loss: 0.2815, lumen dice: 0.9453, wall dice: 0.8586, distal recall: 0.8861
epoch: 113, iter: 490/3251, distal-aware loss: 0.2817, lumen dice: 0.9452, wall dice: 0.8587, distal recall: 0.8863
epoch: 113, iter: 500/3251, distal-aware loss: 0.2817, lumen dice: 0.9452, wall dice: 0.8585, distal recall: 0.8864
epoch: 113, iter: 510/3251, distal-aware loss: 0.2818, lumen dice: 0.9452, wall dice: 0.8583, distal recall: 0.8864
epoch: 113, iter: 520/3251, distal-aware loss: 0.2813, lumen dice: 0.9455, wall dice: 0.8585, distal recall: 0.8866
epoch: 113, iter: 530/3251, distal-aware loss: 0.2816, lumen dice: 0.9455, wall dice: 0.8583, distal recall: 0.8866
epoch: 113, iter: 540/3251, distal-aware loss: 0.2810, lumen dice: 0.9458, wall dice: 0.8584, distal recall: 0.8867
epoch: 113, iter: 550/3251, distal-aware loss: 0.2808, lumen dice: 0.9459, wall dice: 0.8586, distal recall: 0.8868
epoch: 113, iter: 560/3251, distal-aware loss: 0.2810, lumen dice: 0.9460, wall dice: 0.8587, distal recall: 0.8868
epoch: 113, iter: 570/3251, distal-aware loss: 0.2810, lumen dice: 0.9460, wall dice: 0.8585, distal recall: 0.8868
epoch: 113, iter: 580/3251, distal-aware loss: 0.2808, lumen dice: 0.9460, wall dice: 0.8587, distal recall: 0.8869
epoch: 113, iter: 590/3251, distal-aware loss: 0.2803, lumen dice: 0.9461, wall dice: 0.8591, distal recall: 0.8873
epoch: 113, iter: 600/3251, distal-aware loss: 0.2803, lumen dice: 0.9461, wall dice: 0.8591, distal recall: 0.8873
epoch: 113, iter: 610/3251, distal-aware loss: 0.2799, lumen dice: 0.9463, wall dice: 0.8595, distal recall: 0.8876
epoch: 113, iter: 620/3251, distal-aware loss: 0.2797, lumen dice: 0.9463, wall dice: 0.8597, distal recall: 0.8879
epoch: 113, iter: 630/3251, distal-aware loss: 0.2792, lumen dice: 0.9465, wall dice: 0.8601, distal recall: 0.8881
epoch: 113, iter: 640/3251, distal-aware loss: 0.2792, lumen dice: 0.9466, wall dice: 0.8602, distal recall: 0.8881
epoch: 113, iter: 650/3251, distal-aware loss: 0.2795, lumen dice: 0.9464, wall dice: 0.8600, distal recall: 0.8882
epoch: 113, iter: 660/3251, distal-aware loss: 0.2793, lumen dice: 0.9466, wall dice: 0.8602, distal recall: 0.8883
epoch: 113, iter: 670/3251, distal-aware loss: 0.2793, lumen dice: 0.9467, wall dice: 0.8602, distal recall: 0.8882
epoch: 113, iter: 680/3251, distal-aware loss: 0.2792, lumen dice: 0.9468, wall dice: 0.8602, distal recall: 0.8881
epoch: 113, iter: 690/3251, distal-aware loss: 0.2787, lumen dice: 0.9470, wall dice: 0.8606, distal recall: 0.8884
epoch: 113, iter: 700/3251, distal-aware loss: 0.2789, lumen dice: 0.9469, wall dice: 0.8605, distal recall: 0.8882
epoch: 113, iter: 710/3251, distal-aware loss: 0.2789, lumen dice: 0.9470, wall dice: 0.8605, distal recall: 0.8880
epoch: 113, iter: 720/3251, distal-aware loss: 0.2787, lumen dice: 0.9468, wall dice: 0.8607, distal recall: 0.8882
epoch: 113, iter: 730/3251, distal-aware loss: 0.2787, lumen dice: 0.9468, wall dice: 0.8608, distal recall: 0.8884
epoch: 113, iter: 740/3251, distal-aware loss: 0.2787, lumen dice: 0.9469, wall dice: 0.8608, distal recall: 0.8881
epoch: 113, iter: 750/3251, distal-aware loss: 0.2784, lumen dice: 0.9468, wall dice: 0.8610, distal recall: 0.8885
epoch: 113, iter: 760/3251, distal-aware loss: 0.2779, lumen dice: 0.9470, wall dice: 0.8613, distal recall: 0.8883
epoch: 113, iter: 770/3251, distal-aware loss: 0.2780, lumen dice: 0.9470, wall dice: 0.8612, distal recall: 0.8885
epoch: 113, iter: 780/3251, distal-aware loss: 0.2779, lumen dice: 0.9471, wall dice: 0.8615, distal recall: 0.8884
epoch: 113, iter: 790/3251, distal-aware loss: 0.2775, lumen dice: 0.9472, wall dice: 0.8617, distal recall: 0.8887
epoch: 113, iter: 800/3251, distal-aware loss: 0.2773, lumen dice: 0.9473, wall dice: 0.8618, distal recall: 0.8887
epoch: 113, iter: 810/3251, distal-aware loss: 0.2771, lumen dice: 0.9474, wall dice: 0.8620, distal recall: 0.8889
epoch: 113, iter: 820/3251, distal-aware loss: 0.2771, lumen dice: 0.9474, wall dice: 0.8619, distal recall: 0.8887
epoch: 113, iter: 830/3251, distal-aware loss: 0.2768, lumen dice: 0.9476, wall dice: 0.8621, distal recall: 0.8887
epoch: 113, iter: 840/3251, distal-aware loss: 0.2768, lumen dice: 0.9473, wall dice: 0.8622, distal recall: 0.8889
epoch: 113, iter: 850/3251, distal-aware loss: 0.2770, lumen dice: 0.9473, wall dice: 0.8621, distal recall: 0.8887
epoch: 113, iter: 860/3251, distal-aware loss: 0.2766, lumen dice: 0.9475, wall dice: 0.8621, distal recall: 0.8887
epoch: 113, iter: 870/3251, distal-aware loss: 0.2767, lumen dice: 0.9476, wall dice: 0.8619, distal recall: 0.8887
epoch: 113, iter: 880/3251, distal-aware loss: 0.2764, lumen dice: 0.9476, wall dice: 0.8621, distal recall: 0.8889
epoch: 113, iter: 890/3251, distal-aware loss: 0.2762, lumen dice: 0.9477, wall dice: 0.8620, distal recall: 0.8891
epoch: 113, iter: 900/3251, distal-aware loss: 0.2762, lumen dice: 0.9477, wall dice: 0.8621, distal recall: 0.8892
epoch: 113, iter: 910/3251, distal-aware loss: 0.2762, lumen dice: 0.9476, wall dice: 0.8622, distal recall: 0.8893
epoch: 113, iter: 920/3251, distal-aware loss: 0.2759, lumen dice: 0.9477, wall dice: 0.8624, distal recall: 0.8895
epoch: 113, iter: 930/3251, distal-aware loss: 0.2761, lumen dice: 0.9477, wall dice: 0.8623, distal recall: 0.8894
epoch: 113, iter: 940/3251, distal-aware loss: 0.2759, lumen dice: 0.9478, wall dice: 0.8624, distal recall: 0.8894
epoch: 113, iter: 950/3251, distal-aware loss: 0.2758, lumen dice: 0.9479, wall dice: 0.8625, distal recall: 0.8895
epoch: 113, iter: 960/3251, distal-aware loss: 0.2760, lumen dice: 0.9478, wall dice: 0.8624, distal recall: 0.8894
epoch: 113, iter: 970/3251, distal-aware loss: 0.2759, lumen dice: 0.9479, wall dice: 0.8625, distal recall: 0.8893
epoch: 113, iter: 980/3251, distal-aware loss: 0.2761, lumen dice: 0.9477, wall dice: 0.8623, distal recall: 0.8893
epoch: 113, iter: 990/3251, distal-aware loss: 0.2760, lumen dice: 0.9478, wall dice: 0.8624, distal recall: 0.8892
epoch: 113, iter: 1000/3251, distal-aware loss: 0.2757, lumen dice: 0.9479, wall dice: 0.8625, distal recall: 0.8894
epoch: 113, iter: 1010/3251, distal-aware loss: 0.2759, lumen dice: 0.9478, wall dice: 0.8624, distal recall: 0.8894
epoch: 113, iter: 1020/3251, distal-aware loss: 0.2759, lumen dice: 0.9477, wall dice: 0.8621, distal recall: 0.8896
epoch: 113, iter: 1030/3251, distal-aware loss: 0.2758, lumen dice: 0.9476, wall dice: 0.8621, distal recall: 0.8896
epoch: 113, iter: 1040/3251, distal-aware loss: 0.2756, lumen dice: 0.9477, wall dice: 0.8622, distal recall: 0.8897
epoch: 113, iter: 1050/3251, distal-aware loss: 0.2757, lumen dice: 0.9476, wall dice: 0.8621, distal recall: 0.8896
epoch: 113, iter: 1060/3251, distal-aware loss: 0.2754, lumen dice: 0.9477, wall dice: 0.8623, distal recall: 0.8899
epoch: 113, iter: 1070/3251, distal-aware loss: 0.2753, lumen dice: 0.9478, wall dice: 0.8625, distal recall: 0.8899
epoch: 113, iter: 1080/3251, distal-aware loss: 0.2751, lumen dice: 0.9479, wall dice: 0.8627, distal recall: 0.8900
epoch: 113, iter: 1090/3251, distal-aware loss: 0.2749, lumen dice: 0.9480, wall dice: 0.8628, distal recall: 0.8902
epoch: 113, iter: 1100/3251, distal-aware loss: 0.2749, lumen dice: 0.9478, wall dice: 0.8628, distal recall: 0.8899
epoch: 113, iter: 1110/3251, distal-aware loss: 0.2750, lumen dice: 0.9479, wall dice: 0.8628, distal recall: 0.8897
epoch: 113, iter: 1120/3251, distal-aware loss: 0.2750, lumen dice: 0.9478, wall dice: 0.8629, distal recall: 0.8899
epoch: 113, iter: 1130/3251, distal-aware loss: 0.2748, lumen dice: 0.9480, wall dice: 0.8630, distal recall: 0.8898
epoch: 113, iter: 1140/3251, distal-aware loss: 0.2748, lumen dice: 0.9480, wall dice: 0.8628, distal recall: 0.8899
epoch: 113, iter: 1150/3251, distal-aware loss: 0.2750, lumen dice: 0.9479, wall dice: 0.8627, distal recall: 0.8897
epoch: 113, iter: 1160/3251, distal-aware loss: 0.2750, lumen dice: 0.9480, wall dice: 0.8628, distal recall: 0.8897
epoch: 113, iter: 1170/3251, distal-aware loss: 0.2747, lumen dice: 0.9479, wall dice: 0.8630, distal recall: 0.8899
epoch: 113, iter: 1180/3251, distal-aware loss: 0.2748, lumen dice: 0.9478, wall dice: 0.8630, distal recall: 0.8899
epoch: 113, iter: 1190/3251, distal-aware loss: 0.2747, lumen dice: 0.9478, wall dice: 0.8631, distal recall: 0.8900
epoch: 113, iter: 1200/3251, distal-aware loss: 0.2746, lumen dice: 0.9479, wall dice: 0.8631, distal recall: 0.8900
epoch: 113, iter: 1210/3251, distal-aware loss: 0.2745, lumen dice: 0.9479, wall dice: 0.8632, distal recall: 0.8900
epoch: 113, iter: 1220/3251, distal-aware loss: 0.2749, lumen dice: 0.9478, wall dice: 0.8630, distal recall: 0.8900
epoch: 113, iter: 1230/3251, distal-aware loss: 0.2748, lumen dice: 0.9480, wall dice: 0.8631, distal recall: 0.8901
epoch: 113, iter: 1240/3251, distal-aware loss: 0.2749, lumen dice: 0.9480, wall dice: 0.8632, distal recall: 0.8900
epoch: 113, iter: 1250/3251, distal-aware loss: 0.2750, lumen dice: 0.9480, wall dice: 0.8631, distal recall: 0.8900
epoch: 113, iter: 1260/3251, distal-aware loss: 0.2751, lumen dice: 0.9479, wall dice: 0.8632, distal recall: 0.8900
epoch: 113, iter: 1270/3251, distal-aware loss: 0.2750, lumen dice: 0.9479, wall dice: 0.8632, distal recall: 0.8901
epoch: 113, iter: 1280/3251, distal-aware loss: 0.2750, lumen dice: 0.9479, wall dice: 0.8632, distal recall: 0.8900
epoch: 113, iter: 1290/3251, distal-aware loss: 0.2750, lumen dice: 0.9479, wall dice: 0.8632, distal recall: 0.8899
epoch: 113, iter: 1300/3251, distal-aware loss: 0.2751, lumen dice: 0.9478, wall dice: 0.8631, distal recall: 0.8899
epoch: 113, iter: 1310/3251, distal-aware loss: 0.2749, lumen dice: 0.9479, wall dice: 0.8631, distal recall: 0.8898
epoch: 113, iter: 1320/3251, distal-aware loss: 0.2747, lumen dice: 0.9479, wall dice: 0.8631, distal recall: 0.8899
epoch: 113, iter: 1330/3251, distal-aware loss: 0.2746, lumen dice: 0.9480, wall dice: 0.8632, distal recall: 0.8898
epoch: 113, iter: 1340/3251, distal-aware loss: 0.2748, lumen dice: 0.9479, wall dice: 0.8632, distal recall: 0.8898
epoch: 113, iter: 1350/3251, distal-aware loss: 0.2747, lumen dice: 0.9479, wall dice: 0.8633, distal recall: 0.8899
epoch: 113, iter: 1360/3251, distal-aware loss: 0.2748, lumen dice: 0.9478, wall dice: 0.8632, distal recall: 0.8900
epoch: 113, iter: 1370/3251, distal-aware loss: 0.2749, lumen dice: 0.9476, wall dice: 0.8631, distal recall: 0.8900
epoch: 113, iter: 1380/3251, distal-aware loss: 0.2748, lumen dice: 0.9476, wall dice: 0.8631, distal recall: 0.8900
epoch: 113, iter: 1390/3251, distal-aware loss: 0.2750, lumen dice: 0.9476, wall dice: 0.8630, distal recall: 0.8900
epoch: 113, iter: 1400/3251, distal-aware loss: 0.2747, lumen dice: 0.9477, wall dice: 0.8631, distal recall: 0.8901
epoch: 113, iter: 1410/3251, distal-aware loss: 0.2748, lumen dice: 0.9477, wall dice: 0.8630, distal recall: 0.8901
epoch: 113, iter: 1420/3251, distal-aware loss: 0.2749, lumen dice: 0.9477, wall dice: 0.8629, distal recall: 0.8899
epoch: 113, iter: 1430/3251, distal-aware loss: 0.2747, lumen dice: 0.9478, wall dice: 0.8631, distal recall: 0.8900
epoch: 113, iter: 1440/3251, distal-aware loss: 0.2747, lumen dice: 0.9478, wall dice: 0.8631, distal recall: 0.8899
epoch: 113, iter: 1450/3251, distal-aware loss: 0.2749, lumen dice: 0.9476, wall dice: 0.8630, distal recall: 0.8899
epoch: 113, iter: 1460/3251, distal-aware loss: 0.2748, lumen dice: 0.9476, wall dice: 0.8630, distal recall: 0.8900
epoch: 113, iter: 1470/3251, distal-aware loss: 0.2748, lumen dice: 0.9475, wall dice: 0.8630, distal recall: 0.8901
epoch: 113, iter: 1480/3251, distal-aware loss: 0.2748, lumen dice: 0.9476, wall dice: 0.8630, distal recall: 0.8900
epoch: 113, iter: 1490/3251, distal-aware loss: 0.2750, lumen dice: 0.9475, wall dice: 0.8629, distal recall: 0.8899
epoch: 113, iter: 1500/3251, distal-aware loss: 0.2750, lumen dice: 0.9475, wall dice: 0.8628, distal recall: 0.8899
epoch: 113, iter: 1510/3251, distal-aware loss: 0.2749, lumen dice: 0.9475, wall dice: 0.8629, distal recall: 0.8901
epoch: 113, iter: 1520/3251, distal-aware loss: 0.2749, lumen dice: 0.9473, wall dice: 0.8628, distal recall: 0.8900
epoch: 113, iter: 1530/3251, distal-aware loss: 0.2748, lumen dice: 0.9474, wall dice: 0.8630, distal recall: 0.8901
epoch: 113, iter: 1540/3251, distal-aware loss: 0.2747, lumen dice: 0.9473, wall dice: 0.8629, distal recall: 0.8901
epoch: 113, iter: 1550/3251, distal-aware loss: 0.2746, lumen dice: 0.9474, wall dice: 0.8630, distal recall: 0.8902
epoch: 113, iter: 1560/3251, distal-aware loss: 0.2745, lumen dice: 0.9474, wall dice: 0.8631, distal recall: 0.8903
epoch: 113, iter: 1570/3251, distal-aware loss: 0.2744, lumen dice: 0.9475, wall dice: 0.8631, distal recall: 0.8903
epoch: 113, iter: 1580/3251, distal-aware loss: 0.2743, lumen dice: 0.9476, wall dice: 0.8632, distal recall: 0.8904
epoch: 113, iter: 1590/3251, distal-aware loss: 0.2742, lumen dice: 0.9476, wall dice: 0.8633, distal recall: 0.8904
epoch: 113, iter: 1600/3251, distal-aware loss: 0.2740, lumen dice: 0.9477, wall dice: 0.8634, distal recall: 0.8904
epoch: 113, iter: 1610/3251, distal-aware loss: 0.2738, lumen dice: 0.9477, wall dice: 0.8635, distal recall: 0.8905
epoch: 113, iter: 1620/3251, distal-aware loss: 0.2739, lumen dice: 0.9477, wall dice: 0.8635, distal recall: 0.8906
epoch: 113, iter: 1630/3251, distal-aware loss: 0.2739, lumen dice: 0.9477, wall dice: 0.8636, distal recall: 0.8905
epoch: 113, iter: 1640/3251, distal-aware loss: 0.2738, lumen dice: 0.9478, wall dice: 0.8637, distal recall: 0.8906
epoch: 113, iter: 1650/3251, distal-aware loss: 0.2739, lumen dice: 0.9477, wall dice: 0.8635, distal recall: 0.8905
epoch: 113, iter: 1660/3251, distal-aware loss: 0.2740, lumen dice: 0.9477, wall dice: 0.8635, distal recall: 0.8904
epoch: 113, iter: 1670/3251, distal-aware loss: 0.2741, lumen dice: 0.9477, wall dice: 0.8633, distal recall: 0.8904
epoch: 113, iter: 1680/3251, distal-aware loss: 0.2742, lumen dice: 0.9476, wall dice: 0.8633, distal recall: 0.8905
epoch: 113, iter: 1690/3251, distal-aware loss: 0.2743, lumen dice: 0.9474, wall dice: 0.8632, distal recall: 0.8903
epoch: 113, iter: 1700/3251, distal-aware loss: 0.2742, lumen dice: 0.9474, wall dice: 0.8632, distal recall: 0.8905
epoch: 113, iter: 1710/3251, distal-aware loss: 0.2741, lumen dice: 0.9475, wall dice: 0.8632, distal recall: 0.8905
epoch: 113, iter: 1720/3251, distal-aware loss: 0.2740, lumen dice: 0.9475, wall dice: 0.8631, distal recall: 0.8906
epoch: 113, iter: 1730/3251, distal-aware loss: 0.2740, lumen dice: 0.9476, wall dice: 0.8632, distal recall: 0.8905
epoch: 113, iter: 1740/3251, distal-aware loss: 0.2740, lumen dice: 0.9476, wall dice: 0.8631, distal recall: 0.8906
epoch: 113, iter: 1750/3251, distal-aware loss: 0.2740, lumen dice: 0.9476, wall dice: 0.8631, distal recall: 0.8906
epoch: 113, iter: 1760/3251, distal-aware loss: 0.2739, lumen dice: 0.9477, wall dice: 0.8632, distal recall: 0.8906
epoch: 113, iter: 1770/3251, distal-aware loss: 0.2738, lumen dice: 0.9477, wall dice: 0.8633, distal recall: 0.8907
epoch: 113, iter: 1780/3251, distal-aware loss: 0.2740, lumen dice: 0.9476, wall dice: 0.8630, distal recall: 0.8906
epoch: 113, iter: 1790/3251, distal-aware loss: 0.2739, lumen dice: 0.9476, wall dice: 0.8631, distal recall: 0.8907
epoch: 113, iter: 1800/3251, distal-aware loss: 0.2737, lumen dice: 0.9476, wall dice: 0.8632, distal recall: 0.8908
epoch: 113, iter: 1810/3251, distal-aware loss: 0.2738, lumen dice: 0.9477, wall dice: 0.8632, distal recall: 0.8908
epoch: 113, iter: 1820/3251, distal-aware loss: 0.2737, lumen dice: 0.9477, wall dice: 0.8633, distal recall: 0.8909
epoch: 113, iter: 1830/3251, distal-aware loss: 0.2738, lumen dice: 0.9477, wall dice: 0.8632, distal recall: 0.8909
epoch: 113, iter: 1840/3251, distal-aware loss: 0.2737, lumen dice: 0.9477, wall dice: 0.8633, distal recall: 0.8910
epoch: 113, iter: 1850/3251, distal-aware loss: 0.2739, lumen dice: 0.9476, wall dice: 0.8632, distal recall: 0.8909
epoch: 113, iter: 1860/3251, distal-aware loss: 0.2738, lumen dice: 0.9476, wall dice: 0.8632, distal recall: 0.8910
epoch: 113, iter: 1870/3251, distal-aware loss: 0.2737, lumen dice: 0.9477, wall dice: 0.8633, distal recall: 0.8910
epoch: 113, iter: 1880/3251, distal-aware loss: 0.2736, lumen dice: 0.9477, wall dice: 0.8633, distal recall: 0.8910
epoch: 113, iter: 1890/3251, distal-aware loss: 0.2736, lumen dice: 0.9477, wall dice: 0.8633, distal recall: 0.8910
epoch: 113, iter: 1900/3251, distal-aware loss: 0.2735, lumen dice: 0.9477, wall dice: 0.8634, distal recall: 0.8911
epoch: 113, iter: 1910/3251, distal-aware loss: 0.2736, lumen dice: 0.9477, wall dice: 0.8633, distal recall: 0.8910
epoch: 113, iter: 1920/3251, distal-aware loss: 0.2737, lumen dice: 0.9477, wall dice: 0.8633, distal recall: 0.8909
epoch: 113, iter: 1930/3251, distal-aware loss: 0.2736, lumen dice: 0.9478, wall dice: 0.8633, distal recall: 0.8909
epoch: 113, iter: 1940/3251, distal-aware loss: 0.2735, lumen dice: 0.9478, wall dice: 0.8634, distal recall: 0.8910
epoch: 113, iter: 1950/3251, distal-aware loss: 0.2735, lumen dice: 0.9477, wall dice: 0.8633, distal recall: 0.8910
epoch: 113, iter: 1960/3251, distal-aware loss: 0.2735, lumen dice: 0.9477, wall dice: 0.8634, distal recall: 0.8909
epoch: 113, iter: 1970/3251, distal-aware loss: 0.2735, lumen dice: 0.9477, wall dice: 0.8633, distal recall: 0.8910
epoch: 113, iter: 1980/3251, distal-aware loss: 0.2736, lumen dice: 0.9477, wall dice: 0.8632, distal recall: 0.8910
epoch: 113, iter: 1990/3251, distal-aware loss: 0.2736, lumen dice: 0.9477, wall dice: 0.8632, distal recall: 0.8909
epoch: 113, iter: 2000/3251, distal-aware loss: 0.2738, lumen dice: 0.9477, wall dice: 0.8632, distal recall: 0.8909
epoch: 113, iter: 2010/3251, distal-aware loss: 0.2738, lumen dice: 0.9477, wall dice: 0.8632, distal recall: 0.8909
epoch: 113, iter: 2020/3251, distal-aware loss: 0.2738, lumen dice: 0.9477, wall dice: 0.8630, distal recall: 0.8908
epoch: 113, iter: 2030/3251, distal-aware loss: 0.2738, lumen dice: 0.9477, wall dice: 0.8631, distal recall: 0.8909
epoch: 113, iter: 2040/3251, distal-aware loss: 0.2739, lumen dice: 0.9476, wall dice: 0.8630, distal recall: 0.8909
epoch: 113, iter: 2050/3251, distal-aware loss: 0.2740, lumen dice: 0.9475, wall dice: 0.8629, distal recall: 0.8909
epoch: 113, iter: 2060/3251, distal-aware loss: 0.2739, lumen dice: 0.9475, wall dice: 0.8630, distal recall: 0.8908
epoch: 113, iter: 2070/3251, distal-aware loss: 0.2739, lumen dice: 0.9476, wall dice: 0.8630, distal recall: 0.8910
epoch: 113, iter: 2080/3251, distal-aware loss: 0.2739, lumen dice: 0.9475, wall dice: 0.8628, distal recall: 0.8910
epoch: 113, iter: 2090/3251, distal-aware loss: 0.2741, lumen dice: 0.9475, wall dice: 0.8627, distal recall: 0.8908
epoch: 113, iter: 2100/3251, distal-aware loss: 0.2741, lumen dice: 0.9474, wall dice: 0.8627, distal recall: 0.8908
epoch: 113, iter: 2110/3251, distal-aware loss: 0.2742, lumen dice: 0.9474, wall dice: 0.8627, distal recall: 0.8908
epoch: 113, iter: 2120/3251, distal-aware loss: 0.2742, lumen dice: 0.9474, wall dice: 0.8627, distal recall: 0.8909
epoch: 113, iter: 2130/3251, distal-aware loss: 0.2742, lumen dice: 0.9475, wall dice: 0.8627, distal recall: 0.8908
epoch: 113, iter: 2140/3251, distal-aware loss: 0.2743, lumen dice: 0.9475, wall dice: 0.8627, distal recall: 0.8908
epoch: 113, iter: 2150/3251, distal-aware loss: 0.2741, lumen dice: 0.9475, wall dice: 0.8627, distal recall: 0.8909
epoch: 113, iter: 2160/3251, distal-aware loss: 0.2742, lumen dice: 0.9475, wall dice: 0.8628, distal recall: 0.8909
epoch: 113, iter: 2170/3251, distal-aware loss: 0.2743, lumen dice: 0.9474, wall dice: 0.8627, distal recall: 0.8909
epoch: 113, iter: 2180/3251, distal-aware loss: 0.2745, lumen dice: 0.9474, wall dice: 0.8626, distal recall: 0.8909
epoch: 113, iter: 2190/3251, distal-aware loss: 0.2744, lumen dice: 0.9474, wall dice: 0.8626, distal recall: 0.8908
epoch: 113, iter: 2200/3251, distal-aware loss: 0.2745, lumen dice: 0.9474, wall dice: 0.8626, distal recall: 0.8909
epoch: 113, iter: 2210/3251, distal-aware loss: 0.2745, lumen dice: 0.9474, wall dice: 0.8627, distal recall: 0.8909
epoch: 113, iter: 2220/3251, distal-aware loss: 0.2743, lumen dice: 0.9474, wall dice: 0.8628, distal recall: 0.8910
epoch: 113, iter: 2230/3251, distal-aware loss: 0.2743, lumen dice: 0.9475, wall dice: 0.8628, distal recall: 0.8910
epoch: 113, iter: 2240/3251, distal-aware loss: 0.2741, lumen dice: 0.9475, wall dice: 0.8628, distal recall: 0.8911
epoch: 113, iter: 2250/3251, distal-aware loss: 0.2742, lumen dice: 0.9475, wall dice: 0.8627, distal recall: 0.8911
epoch: 113, iter: 2260/3251, distal-aware loss: 0.2743, lumen dice: 0.9474, wall dice: 0.8626, distal recall: 0.8911
epoch: 113, iter: 2270/3251, distal-aware loss: 0.2742, lumen dice: 0.9474, wall dice: 0.8626, distal recall: 0.8912
epoch: 113, iter: 2280/3251, distal-aware loss: 0.2741, lumen dice: 0.9473, wall dice: 0.8626, distal recall: 0.8912
epoch: 113, iter: 2290/3251, distal-aware loss: 0.2741, lumen dice: 0.9474, wall dice: 0.8627, distal recall: 0.8912
epoch: 113, iter: 2300/3251, distal-aware loss: 0.2739, lumen dice: 0.9474, wall dice: 0.8628, distal recall: 0.8913
epoch: 113, iter: 2310/3251, distal-aware loss: 0.2737, lumen dice: 0.9475, wall dice: 0.8629, distal recall: 0.8914
epoch: 113, iter: 2320/3251, distal-aware loss: 0.2736, lumen dice: 0.9476, wall dice: 0.8630, distal recall: 0.8914
epoch: 113, iter: 2330/3251, distal-aware loss: 0.2737, lumen dice: 0.9475, wall dice: 0.8630, distal recall: 0.8915
epoch: 113, iter: 2340/3251, distal-aware loss: 0.2737, lumen dice: 0.9475, wall dice: 0.8630, distal recall: 0.8914
epoch: 113, iter: 2350/3251, distal-aware loss: 0.2737, lumen dice: 0.9476, wall dice: 0.8630, distal recall: 0.8914
epoch: 113, iter: 2360/3251, distal-aware loss: 0.2737, lumen dice: 0.9476, wall dice: 0.8630, distal recall: 0.8913
epoch: 113, iter: 2370/3251, distal-aware loss: 0.2739, lumen dice: 0.9475, wall dice: 0.8627, distal recall: 0.8913
epoch: 113, iter: 2380/3251, distal-aware loss: 0.2739, lumen dice: 0.9474, wall dice: 0.8627, distal recall: 0.8913
epoch: 113, iter: 2390/3251, distal-aware loss: 0.2739, lumen dice: 0.9474, wall dice: 0.8628, distal recall: 0.8914
epoch: 113, iter: 2400/3251, distal-aware loss: 0.2739, lumen dice: 0.9475, wall dice: 0.8627, distal recall: 0.8914
epoch: 113, iter: 2410/3251, distal-aware loss: 0.2740, lumen dice: 0.9475, wall dice: 0.8626, distal recall: 0.8914
epoch: 113, iter: 2420/3251, distal-aware loss: 0.2740, lumen dice: 0.9475, wall dice: 0.8626, distal recall: 0.8914
epoch: 113, iter: 2430/3251, distal-aware loss: 0.2740, lumen dice: 0.9474, wall dice: 0.8626, distal recall: 0.8914
epoch: 113, iter: 2440/3251, distal-aware loss: 0.2740, lumen dice: 0.9474, wall dice: 0.8626, distal recall: 0.8915
epoch: 113, iter: 2450/3251, distal-aware loss: 0.2740, lumen dice: 0.9475, wall dice: 0.8626, distal recall: 0.8914
epoch: 113, iter: 2460/3251, distal-aware loss: 0.2741, lumen dice: 0.9475, wall dice: 0.8625, distal recall: 0.8914
epoch: 113, iter: 2470/3251, distal-aware loss: 0.2742, lumen dice: 0.9474, wall dice: 0.8625, distal recall: 0.8914
epoch: 113, iter: 2480/3251, distal-aware loss: 0.2742, lumen dice: 0.9473, wall dice: 0.8625, distal recall: 0.8914
epoch: 113, iter: 2490/3251, distal-aware loss: 0.2743, lumen dice: 0.9472, wall dice: 0.8625, distal recall: 0.8914
epoch: 113, iter: 2500/3251, distal-aware loss: 0.2744, lumen dice: 0.9473, wall dice: 0.8624, distal recall: 0.8914
epoch: 113, iter: 2510/3251, distal-aware loss: 0.2743, lumen dice: 0.9473, wall dice: 0.8624, distal recall: 0.8913
epoch: 113, iter: 2520/3251, distal-aware loss: 0.2744, lumen dice: 0.9473, wall dice: 0.8623, distal recall: 0.8912
epoch: 113, iter: 2530/3251, distal-aware loss: 0.2745, lumen dice: 0.9473, wall dice: 0.8622, distal recall: 0.8912
epoch: 113, iter: 2540/3251, distal-aware loss: 0.2744, lumen dice: 0.9473, wall dice: 0.8622, distal recall: 0.8913
epoch: 113, iter: 2550/3251, distal-aware loss: 0.2745, lumen dice: 0.9473, wall dice: 0.8621, distal recall: 0.8912
epoch: 113, iter: 2560/3251, distal-aware loss: 0.2744, lumen dice: 0.9474, wall dice: 0.8621, distal recall: 0.8912
epoch: 113, iter: 2570/3251, distal-aware loss: 0.2744, lumen dice: 0.9474, wall dice: 0.8620, distal recall: 0.8912
epoch: 113, iter: 2580/3251, distal-aware loss: 0.2745, lumen dice: 0.9473, wall dice: 0.8620, distal recall: 0.8912
epoch: 113, iter: 2590/3251, distal-aware loss: 0.2744, lumen dice: 0.9473, wall dice: 0.8621, distal recall: 0.8912
epoch: 113, iter: 2600/3251, distal-aware loss: 0.2746, lumen dice: 0.9473, wall dice: 0.8620, distal recall: 0.8911
epoch: 113, iter: 2610/3251, distal-aware loss: 0.2746, lumen dice: 0.9473, wall dice: 0.8621, distal recall: 0.8911
epoch: 113, iter: 2620/3251, distal-aware loss: 0.2747, lumen dice: 0.9473, wall dice: 0.8619, distal recall: 0.8910
epoch: 113, iter: 2630/3251, distal-aware loss: 0.2747, lumen dice: 0.9473, wall dice: 0.8620, distal recall: 0.8910
epoch: 113, iter: 2640/3251, distal-aware loss: 0.2747, lumen dice: 0.9472, wall dice: 0.8620, distal recall: 0.8910
epoch: 113, iter: 2650/3251, distal-aware loss: 0.2748, lumen dice: 0.9472, wall dice: 0.8620, distal recall: 0.8910
epoch: 113, iter: 2660/3251, distal-aware loss: 0.2747, lumen dice: 0.9472, wall dice: 0.8620, distal recall: 0.8910
epoch: 113, iter: 2670/3251, distal-aware loss: 0.2747, lumen dice: 0.9472, wall dice: 0.8620, distal recall: 0.8910
epoch: 113, iter: 2680/3251, distal-aware loss: 0.2748, lumen dice: 0.9472, wall dice: 0.8619, distal recall: 0.8910
epoch: 113, iter: 2690/3251, distal-aware loss: 0.2748, lumen dice: 0.9471, wall dice: 0.8619, distal recall: 0.8909
epoch: 113, iter: 2700/3251, distal-aware loss: 0.2749, lumen dice: 0.9471, wall dice: 0.8619, distal recall: 0.8910
epoch: 113, iter: 2710/3251, distal-aware loss: 0.2748, lumen dice: 0.9471, wall dice: 0.8620, distal recall: 0.8909
epoch: 113, iter: 2720/3251, distal-aware loss: 0.2748, lumen dice: 0.9472, wall dice: 0.8620, distal recall: 0.8909
epoch: 113, iter: 2730/3251, distal-aware loss: 0.2748, lumen dice: 0.9472, wall dice: 0.8620, distal recall: 0.8909
epoch: 113, iter: 2740/3251, distal-aware loss: 0.2748, lumen dice: 0.9471, wall dice: 0.8621, distal recall: 0.8909
epoch: 113, iter: 2750/3251, distal-aware loss: 0.2748, lumen dice: 0.9471, wall dice: 0.8620, distal recall: 0.8909
epoch: 113, iter: 2760/3251, distal-aware loss: 0.2748, lumen dice: 0.9471, wall dice: 0.8620, distal recall: 0.8909
epoch: 113, iter: 2770/3251, distal-aware loss: 0.2748, lumen dice: 0.9471, wall dice: 0.8620, distal recall: 0.8910
epoch: 113, iter: 2780/3251, distal-aware loss: 0.2748, lumen dice: 0.9471, wall dice: 0.8620, distal recall: 0.8910
epoch: 113, iter: 2790/3251, distal-aware loss: 0.2748, lumen dice: 0.9471, wall dice: 0.8621, distal recall: 0.8909
epoch: 113, iter: 2800/3251, distal-aware loss: 0.2747, lumen dice: 0.9472, wall dice: 0.8621, distal recall: 0.8910
epoch: 113, iter: 2810/3251, distal-aware loss: 0.2748, lumen dice: 0.9472, wall dice: 0.8620, distal recall: 0.8909
epoch: 113, iter: 2820/3251, distal-aware loss: 0.2748, lumen dice: 0.9472, wall dice: 0.8620, distal recall: 0.8909
epoch: 113, iter: 2830/3251, distal-aware loss: 0.2748, lumen dice: 0.9472, wall dice: 0.8620, distal recall: 0.8910
epoch: 113, iter: 2840/3251, distal-aware loss: 0.2748, lumen dice: 0.9472, wall dice: 0.8620, distal recall: 0.8910
epoch: 113, iter: 2850/3251, distal-aware loss: 0.2748, lumen dice: 0.9472, wall dice: 0.8620, distal recall: 0.8910
epoch: 113, iter: 2860/3251, distal-aware loss: 0.2749, lumen dice: 0.9471, wall dice: 0.8620, distal recall: 0.8910
epoch: 113, iter: 2870/3251, distal-aware loss: 0.2749, lumen dice: 0.9471, wall dice: 0.8619, distal recall: 0.8911
epoch: 113, iter: 2880/3251, distal-aware loss: 0.2749, lumen dice: 0.9471, wall dice: 0.8620, distal recall: 0.8910
epoch: 113, iter: 2890/3251, distal-aware loss: 0.2749, lumen dice: 0.9470, wall dice: 0.8619, distal recall: 0.8911
epoch: 113, iter: 2900/3251, distal-aware loss: 0.2749, lumen dice: 0.9471, wall dice: 0.8619, distal recall: 0.8911
epoch: 113, iter: 2910/3251, distal-aware loss: 0.2749, lumen dice: 0.9470, wall dice: 0.8619, distal recall: 0.8912
epoch: 113, iter: 2920/3251, distal-aware loss: 0.2751, lumen dice: 0.9469, wall dice: 0.8618, distal recall: 0.8911
epoch: 113, iter: 2930/3251, distal-aware loss: 0.2752, lumen dice: 0.9467, wall dice: 0.8617, distal recall: 0.8910
epoch: 113, iter: 2940/3251, distal-aware loss: 0.2753, lumen dice: 0.9467, wall dice: 0.8617, distal recall: 0.8909
epoch: 113, iter: 2950/3251, distal-aware loss: 0.2755, lumen dice: 0.9467, wall dice: 0.8615, distal recall: 0.8909
epoch: 113, iter: 2960/3251, distal-aware loss: 0.2755, lumen dice: 0.9466, wall dice: 0.8614, distal recall: 0.8909
epoch: 113, iter: 2970/3251, distal-aware loss: 0.2756, lumen dice: 0.9466, wall dice: 0.8614, distal recall: 0.8909
epoch: 113, iter: 2980/3251, distal-aware loss: 0.2755, lumen dice: 0.9467, wall dice: 0.8614, distal recall: 0.8908
epoch: 113, iter: 2990/3251, distal-aware loss: 0.2753, lumen dice: 0.9468, wall dice: 0.8615, distal recall: 0.8909
epoch: 113, iter: 3000/3251, distal-aware loss: 0.2753, lumen dice: 0.9467, wall dice: 0.8615, distal recall: 0.8908
epoch: 113, iter: 3010/3251, distal-aware loss: 0.2753, lumen dice: 0.9467, wall dice: 0.8615, distal recall: 0.8909
epoch: 113, iter: 3020/3251, distal-aware loss: 0.2753, lumen dice: 0.9465, wall dice: 0.8616, distal recall: 0.8909
epoch: 113, iter: 3030/3251, distal-aware loss: 0.2752, lumen dice: 0.9466, wall dice: 0.8616, distal recall: 0.8909
epoch: 113, iter: 3040/3251, distal-aware loss: 0.2752, lumen dice: 0.9466, wall dice: 0.8616, distal recall: 0.8909
epoch: 113, iter: 3050/3251, distal-aware loss: 0.2751, lumen dice: 0.9466, wall dice: 0.8616, distal recall: 0.8909
epoch: 113, iter: 3060/3251, distal-aware loss: 0.2751, lumen dice: 0.9466, wall dice: 0.8616, distal recall: 0.8909
epoch: 113, iter: 3070/3251, distal-aware loss: 0.2752, lumen dice: 0.9465, wall dice: 0.8616, distal recall: 0.8909
epoch: 113, iter: 3080/3251, distal-aware loss: 0.2751, lumen dice: 0.9466, wall dice: 0.8617, distal recall: 0.8909
epoch: 113, iter: 3090/3251, distal-aware loss: 0.2752, lumen dice: 0.9466, wall dice: 0.8615, distal recall: 0.8909
epoch: 113, iter: 3100/3251, distal-aware loss: 0.2753, lumen dice: 0.9466, wall dice: 0.8615, distal recall: 0.8909
epoch: 113, iter: 3110/3251, distal-aware loss: 0.2753, lumen dice: 0.9466, wall dice: 0.8615, distal recall: 0.8909
epoch: 113, iter: 3120/3251, distal-aware loss: 0.2752, lumen dice: 0.9466, wall dice: 0.8615, distal recall: 0.8909
epoch: 113, iter: 3130/3251, distal-aware loss: 0.2752, lumen dice: 0.9466, wall dice: 0.8615, distal recall: 0.8909
epoch: 113, iter: 3140/3251, distal-aware loss: 0.2752, lumen dice: 0.9466, wall dice: 0.8616, distal recall: 0.8909
epoch: 113, iter: 3150/3251, distal-aware loss: 0.2752, lumen dice: 0.9466, wall dice: 0.8615, distal recall: 0.8909
epoch: 113, iter: 3160/3251, distal-aware loss: 0.2751, lumen dice: 0.9467, wall dice: 0.8616, distal recall: 0.8910
epoch: 113, iter: 3170/3251, distal-aware loss: 0.2751, lumen dice: 0.9466, wall dice: 0.8616, distal recall: 0.8909
epoch: 113, iter: 3180/3251, distal-aware loss: 0.2752, lumen dice: 0.9465, wall dice: 0.8615, distal recall: 0.8909
epoch: 113, iter: 3190/3251, distal-aware loss: 0.2753, lumen dice: 0.9466, wall dice: 0.8615, distal recall: 0.8909
epoch: 113, iter: 3200/3251, distal-aware loss: 0.2753, lumen dice: 0.9465, wall dice: 0.8615, distal recall: 0.8909
epoch: 113, iter: 3210/3251, distal-aware loss: 0.2753, lumen dice: 0.9465, wall dice: 0.8615, distal recall: 0.8910
epoch: 113, iter: 3220/3251, distal-aware loss: 0.2753, lumen dice: 0.9464, wall dice: 0.8614, distal recall: 0.8909
epoch: 113, iter: 3230/3251, distal-aware loss: 0.2753, lumen dice: 0.9465, wall dice: 0.8614, distal recall: 0.8909
epoch: 113, iter: 3240/3251, distal-aware loss: 0.2754, lumen dice: 0.9464, wall dice: 0.8613, distal recall: 0.8909
epoch: 113, iter: 3250/3251, distal-aware loss: 0.2754, lumen dice: 0.9464, wall dice: 0.8614, distal recall: 0.8909
epoch: 113, val distal-aware loss: 0.2863, val lumen dice: 0.9540, val wall dice: 0.8817, val distal recall: 0.9012
starting epoch: 114
epoch: 114, iter: 0/3251, distal-aware loss: 0.3730, lumen dice: 0.8924, wall dice: 0.8074, distal recall: 0.8462
epoch: 114, iter: 10/3251, distal-aware loss: 0.2890, lumen dice: 0.9510, wall dice: 0.8549, distal recall: 0.8807
epoch: 114, iter: 20/3251, distal-aware loss: 0.2714, lumen dice: 0.9551, wall dice: 0.8676, distal recall: 0.8910
epoch: 114, iter: 30/3251, distal-aware loss: 0.2673, lumen dice: 0.9572, wall dice: 0.8688, distal recall: 0.8887
epoch: 114, iter: 40/3251, distal-aware loss: 0.2612, lumen dice: 0.9570, wall dice: 0.8729, distal recall: 0.8913
epoch: 114, iter: 50/3251, distal-aware loss: 0.2676, lumen dice: 0.9556, wall dice: 0.8676, distal recall: 0.8879
epoch: 114, iter: 60/3251, distal-aware loss: 0.2666, lumen dice: 0.9557, wall dice: 0.8661, distal recall: 0.8896
epoch: 114, iter: 70/3251, distal-aware loss: 0.2793, lumen dice: 0.9467, wall dice: 0.8574, distal recall: 0.8875
epoch: 114, iter: 80/3251, distal-aware loss: 0.2841, lumen dice: 0.9438, wall dice: 0.8548, distal recall: 0.8849
epoch: 114, iter: 90/3251, distal-aware loss: 0.2876, lumen dice: 0.9412, wall dice: 0.8523, distal recall: 0.8849
epoch: 114, iter: 100/3251, distal-aware loss: 0.2853, lumen dice: 0.9428, wall dice: 0.8544, distal recall: 0.8848
epoch: 114, iter: 110/3251, distal-aware loss: 0.2857, lumen dice: 0.9413, wall dice: 0.8552, distal recall: 0.8853
epoch: 114, iter: 120/3251, distal-aware loss: 0.2858, lumen dice: 0.9397, wall dice: 0.8550, distal recall: 0.8857
epoch: 114, iter: 130/3251, distal-aware loss: 0.2836, lumen dice: 0.9411, wall dice: 0.8556, distal recall: 0.8864
epoch: 114, iter: 140/3251, distal-aware loss: 0.2815, lumen dice: 0.9419, wall dice: 0.8565, distal recall: 0.8870
epoch: 114, iter: 150/3251, distal-aware loss: 0.2817, lumen dice: 0.9424, wall dice: 0.8553, distal recall: 0.8878
epoch: 114, iter: 160/3251, distal-aware loss: 0.2807, lumen dice: 0.9430, wall dice: 0.8562, distal recall: 0.8891
epoch: 114, iter: 170/3251, distal-aware loss: 0.2812, lumen dice: 0.9426, wall dice: 0.8557, distal recall: 0.8881
epoch: 114, iter: 180/3251, distal-aware loss: 0.2805, lumen dice: 0.9428, wall dice: 0.8559, distal recall: 0.8883
epoch: 114, iter: 190/3251, distal-aware loss: 0.2827, lumen dice: 0.9424, wall dice: 0.8542, distal recall: 0.8878
epoch: 114, iter: 200/3251, distal-aware loss: 0.2827, lumen dice: 0.9423, wall dice: 0.8539, distal recall: 0.8883
epoch: 114, iter: 210/3251, distal-aware loss: 0.2823, lumen dice: 0.9431, wall dice: 0.8543, distal recall: 0.8871
epoch: 114, iter: 220/3251, distal-aware loss: 0.2819, lumen dice: 0.9433, wall dice: 0.8549, distal recall: 0.8878
epoch: 114, iter: 230/3251, distal-aware loss: 0.2852, lumen dice: 0.9420, wall dice: 0.8525, distal recall: 0.8846
epoch: 114, iter: 240/3251, distal-aware loss: 0.2837, lumen dice: 0.9423, wall dice: 0.8535, distal recall: 0.8862
epoch: 114, iter: 250/3251, distal-aware loss: 0.2833, lumen dice: 0.9421, wall dice: 0.8537, distal recall: 0.8865
epoch: 114, iter: 260/3251, distal-aware loss: 0.2822, lumen dice: 0.9427, wall dice: 0.8545, distal recall: 0.8864
epoch: 114, iter: 270/3251, distal-aware loss: 0.2809, lumen dice: 0.9432, wall dice: 0.8549, distal recall: 0.8872
epoch: 114, iter: 280/3251, distal-aware loss: 0.2806, lumen dice: 0.9434, wall dice: 0.8551, distal recall: 0.8872
epoch: 114, iter: 290/3251, distal-aware loss: 0.2813, lumen dice: 0.9433, wall dice: 0.8545, distal recall: 0.8874
epoch: 114, iter: 300/3251, distal-aware loss: 0.2806, lumen dice: 0.9436, wall dice: 0.8547, distal recall: 0.8873
epoch: 114, iter: 310/3251, distal-aware loss: 0.2800, lumen dice: 0.9436, wall dice: 0.8551, distal recall: 0.8879
epoch: 114, iter: 320/3251, distal-aware loss: 0.2788, lumen dice: 0.9439, wall dice: 0.8559, distal recall: 0.8885
epoch: 114, iter: 330/3251, distal-aware loss: 0.2774, lumen dice: 0.9444, wall dice: 0.8568, distal recall: 0.8890
epoch: 114, iter: 340/3251, distal-aware loss: 0.2774, lumen dice: 0.9445, wall dice: 0.8569, distal recall: 0.8892
epoch: 114, iter: 350/3251, distal-aware loss: 0.2788, lumen dice: 0.9443, wall dice: 0.8563, distal recall: 0.8887
epoch: 114, iter: 360/3251, distal-aware loss: 0.2788, lumen dice: 0.9446, wall dice: 0.8565, distal recall: 0.8888
epoch: 114, iter: 370/3251, distal-aware loss: 0.2785, lumen dice: 0.9445, wall dice: 0.8569, distal recall: 0.8890
epoch: 114, iter: 380/3251, distal-aware loss: 0.2784, lumen dice: 0.9447, wall dice: 0.8572, distal recall: 0.8888
epoch: 114, iter: 390/3251, distal-aware loss: 0.2776, lumen dice: 0.9450, wall dice: 0.8577, distal recall: 0.8893
epoch: 114, iter: 400/3251, distal-aware loss: 0.2786, lumen dice: 0.9449, wall dice: 0.8572, distal recall: 0.8889
epoch: 114, iter: 410/3251, distal-aware loss: 0.2789, lumen dice: 0.9447, wall dice: 0.8572, distal recall: 0.8885
epoch: 114, iter: 420/3251, distal-aware loss: 0.2790, lumen dice: 0.9445, wall dice: 0.8573, distal recall: 0.8887
epoch: 114, iter: 430/3251, distal-aware loss: 0.2786, lumen dice: 0.9447, wall dice: 0.8576, distal recall: 0.8888
epoch: 114, iter: 440/3251, distal-aware loss: 0.2786, lumen dice: 0.9446, wall dice: 0.8579, distal recall: 0.8892
epoch: 114, iter: 450/3251, distal-aware loss: 0.2781, lumen dice: 0.9450, wall dice: 0.8583, distal recall: 0.8895
epoch: 114, iter: 460/3251, distal-aware loss: 0.2782, lumen dice: 0.9449, wall dice: 0.8583, distal recall: 0.8897
epoch: 114, iter: 470/3251, distal-aware loss: 0.2779, lumen dice: 0.9452, wall dice: 0.8584, distal recall: 0.8893
epoch: 114, iter: 480/3251, distal-aware loss: 0.2780, lumen dice: 0.9452, wall dice: 0.8586, distal recall: 0.8894
epoch: 114, iter: 490/3251, distal-aware loss: 0.2775, lumen dice: 0.9454, wall dice: 0.8591, distal recall: 0.8897
epoch: 114, iter: 500/3251, distal-aware loss: 0.2774, lumen dice: 0.9455, wall dice: 0.8591, distal recall: 0.8897
epoch: 114, iter: 510/3251, distal-aware loss: 0.2772, lumen dice: 0.9456, wall dice: 0.8592, distal recall: 0.8899
epoch: 114, iter: 520/3251, distal-aware loss: 0.2771, lumen dice: 0.9457, wall dice: 0.8594, distal recall: 0.8901
epoch: 114, iter: 530/3251, distal-aware loss: 0.2767, lumen dice: 0.9458, wall dice: 0.8595, distal recall: 0.8903
epoch: 114, iter: 540/3251, distal-aware loss: 0.2763, lumen dice: 0.9459, wall dice: 0.8597, distal recall: 0.8907
epoch: 114, iter: 550/3251, distal-aware loss: 0.2764, lumen dice: 0.9457, wall dice: 0.8596, distal recall: 0.8907
epoch: 114, iter: 560/3251, distal-aware loss: 0.2762, lumen dice: 0.9459, wall dice: 0.8598, distal recall: 0.8908
epoch: 114, iter: 570/3251, distal-aware loss: 0.2763, lumen dice: 0.9458, wall dice: 0.8598, distal recall: 0.8909
epoch: 114, iter: 580/3251, distal-aware loss: 0.2767, lumen dice: 0.9458, wall dice: 0.8595, distal recall: 0.8908
epoch: 114, iter: 590/3251, distal-aware loss: 0.2766, lumen dice: 0.9458, wall dice: 0.8595, distal recall: 0.8905
epoch: 114, iter: 600/3251, distal-aware loss: 0.2763, lumen dice: 0.9461, wall dice: 0.8595, distal recall: 0.8905
epoch: 114, iter: 610/3251, distal-aware loss: 0.2764, lumen dice: 0.9460, wall dice: 0.8596, distal recall: 0.8905
epoch: 114, iter: 620/3251, distal-aware loss: 0.2765, lumen dice: 0.9458, wall dice: 0.8595, distal recall: 0.8906
epoch: 114, iter: 630/3251, distal-aware loss: 0.2760, lumen dice: 0.9459, wall dice: 0.8599, distal recall: 0.8910
epoch: 114, iter: 640/3251, distal-aware loss: 0.2759, lumen dice: 0.9460, wall dice: 0.8600, distal recall: 0.8913
epoch: 114, iter: 650/3251, distal-aware loss: 0.2756, lumen dice: 0.9463, wall dice: 0.8602, distal recall: 0.8914
epoch: 114, iter: 660/3251, distal-aware loss: 0.2752, lumen dice: 0.9465, wall dice: 0.8605, distal recall: 0.8915
epoch: 114, iter: 670/3251, distal-aware loss: 0.2756, lumen dice: 0.9464, wall dice: 0.8601, distal recall: 0.8914
epoch: 114, iter: 680/3251, distal-aware loss: 0.2754, lumen dice: 0.9464, wall dice: 0.8601, distal recall: 0.8915
epoch: 114, iter: 690/3251, distal-aware loss: 0.2758, lumen dice: 0.9463, wall dice: 0.8601, distal recall: 0.8912
epoch: 114, iter: 700/3251, distal-aware loss: 0.2758, lumen dice: 0.9463, wall dice: 0.8600, distal recall: 0.8912
epoch: 114, iter: 710/3251, distal-aware loss: 0.2755, lumen dice: 0.9461, wall dice: 0.8601, distal recall: 0.8912
epoch: 114, iter: 720/3251, distal-aware loss: 0.2756, lumen dice: 0.9462, wall dice: 0.8603, distal recall: 0.8911
epoch: 114, iter: 730/3251, distal-aware loss: 0.2755, lumen dice: 0.9462, wall dice: 0.8604, distal recall: 0.8911
epoch: 114, iter: 740/3251, distal-aware loss: 0.2755, lumen dice: 0.9463, wall dice: 0.8606, distal recall: 0.8913
epoch: 114, iter: 750/3251, distal-aware loss: 0.2752, lumen dice: 0.9464, wall dice: 0.8608, distal recall: 0.8913
epoch: 114, iter: 760/3251, distal-aware loss: 0.2756, lumen dice: 0.9462, wall dice: 0.8607, distal recall: 0.8911
epoch: 114, iter: 770/3251, distal-aware loss: 0.2756, lumen dice: 0.9462, wall dice: 0.8608, distal recall: 0.8913
epoch: 114, iter: 780/3251, distal-aware loss: 0.2755, lumen dice: 0.9463, wall dice: 0.8609, distal recall: 0.8915
epoch: 114, iter: 790/3251, distal-aware loss: 0.2755, lumen dice: 0.9463, wall dice: 0.8609, distal recall: 0.8912
epoch: 114, iter: 800/3251, distal-aware loss: 0.2752, lumen dice: 0.9465, wall dice: 0.8610, distal recall: 0.8913
epoch: 114, iter: 810/3251, distal-aware loss: 0.2751, lumen dice: 0.9466, wall dice: 0.8611, distal recall: 0.8914
epoch: 114, iter: 820/3251, distal-aware loss: 0.2749, lumen dice: 0.9466, wall dice: 0.8613, distal recall: 0.8916
epoch: 114, iter: 830/3251, distal-aware loss: 0.2753, lumen dice: 0.9464, wall dice: 0.8612, distal recall: 0.8916
epoch: 114, iter: 840/3251, distal-aware loss: 0.2751, lumen dice: 0.9464, wall dice: 0.8613, distal recall: 0.8918
epoch: 114, iter: 850/3251, distal-aware loss: 0.2752, lumen dice: 0.9464, wall dice: 0.8613, distal recall: 0.8916
epoch: 114, iter: 860/3251, distal-aware loss: 0.2755, lumen dice: 0.9464, wall dice: 0.8612, distal recall: 0.8916
epoch: 114, iter: 870/3251, distal-aware loss: 0.2753, lumen dice: 0.9465, wall dice: 0.8615, distal recall: 0.8918
epoch: 114, iter: 880/3251, distal-aware loss: 0.2752, lumen dice: 0.9465, wall dice: 0.8615, distal recall: 0.8920
epoch: 114, iter: 890/3251, distal-aware loss: 0.2753, lumen dice: 0.9464, wall dice: 0.8616, distal recall: 0.8918
epoch: 114, iter: 900/3251, distal-aware loss: 0.2751, lumen dice: 0.9464, wall dice: 0.8617, distal recall: 0.8920
epoch: 114, iter: 910/3251, distal-aware loss: 0.2748, lumen dice: 0.9465, wall dice: 0.8618, distal recall: 0.8921
epoch: 114, iter: 920/3251, distal-aware loss: 0.2746, lumen dice: 0.9466, wall dice: 0.8620, distal recall: 0.8924
epoch: 114, iter: 930/3251, distal-aware loss: 0.2747, lumen dice: 0.9466, wall dice: 0.8618, distal recall: 0.8922
epoch: 114, iter: 940/3251, distal-aware loss: 0.2747, lumen dice: 0.9466, wall dice: 0.8620, distal recall: 0.8923
epoch: 114, iter: 950/3251, distal-aware loss: 0.2748, lumen dice: 0.9466, wall dice: 0.8618, distal recall: 0.8922
epoch: 114, iter: 960/3251, distal-aware loss: 0.2747, lumen dice: 0.9466, wall dice: 0.8618, distal recall: 0.8921
epoch: 114, iter: 970/3251, distal-aware loss: 0.2746, lumen dice: 0.9467, wall dice: 0.8619, distal recall: 0.8922
epoch: 114, iter: 980/3251, distal-aware loss: 0.2746, lumen dice: 0.9467, wall dice: 0.8619, distal recall: 0.8923
epoch: 114, iter: 990/3251, distal-aware loss: 0.2746, lumen dice: 0.9466, wall dice: 0.8620, distal recall: 0.8924
epoch: 114, iter: 1000/3251, distal-aware loss: 0.2747, lumen dice: 0.9466, wall dice: 0.8619, distal recall: 0.8923
epoch: 114, iter: 1010/3251, distal-aware loss: 0.2746, lumen dice: 0.9465, wall dice: 0.8620, distal recall: 0.8924
epoch: 114, iter: 1020/3251, distal-aware loss: 0.2745, lumen dice: 0.9466, wall dice: 0.8621, distal recall: 0.8925
epoch: 114, iter: 1030/3251, distal-aware loss: 0.2744, lumen dice: 0.9466, wall dice: 0.8622, distal recall: 0.8927
epoch: 114, iter: 1040/3251, distal-aware loss: 0.2743, lumen dice: 0.9468, wall dice: 0.8623, distal recall: 0.8928
epoch: 114, iter: 1050/3251, distal-aware loss: 0.2744, lumen dice: 0.9466, wall dice: 0.8621, distal recall: 0.8927
epoch: 114, iter: 1060/3251, distal-aware loss: 0.2742, lumen dice: 0.9467, wall dice: 0.8622, distal recall: 0.8927
epoch: 114, iter: 1070/3251, distal-aware loss: 0.2742, lumen dice: 0.9468, wall dice: 0.8622, distal recall: 0.8927
epoch: 114, iter: 1080/3251, distal-aware loss: 0.2742, lumen dice: 0.9469, wall dice: 0.8622, distal recall: 0.8928
epoch: 114, iter: 1090/3251, distal-aware loss: 0.2741, lumen dice: 0.9470, wall dice: 0.8623, distal recall: 0.8928
epoch: 114, iter: 1100/3251, distal-aware loss: 0.2740, lumen dice: 0.9470, wall dice: 0.8623, distal recall: 0.8929
epoch: 114, iter: 1110/3251, distal-aware loss: 0.2738, lumen dice: 0.9471, wall dice: 0.8624, distal recall: 0.8929
epoch: 114, iter: 1120/3251, distal-aware loss: 0.2737, lumen dice: 0.9471, wall dice: 0.8625, distal recall: 0.8929
epoch: 114, iter: 1130/3251, distal-aware loss: 0.2733, lumen dice: 0.9472, wall dice: 0.8627, distal recall: 0.8931
epoch: 114, iter: 1140/3251, distal-aware loss: 0.2732, lumen dice: 0.9473, wall dice: 0.8628, distal recall: 0.8932
epoch: 114, iter: 1150/3251, distal-aware loss: 0.2733, lumen dice: 0.9472, wall dice: 0.8628, distal recall: 0.8933
epoch: 114, iter: 1160/3251, distal-aware loss: 0.2731, lumen dice: 0.9473, wall dice: 0.8629, distal recall: 0.8934
epoch: 114, iter: 1170/3251, distal-aware loss: 0.2733, lumen dice: 0.9472, wall dice: 0.8627, distal recall: 0.8931
epoch: 114, iter: 1180/3251, distal-aware loss: 0.2734, lumen dice: 0.9472, wall dice: 0.8626, distal recall: 0.8929
epoch: 114, iter: 1190/3251, distal-aware loss: 0.2735, lumen dice: 0.9471, wall dice: 0.8626, distal recall: 0.8928
epoch: 114, iter: 1200/3251, distal-aware loss: 0.2733, lumen dice: 0.9472, wall dice: 0.8626, distal recall: 0.8929
epoch: 114, iter: 1210/3251, distal-aware loss: 0.2734, lumen dice: 0.9472, wall dice: 0.8627, distal recall: 0.8930
epoch: 114, iter: 1220/3251, distal-aware loss: 0.2739, lumen dice: 0.9471, wall dice: 0.8623, distal recall: 0.8925
epoch: 114, iter: 1230/3251, distal-aware loss: 0.2740, lumen dice: 0.9468, wall dice: 0.8623, distal recall: 0.8926
epoch: 114, iter: 1240/3251, distal-aware loss: 0.2742, lumen dice: 0.9468, wall dice: 0.8621, distal recall: 0.8922
epoch: 114, iter: 1250/3251, distal-aware loss: 0.2745, lumen dice: 0.9467, wall dice: 0.8620, distal recall: 0.8922
epoch: 114, iter: 1260/3251, distal-aware loss: 0.2743, lumen dice: 0.9468, wall dice: 0.8620, distal recall: 0.8921
epoch: 114, iter: 1270/3251, distal-aware loss: 0.2744, lumen dice: 0.9467, wall dice: 0.8619, distal recall: 0.8921
epoch: 114, iter: 1280/3251, distal-aware loss: 0.2743, lumen dice: 0.9467, wall dice: 0.8620, distal recall: 0.8921
epoch: 114, iter: 1290/3251, distal-aware loss: 0.2743, lumen dice: 0.9468, wall dice: 0.8619, distal recall: 0.8921
epoch: 114, iter: 1300/3251, distal-aware loss: 0.2743, lumen dice: 0.9467, wall dice: 0.8620, distal recall: 0.8920
epoch: 114, iter: 1310/3251, distal-aware loss: 0.2744, lumen dice: 0.9467, wall dice: 0.8619, distal recall: 0.8919
epoch: 114, iter: 1320/3251, distal-aware loss: 0.2744, lumen dice: 0.9467, wall dice: 0.8619, distal recall: 0.8918
epoch: 114, iter: 1330/3251, distal-aware loss: 0.2744, lumen dice: 0.9466, wall dice: 0.8619, distal recall: 0.8919
epoch: 114, iter: 1340/3251, distal-aware loss: 0.2742, lumen dice: 0.9467, wall dice: 0.8619, distal recall: 0.8918
epoch: 114, iter: 1350/3251, distal-aware loss: 0.2742, lumen dice: 0.9467, wall dice: 0.8619, distal recall: 0.8919
epoch: 114, iter: 1360/3251, distal-aware loss: 0.2742, lumen dice: 0.9467, wall dice: 0.8619, distal recall: 0.8918
epoch: 114, iter: 1370/3251, distal-aware loss: 0.2742, lumen dice: 0.9466, wall dice: 0.8620, distal recall: 0.8920
epoch: 114, iter: 1380/3251, distal-aware loss: 0.2742, lumen dice: 0.9466, wall dice: 0.8619, distal recall: 0.8919
epoch: 114, iter: 1390/3251, distal-aware loss: 0.2743, lumen dice: 0.9466, wall dice: 0.8618, distal recall: 0.8920
epoch: 114, iter: 1400/3251, distal-aware loss: 0.2743, lumen dice: 0.9466, wall dice: 0.8618, distal recall: 0.8921
epoch: 114, iter: 1410/3251, distal-aware loss: 0.2743, lumen dice: 0.9466, wall dice: 0.8618, distal recall: 0.8919
epoch: 114, iter: 1420/3251, distal-aware loss: 0.2741, lumen dice: 0.9466, wall dice: 0.8619, distal recall: 0.8921
epoch: 114, iter: 1430/3251, distal-aware loss: 0.2740, lumen dice: 0.9467, wall dice: 0.8620, distal recall: 0.8921
epoch: 114, iter: 1440/3251, distal-aware loss: 0.2740, lumen dice: 0.9468, wall dice: 0.8621, distal recall: 0.8921
epoch: 114, iter: 1450/3251, distal-aware loss: 0.2740, lumen dice: 0.9467, wall dice: 0.8622, distal recall: 0.8920
epoch: 114, iter: 1460/3251, distal-aware loss: 0.2741, lumen dice: 0.9467, wall dice: 0.8621, distal recall: 0.8921
epoch: 114, iter: 1470/3251, distal-aware loss: 0.2742, lumen dice: 0.9467, wall dice: 0.8620, distal recall: 0.8920
epoch: 114, iter: 1480/3251, distal-aware loss: 0.2740, lumen dice: 0.9468, wall dice: 0.8620, distal recall: 0.8919
epoch: 114, iter: 1490/3251, distal-aware loss: 0.2743, lumen dice: 0.9467, wall dice: 0.8620, distal recall: 0.8917
epoch: 114, iter: 1500/3251, distal-aware loss: 0.2746, lumen dice: 0.9466, wall dice: 0.8618, distal recall: 0.8917
epoch: 114, iter: 1510/3251, distal-aware loss: 0.2746, lumen dice: 0.9466, wall dice: 0.8617, distal recall: 0.8918
epoch: 114, iter: 1520/3251, distal-aware loss: 0.2745, lumen dice: 0.9467, wall dice: 0.8618, distal recall: 0.8917
epoch: 114, iter: 1530/3251, distal-aware loss: 0.2746, lumen dice: 0.9466, wall dice: 0.8618, distal recall: 0.8917
epoch: 114, iter: 1540/3251, distal-aware loss: 0.2747, lumen dice: 0.9467, wall dice: 0.8618, distal recall: 0.8916
epoch: 114, iter: 1550/3251, distal-aware loss: 0.2747, lumen dice: 0.9467, wall dice: 0.8618, distal recall: 0.8916
epoch: 114, iter: 1560/3251, distal-aware loss: 0.2745, lumen dice: 0.9467, wall dice: 0.8619, distal recall: 0.8916
epoch: 114, iter: 1570/3251, distal-aware loss: 0.2745, lumen dice: 0.9468, wall dice: 0.8620, distal recall: 0.8917
epoch: 114, iter: 1580/3251, distal-aware loss: 0.2746, lumen dice: 0.9467, wall dice: 0.8620, distal recall: 0.8916
epoch: 114, iter: 1590/3251, distal-aware loss: 0.2745, lumen dice: 0.9467, wall dice: 0.8620, distal recall: 0.8917
epoch: 114, iter: 1600/3251, distal-aware loss: 0.2744, lumen dice: 0.9466, wall dice: 0.8621, distal recall: 0.8917
epoch: 114, iter: 1610/3251, distal-aware loss: 0.2743, lumen dice: 0.9467, wall dice: 0.8621, distal recall: 0.8918
epoch: 114, iter: 1620/3251, distal-aware loss: 0.2742, lumen dice: 0.9467, wall dice: 0.8622, distal recall: 0.8919
epoch: 114, iter: 1630/3251, distal-aware loss: 0.2742, lumen dice: 0.9467, wall dice: 0.8622, distal recall: 0.8919
epoch: 114, iter: 1640/3251, distal-aware loss: 0.2742, lumen dice: 0.9468, wall dice: 0.8622, distal recall: 0.8918
epoch: 114, iter: 1650/3251, distal-aware loss: 0.2742, lumen dice: 0.9468, wall dice: 0.8622, distal recall: 0.8918
epoch: 114, iter: 1660/3251, distal-aware loss: 0.2742, lumen dice: 0.9468, wall dice: 0.8622, distal recall: 0.8918
epoch: 114, iter: 1670/3251, distal-aware loss: 0.2742, lumen dice: 0.9468, wall dice: 0.8623, distal recall: 0.8918
epoch: 114, iter: 1680/3251, distal-aware loss: 0.2741, lumen dice: 0.9469, wall dice: 0.8623, distal recall: 0.8919
epoch: 114, iter: 1690/3251, distal-aware loss: 0.2738, lumen dice: 0.9470, wall dice: 0.8625, distal recall: 0.8919
epoch: 114, iter: 1700/3251, distal-aware loss: 0.2740, lumen dice: 0.9469, wall dice: 0.8624, distal recall: 0.8919
epoch: 114, iter: 1710/3251, distal-aware loss: 0.2738, lumen dice: 0.9469, wall dice: 0.8625, distal recall: 0.8921
epoch: 114, iter: 1720/3251, distal-aware loss: 0.2737, lumen dice: 0.9470, wall dice: 0.8625, distal recall: 0.8921
epoch: 114, iter: 1730/3251, distal-aware loss: 0.2739, lumen dice: 0.9469, wall dice: 0.8624, distal recall: 0.8920
epoch: 114, iter: 1740/3251, distal-aware loss: 0.2740, lumen dice: 0.9468, wall dice: 0.8623, distal recall: 0.8921
epoch: 114, iter: 1750/3251, distal-aware loss: 0.2740, lumen dice: 0.9468, wall dice: 0.8623, distal recall: 0.8921
epoch: 114, iter: 1760/3251, distal-aware loss: 0.2741, lumen dice: 0.9468, wall dice: 0.8622, distal recall: 0.8920
epoch: 114, iter: 1770/3251, distal-aware loss: 0.2740, lumen dice: 0.9469, wall dice: 0.8623, distal recall: 0.8921
epoch: 114, iter: 1780/3251, distal-aware loss: 0.2740, lumen dice: 0.9469, wall dice: 0.8623, distal recall: 0.8920
epoch: 114, iter: 1790/3251, distal-aware loss: 0.2741, lumen dice: 0.9469, wall dice: 0.8623, distal recall: 0.8920
epoch: 114, iter: 1800/3251, distal-aware loss: 0.2739, lumen dice: 0.9469, wall dice: 0.8624, distal recall: 0.8920
epoch: 114, iter: 1810/3251, distal-aware loss: 0.2741, lumen dice: 0.9469, wall dice: 0.8623, distal recall: 0.8919
epoch: 114, iter: 1820/3251, distal-aware loss: 0.2741, lumen dice: 0.9469, wall dice: 0.8622, distal recall: 0.8919
epoch: 114, iter: 1830/3251, distal-aware loss: 0.2741, lumen dice: 0.9469, wall dice: 0.8623, distal recall: 0.8920
epoch: 114, iter: 1840/3251, distal-aware loss: 0.2740, lumen dice: 0.9470, wall dice: 0.8623, distal recall: 0.8920
epoch: 114, iter: 1850/3251, distal-aware loss: 0.2740, lumen dice: 0.9469, wall dice: 0.8623, distal recall: 0.8921
epoch: 114, iter: 1860/3251, distal-aware loss: 0.2739, lumen dice: 0.9470, wall dice: 0.8624, distal recall: 0.8921
epoch: 114, iter: 1870/3251, distal-aware loss: 0.2738, lumen dice: 0.9470, wall dice: 0.8624, distal recall: 0.8922
epoch: 114, iter: 1880/3251, distal-aware loss: 0.2739, lumen dice: 0.9470, wall dice: 0.8624, distal recall: 0.8922
epoch: 114, iter: 1890/3251, distal-aware loss: 0.2738, lumen dice: 0.9470, wall dice: 0.8625, distal recall: 0.8921
epoch: 114, iter: 1900/3251, distal-aware loss: 0.2738, lumen dice: 0.9470, wall dice: 0.8625, distal recall: 0.8922
epoch: 114, iter: 1910/3251, distal-aware loss: 0.2738, lumen dice: 0.9471, wall dice: 0.8625, distal recall: 0.8920
epoch: 114, iter: 1920/3251, distal-aware loss: 0.2740, lumen dice: 0.9470, wall dice: 0.8624, distal recall: 0.8921
epoch: 114, iter: 1930/3251, distal-aware loss: 0.2739, lumen dice: 0.9470, wall dice: 0.8624, distal recall: 0.8920
epoch: 114, iter: 1940/3251, distal-aware loss: 0.2739, lumen dice: 0.9470, wall dice: 0.8624, distal recall: 0.8921
epoch: 114, iter: 1950/3251, distal-aware loss: 0.2741, lumen dice: 0.9470, wall dice: 0.8623, distal recall: 0.8920
epoch: 114, iter: 1960/3251, distal-aware loss: 0.2741, lumen dice: 0.9470, wall dice: 0.8623, distal recall: 0.8919
epoch: 114, iter: 1970/3251, distal-aware loss: 0.2744, lumen dice: 0.9469, wall dice: 0.8621, distal recall: 0.8919
epoch: 114, iter: 1980/3251, distal-aware loss: 0.2745, lumen dice: 0.9468, wall dice: 0.8620, distal recall: 0.8918
epoch: 114, iter: 1990/3251, distal-aware loss: 0.2746, lumen dice: 0.9469, wall dice: 0.8620, distal recall: 0.8917
epoch: 114, iter: 2000/3251, distal-aware loss: 0.2745, lumen dice: 0.9470, wall dice: 0.8620, distal recall: 0.8918
epoch: 114, iter: 2010/3251, distal-aware loss: 0.2745, lumen dice: 0.9470, wall dice: 0.8621, distal recall: 0.8918
epoch: 114, iter: 2020/3251, distal-aware loss: 0.2743, lumen dice: 0.9471, wall dice: 0.8621, distal recall: 0.8919
epoch: 114, iter: 2030/3251, distal-aware loss: 0.2742, lumen dice: 0.9471, wall dice: 0.8622, distal recall: 0.8919
epoch: 114, iter: 2040/3251, distal-aware loss: 0.2741, lumen dice: 0.9472, wall dice: 0.8623, distal recall: 0.8920
epoch: 114, iter: 2050/3251, distal-aware loss: 0.2742, lumen dice: 0.9472, wall dice: 0.8623, distal recall: 0.8920
epoch: 114, iter: 2060/3251, distal-aware loss: 0.2740, lumen dice: 0.9472, wall dice: 0.8624, distal recall: 0.8921
epoch: 114, iter: 2070/3251, distal-aware loss: 0.2740, lumen dice: 0.9473, wall dice: 0.8624, distal recall: 0.8920
epoch: 114, iter: 2080/3251, distal-aware loss: 0.2738, lumen dice: 0.9473, wall dice: 0.8625, distal recall: 0.8921
epoch: 114, iter: 2090/3251, distal-aware loss: 0.2738, lumen dice: 0.9473, wall dice: 0.8624, distal recall: 0.8922
epoch: 114, iter: 2100/3251, distal-aware loss: 0.2739, lumen dice: 0.9473, wall dice: 0.8624, distal recall: 0.8921
epoch: 114, iter: 2110/3251, distal-aware loss: 0.2738, lumen dice: 0.9474, wall dice: 0.8625, distal recall: 0.8921
epoch: 114, iter: 2120/3251, distal-aware loss: 0.2737, lumen dice: 0.9474, wall dice: 0.8625, distal recall: 0.8922
epoch: 114, iter: 2130/3251, distal-aware loss: 0.2736, lumen dice: 0.9475, wall dice: 0.8626, distal recall: 0.8922
epoch: 114, iter: 2140/3251, distal-aware loss: 0.2735, lumen dice: 0.9475, wall dice: 0.8626, distal recall: 0.8922
epoch: 114, iter: 2150/3251, distal-aware loss: 0.2735, lumen dice: 0.9475, wall dice: 0.8626, distal recall: 0.8923
epoch: 114, iter: 2160/3251, distal-aware loss: 0.2735, lumen dice: 0.9475, wall dice: 0.8627, distal recall: 0.8923
epoch: 114, iter: 2170/3251, distal-aware loss: 0.2735, lumen dice: 0.9475, wall dice: 0.8627, distal recall: 0.8923
epoch: 114, iter: 2180/3251, distal-aware loss: 0.2734, lumen dice: 0.9476, wall dice: 0.8627, distal recall: 0.8923
epoch: 114, iter: 2190/3251, distal-aware loss: 0.2734, lumen dice: 0.9475, wall dice: 0.8628, distal recall: 0.8924
epoch: 114, iter: 2200/3251, distal-aware loss: 0.2734, lumen dice: 0.9475, wall dice: 0.8628, distal recall: 0.8924
epoch: 114, iter: 2210/3251, distal-aware loss: 0.2734, lumen dice: 0.9476, wall dice: 0.8628, distal recall: 0.8924
epoch: 114, iter: 2220/3251, distal-aware loss: 0.2735, lumen dice: 0.9476, wall dice: 0.8627, distal recall: 0.8923
epoch: 114, iter: 2230/3251, distal-aware loss: 0.2736, lumen dice: 0.9476, wall dice: 0.8626, distal recall: 0.8923
epoch: 114, iter: 2240/3251, distal-aware loss: 0.2735, lumen dice: 0.9476, wall dice: 0.8626, distal recall: 0.8923
epoch: 114, iter: 2250/3251, distal-aware loss: 0.2736, lumen dice: 0.9476, wall dice: 0.8626, distal recall: 0.8923
epoch: 114, iter: 2260/3251, distal-aware loss: 0.2736, lumen dice: 0.9476, wall dice: 0.8627, distal recall: 0.8923
epoch: 114, iter: 2270/3251, distal-aware loss: 0.2737, lumen dice: 0.9475, wall dice: 0.8626, distal recall: 0.8923
epoch: 114, iter: 2280/3251, distal-aware loss: 0.2738, lumen dice: 0.9475, wall dice: 0.8625, distal recall: 0.8922
epoch: 114, iter: 2290/3251, distal-aware loss: 0.2737, lumen dice: 0.9476, wall dice: 0.8625, distal recall: 0.8922
epoch: 114, iter: 2300/3251, distal-aware loss: 0.2738, lumen dice: 0.9476, wall dice: 0.8625, distal recall: 0.8921
epoch: 114, iter: 2310/3251, distal-aware loss: 0.2737, lumen dice: 0.9476, wall dice: 0.8625, distal recall: 0.8922
epoch: 114, iter: 2320/3251, distal-aware loss: 0.2737, lumen dice: 0.9476, wall dice: 0.8626, distal recall: 0.8922
epoch: 114, iter: 2330/3251, distal-aware loss: 0.2737, lumen dice: 0.9475, wall dice: 0.8626, distal recall: 0.8921
epoch: 114, iter: 2340/3251, distal-aware loss: 0.2737, lumen dice: 0.9475, wall dice: 0.8625, distal recall: 0.8922
epoch: 114, iter: 2350/3251, distal-aware loss: 0.2738, lumen dice: 0.9474, wall dice: 0.8625, distal recall: 0.8921
epoch: 114, iter: 2360/3251, distal-aware loss: 0.2740, lumen dice: 0.9474, wall dice: 0.8624, distal recall: 0.8921
epoch: 114, iter: 2370/3251, distal-aware loss: 0.2740, lumen dice: 0.9474, wall dice: 0.8624, distal recall: 0.8920
epoch: 114, iter: 2380/3251, distal-aware loss: 0.2740, lumen dice: 0.9473, wall dice: 0.8624, distal recall: 0.8920
epoch: 114, iter: 2390/3251, distal-aware loss: 0.2740, lumen dice: 0.9473, wall dice: 0.8624, distal recall: 0.8920
epoch: 114, iter: 2400/3251, distal-aware loss: 0.2741, lumen dice: 0.9472, wall dice: 0.8623, distal recall: 0.8921
epoch: 114, iter: 2410/3251, distal-aware loss: 0.2741, lumen dice: 0.9472, wall dice: 0.8623, distal recall: 0.8920
epoch: 114, iter: 2420/3251, distal-aware loss: 0.2742, lumen dice: 0.9472, wall dice: 0.8623, distal recall: 0.8920
epoch: 114, iter: 2430/3251, distal-aware loss: 0.2740, lumen dice: 0.9473, wall dice: 0.8624, distal recall: 0.8920
epoch: 114, iter: 2440/3251, distal-aware loss: 0.2739, lumen dice: 0.9473, wall dice: 0.8625, distal recall: 0.8920
epoch: 114, iter: 2450/3251, distal-aware loss: 0.2739, lumen dice: 0.9474, wall dice: 0.8625, distal recall: 0.8920
epoch: 114, iter: 2460/3251, distal-aware loss: 0.2738, lumen dice: 0.9474, wall dice: 0.8625, distal recall: 0.8919
epoch: 114, iter: 2470/3251, distal-aware loss: 0.2739, lumen dice: 0.9474, wall dice: 0.8623, distal recall: 0.8920
epoch: 114, iter: 2480/3251, distal-aware loss: 0.2740, lumen dice: 0.9474, wall dice: 0.8623, distal recall: 0.8918
epoch: 114, iter: 2490/3251, distal-aware loss: 0.2740, lumen dice: 0.9474, wall dice: 0.8623, distal recall: 0.8919
epoch: 114, iter: 2500/3251, distal-aware loss: 0.2740, lumen dice: 0.9474, wall dice: 0.8623, distal recall: 0.8919
epoch: 114, iter: 2510/3251, distal-aware loss: 0.2739, lumen dice: 0.9474, wall dice: 0.8623, distal recall: 0.8919
epoch: 114, iter: 2520/3251, distal-aware loss: 0.2739, lumen dice: 0.9475, wall dice: 0.8624, distal recall: 0.8920
epoch: 114, iter: 2530/3251, distal-aware loss: 0.2738, lumen dice: 0.9475, wall dice: 0.8624, distal recall: 0.8920
epoch: 114, iter: 2540/3251, distal-aware loss: 0.2738, lumen dice: 0.9475, wall dice: 0.8624, distal recall: 0.8920
epoch: 114, iter: 2550/3251, distal-aware loss: 0.2738, lumen dice: 0.9475, wall dice: 0.8625, distal recall: 0.8920
epoch: 114, iter: 2560/3251, distal-aware loss: 0.2738, lumen dice: 0.9476, wall dice: 0.8625, distal recall: 0.8919
epoch: 114, iter: 2570/3251, distal-aware loss: 0.2737, lumen dice: 0.9476, wall dice: 0.8626, distal recall: 0.8920
epoch: 114, iter: 2580/3251, distal-aware loss: 0.2737, lumen dice: 0.9476, wall dice: 0.8627, distal recall: 0.8920
epoch: 114, iter: 2590/3251, distal-aware loss: 0.2738, lumen dice: 0.9476, wall dice: 0.8626, distal recall: 0.8921
epoch: 114, iter: 2600/3251, distal-aware loss: 0.2737, lumen dice: 0.9475, wall dice: 0.8627, distal recall: 0.8920
epoch: 114, iter: 2610/3251, distal-aware loss: 0.2738, lumen dice: 0.9475, wall dice: 0.8626, distal recall: 0.8920
epoch: 114, iter: 2620/3251, distal-aware loss: 0.2738, lumen dice: 0.9475, wall dice: 0.8626, distal recall: 0.8919
epoch: 114, iter: 2630/3251, distal-aware loss: 0.2738, lumen dice: 0.9476, wall dice: 0.8626, distal recall: 0.8919
epoch: 114, iter: 2640/3251, distal-aware loss: 0.2740, lumen dice: 0.9474, wall dice: 0.8626, distal recall: 0.8919
epoch: 114, iter: 2650/3251, distal-aware loss: 0.2740, lumen dice: 0.9474, wall dice: 0.8625, distal recall: 0.8918
epoch: 114, iter: 2660/3251, distal-aware loss: 0.2739, lumen dice: 0.9474, wall dice: 0.8625, distal recall: 0.8918
epoch: 114, iter: 2670/3251, distal-aware loss: 0.2740, lumen dice: 0.9474, wall dice: 0.8625, distal recall: 0.8918
epoch: 114, iter: 2680/3251, distal-aware loss: 0.2739, lumen dice: 0.9475, wall dice: 0.8625, distal recall: 0.8919
epoch: 114, iter: 2690/3251, distal-aware loss: 0.2739, lumen dice: 0.9475, wall dice: 0.8626, distal recall: 0.8919
epoch: 114, iter: 2700/3251, distal-aware loss: 0.2739, lumen dice: 0.9475, wall dice: 0.8626, distal recall: 0.8919
epoch: 114, iter: 2710/3251, distal-aware loss: 0.2740, lumen dice: 0.9475, wall dice: 0.8625, distal recall: 0.8918
epoch: 114, iter: 2720/3251, distal-aware loss: 0.2741, lumen dice: 0.9475, wall dice: 0.8625, distal recall: 0.8919
epoch: 114, iter: 2730/3251, distal-aware loss: 0.2740, lumen dice: 0.9475, wall dice: 0.8625, distal recall: 0.8919
epoch: 114, iter: 2740/3251, distal-aware loss: 0.2739, lumen dice: 0.9475, wall dice: 0.8626, distal recall: 0.8919
epoch: 114, iter: 2750/3251, distal-aware loss: 0.2738, lumen dice: 0.9475, wall dice: 0.8626, distal recall: 0.8919
epoch: 114, iter: 2760/3251, distal-aware loss: 0.2738, lumen dice: 0.9476, wall dice: 0.8627, distal recall: 0.8919
epoch: 114, iter: 2770/3251, distal-aware loss: 0.2738, lumen dice: 0.9476, wall dice: 0.8627, distal recall: 0.8919
epoch: 114, iter: 2780/3251, distal-aware loss: 0.2739, lumen dice: 0.9475, wall dice: 0.8626, distal recall: 0.8919
epoch: 114, iter: 2790/3251, distal-aware loss: 0.2738, lumen dice: 0.9476, wall dice: 0.8627, distal recall: 0.8919
epoch: 114, iter: 2800/3251, distal-aware loss: 0.2739, lumen dice: 0.9475, wall dice: 0.8625, distal recall: 0.8920
epoch: 114, iter: 2810/3251, distal-aware loss: 0.2739, lumen dice: 0.9476, wall dice: 0.8625, distal recall: 0.8920
epoch: 114, iter: 2820/3251, distal-aware loss: 0.2740, lumen dice: 0.9475, wall dice: 0.8625, distal recall: 0.8919
epoch: 114, iter: 2830/3251, distal-aware loss: 0.2741, lumen dice: 0.9475, wall dice: 0.8625, distal recall: 0.8919
epoch: 114, iter: 2840/3251, distal-aware loss: 0.2740, lumen dice: 0.9475, wall dice: 0.8625, distal recall: 0.8919
epoch: 114, iter: 2850/3251, distal-aware loss: 0.2739, lumen dice: 0.9475, wall dice: 0.8626, distal recall: 0.8919
epoch: 114, iter: 2860/3251, distal-aware loss: 0.2738, lumen dice: 0.9476, wall dice: 0.8626, distal recall: 0.8920
epoch: 114, iter: 2870/3251, distal-aware loss: 0.2739, lumen dice: 0.9475, wall dice: 0.8626, distal recall: 0.8920
epoch: 114, iter: 2880/3251, distal-aware loss: 0.2738, lumen dice: 0.9475, wall dice: 0.8626, distal recall: 0.8920
epoch: 114, iter: 2890/3251, distal-aware loss: 0.2738, lumen dice: 0.9475, wall dice: 0.8627, distal recall: 0.8920
epoch: 114, iter: 2900/3251, distal-aware loss: 0.2737, lumen dice: 0.9476, wall dice: 0.8627, distal recall: 0.8920
epoch: 114, iter: 2910/3251, distal-aware loss: 0.2737, lumen dice: 0.9476, wall dice: 0.8627, distal recall: 0.8920
epoch: 114, iter: 2920/3251, distal-aware loss: 0.2738, lumen dice: 0.9476, wall dice: 0.8627, distal recall: 0.8919
epoch: 114, iter: 2930/3251, distal-aware loss: 0.2741, lumen dice: 0.9473, wall dice: 0.8626, distal recall: 0.8918
epoch: 114, iter: 2940/3251, distal-aware loss: 0.2740, lumen dice: 0.9473, wall dice: 0.8626, distal recall: 0.8918
epoch: 114, iter: 2950/3251, distal-aware loss: 0.2740, lumen dice: 0.9473, wall dice: 0.8626, distal recall: 0.8917
epoch: 114, iter: 2960/3251, distal-aware loss: 0.2740, lumen dice: 0.9473, wall dice: 0.8627, distal recall: 0.8917
epoch: 114, iter: 2970/3251, distal-aware loss: 0.2739, lumen dice: 0.9474, wall dice: 0.8627, distal recall: 0.8918
epoch: 114, iter: 2980/3251, distal-aware loss: 0.2739, lumen dice: 0.9474, wall dice: 0.8627, distal recall: 0.8918
epoch: 114, iter: 2990/3251, distal-aware loss: 0.2739, lumen dice: 0.9474, wall dice: 0.8627, distal recall: 0.8916
epoch: 114, iter: 3000/3251, distal-aware loss: 0.2739, lumen dice: 0.9474, wall dice: 0.8627, distal recall: 0.8916
epoch: 114, iter: 3010/3251, distal-aware loss: 0.2739, lumen dice: 0.9474, wall dice: 0.8626, distal recall: 0.8916
epoch: 114, iter: 3020/3251, distal-aware loss: 0.2740, lumen dice: 0.9474, wall dice: 0.8626, distal recall: 0.8916
epoch: 114, iter: 3030/3251, distal-aware loss: 0.2740, lumen dice: 0.9474, wall dice: 0.8626, distal recall: 0.8916
epoch: 114, iter: 3040/3251, distal-aware loss: 0.2740, lumen dice: 0.9474, wall dice: 0.8626, distal recall: 0.8917
epoch: 114, iter: 3050/3251, distal-aware loss: 0.2739, lumen dice: 0.9474, wall dice: 0.8627, distal recall: 0.8916
epoch: 114, iter: 3060/3251, distal-aware loss: 0.2738, lumen dice: 0.9475, wall dice: 0.8627, distal recall: 0.8916
epoch: 114, iter: 3070/3251, distal-aware loss: 0.2738, lumen dice: 0.9475, wall dice: 0.8628, distal recall: 0.8917
epoch: 114, iter: 3080/3251, distal-aware loss: 0.2738, lumen dice: 0.9475, wall dice: 0.8627, distal recall: 0.8917
epoch: 114, iter: 3090/3251, distal-aware loss: 0.2738, lumen dice: 0.9474, wall dice: 0.8627, distal recall: 0.8917
epoch: 114, iter: 3100/3251, distal-aware loss: 0.2739, lumen dice: 0.9474, wall dice: 0.8627, distal recall: 0.8916
epoch: 114, iter: 3110/3251, distal-aware loss: 0.2738, lumen dice: 0.9475, wall dice: 0.8627, distal recall: 0.8917
epoch: 114, iter: 3120/3251, distal-aware loss: 0.2738, lumen dice: 0.9474, wall dice: 0.8627, distal recall: 0.8917
epoch: 114, iter: 3130/3251, distal-aware loss: 0.2737, lumen dice: 0.9475, wall dice: 0.8628, distal recall: 0.8918
epoch: 114, iter: 3140/3251, distal-aware loss: 0.2736, lumen dice: 0.9475, wall dice: 0.8628, distal recall: 0.8918
epoch: 114, iter: 3150/3251, distal-aware loss: 0.2736, lumen dice: 0.9475, wall dice: 0.8629, distal recall: 0.8918
epoch: 114, iter: 3160/3251, distal-aware loss: 0.2737, lumen dice: 0.9475, wall dice: 0.8628, distal recall: 0.8918
epoch: 114, iter: 3170/3251, distal-aware loss: 0.2738, lumen dice: 0.9475, wall dice: 0.8627, distal recall: 0.8917
epoch: 114, iter: 3180/3251, distal-aware loss: 0.2737, lumen dice: 0.9474, wall dice: 0.8627, distal recall: 0.8918
epoch: 114, iter: 3190/3251, distal-aware loss: 0.2737, lumen dice: 0.9474, wall dice: 0.8627, distal recall: 0.8918
epoch: 114, iter: 3200/3251, distal-aware loss: 0.2736, lumen dice: 0.9475, wall dice: 0.8627, distal recall: 0.8918
epoch: 114, iter: 3210/3251, distal-aware loss: 0.2736, lumen dice: 0.9475, wall dice: 0.8628, distal recall: 0.8919
epoch: 114, iter: 3220/3251, distal-aware loss: 0.2736, lumen dice: 0.9475, wall dice: 0.8627, distal recall: 0.8919
epoch: 114, iter: 3230/3251, distal-aware loss: 0.2736, lumen dice: 0.9475, wall dice: 0.8628, distal recall: 0.8920
epoch: 114, iter: 3240/3251, distal-aware loss: 0.2735, lumen dice: 0.9475, wall dice: 0.8628, distal recall: 0.8920
epoch: 114, iter: 3250/3251, distal-aware loss: 0.2735, lumen dice: 0.9475, wall dice: 0.8628, distal recall: 0.8920
epoch: 114, val distal-aware loss: 0.2809, val lumen dice: 0.9543, val wall dice: 0.8862, val distal recall: 0.9108
starting epoch: 115
epoch: 115, iter: 0/3251, distal-aware loss: 0.2648, lumen dice: 0.9620, wall dice: 0.8802, distal recall: 0.8797
epoch: 115, iter: 10/3251, distal-aware loss: 0.2596, lumen dice: 0.9570, wall dice: 0.8740, distal recall: 0.8999
epoch: 115, iter: 20/3251, distal-aware loss: 0.2702, lumen dice: 0.9521, wall dice: 0.8694, distal recall: 0.8868
epoch: 115, iter: 30/3251, distal-aware loss: 0.2677, lumen dice: 0.9493, wall dice: 0.8696, distal recall: 0.8898
epoch: 115, iter: 40/3251, distal-aware loss: 0.2877, lumen dice: 0.9410, wall dice: 0.8499, distal recall: 0.8856
epoch: 115, iter: 50/3251, distal-aware loss: 0.2882, lumen dice: 0.9418, wall dice: 0.8508, distal recall: 0.8841
epoch: 115, iter: 60/3251, distal-aware loss: 0.2874, lumen dice: 0.9418, wall dice: 0.8497, distal recall: 0.8835
epoch: 115, iter: 70/3251, distal-aware loss: 0.2820, lumen dice: 0.9440, wall dice: 0.8531, distal recall: 0.8838
epoch: 115, iter: 80/3251, distal-aware loss: 0.2829, lumen dice: 0.9395, wall dice: 0.8532, distal recall: 0.8832
epoch: 115, iter: 90/3251, distal-aware loss: 0.2839, lumen dice: 0.9406, wall dice: 0.8538, distal recall: 0.8832
epoch: 115, iter: 100/3251, distal-aware loss: 0.2814, lumen dice: 0.9423, wall dice: 0.8542, distal recall: 0.8841
epoch: 115, iter: 110/3251, distal-aware loss: 0.2813, lumen dice: 0.9428, wall dice: 0.8552, distal recall: 0.8856
epoch: 115, iter: 120/3251, distal-aware loss: 0.2801, lumen dice: 0.9431, wall dice: 0.8563, distal recall: 0.8874
epoch: 115, iter: 130/3251, distal-aware loss: 0.2780, lumen dice: 0.9446, wall dice: 0.8580, distal recall: 0.8870
epoch: 115, iter: 140/3251, distal-aware loss: 0.2762, lumen dice: 0.9451, wall dice: 0.8596, distal recall: 0.8894
epoch: 115, iter: 150/3251, distal-aware loss: 0.2755, lumen dice: 0.9458, wall dice: 0.8601, distal recall: 0.8892
epoch: 115, iter: 160/3251, distal-aware loss: 0.2750, lumen dice: 0.9453, wall dice: 0.8605, distal recall: 0.8905
epoch: 115, iter: 170/3251, distal-aware loss: 0.2747, lumen dice: 0.9452, wall dice: 0.8602, distal recall: 0.8909
epoch: 115, iter: 180/3251, distal-aware loss: 0.2759, lumen dice: 0.9452, wall dice: 0.8597, distal recall: 0.8900
epoch: 115, iter: 190/3251, distal-aware loss: 0.2771, lumen dice: 0.9453, wall dice: 0.8587, distal recall: 0.8894
epoch: 115, iter: 200/3251, distal-aware loss: 0.2772, lumen dice: 0.9453, wall dice: 0.8587, distal recall: 0.8903
epoch: 115, iter: 210/3251, distal-aware loss: 0.2776, lumen dice: 0.9450, wall dice: 0.8590, distal recall: 0.8901
epoch: 115, iter: 220/3251, distal-aware loss: 0.2782, lumen dice: 0.9450, wall dice: 0.8588, distal recall: 0.8901
epoch: 115, iter: 230/3251, distal-aware loss: 0.2810, lumen dice: 0.9424, wall dice: 0.8565, distal recall: 0.8888
epoch: 115, iter: 240/3251, distal-aware loss: 0.2818, lumen dice: 0.9416, wall dice: 0.8563, distal recall: 0.8886
epoch: 115, iter: 250/3251, distal-aware loss: 0.2823, lumen dice: 0.9415, wall dice: 0.8564, distal recall: 0.8880
epoch: 115, iter: 260/3251, distal-aware loss: 0.2854, lumen dice: 0.9399, wall dice: 0.8527, distal recall: 0.8876
epoch: 115, iter: 270/3251, distal-aware loss: 0.2855, lumen dice: 0.9400, wall dice: 0.8529, distal recall: 0.8867
epoch: 115, iter: 280/3251, distal-aware loss: 0.2855, lumen dice: 0.9404, wall dice: 0.8532, distal recall: 0.8871
epoch: 115, iter: 290/3251, distal-aware loss: 0.2845, lumen dice: 0.9410, wall dice: 0.8539, distal recall: 0.8870
epoch: 115, iter: 300/3251, distal-aware loss: 0.2839, lumen dice: 0.9415, wall dice: 0.8545, distal recall: 0.8876
epoch: 115, iter: 310/3251, distal-aware loss: 0.2832, lumen dice: 0.9417, wall dice: 0.8548, distal recall: 0.8878
epoch: 115, iter: 320/3251, distal-aware loss: 0.2824, lumen dice: 0.9420, wall dice: 0.8552, distal recall: 0.8884
epoch: 115, iter: 330/3251, distal-aware loss: 0.2814, lumen dice: 0.9421, wall dice: 0.8560, distal recall: 0.8887
epoch: 115, iter: 340/3251, distal-aware loss: 0.2809, lumen dice: 0.9424, wall dice: 0.8566, distal recall: 0.8892
epoch: 115, iter: 350/3251, distal-aware loss: 0.2793, lumen dice: 0.9430, wall dice: 0.8576, distal recall: 0.8901
epoch: 115, iter: 360/3251, distal-aware loss: 0.2799, lumen dice: 0.9430, wall dice: 0.8569, distal recall: 0.8900
epoch: 115, iter: 370/3251, distal-aware loss: 0.2790, lumen dice: 0.9430, wall dice: 0.8574, distal recall: 0.8902
epoch: 115, iter: 380/3251, distal-aware loss: 0.2783, lumen dice: 0.9435, wall dice: 0.8580, distal recall: 0.8904
epoch: 115, iter: 390/3251, distal-aware loss: 0.2787, lumen dice: 0.9433, wall dice: 0.8579, distal recall: 0.8900
epoch: 115, iter: 400/3251, distal-aware loss: 0.2790, lumen dice: 0.9435, wall dice: 0.8580, distal recall: 0.8891
epoch: 115, iter: 410/3251, distal-aware loss: 0.2788, lumen dice: 0.9437, wall dice: 0.8581, distal recall: 0.8893
epoch: 115, iter: 420/3251, distal-aware loss: 0.2789, lumen dice: 0.9436, wall dice: 0.8583, distal recall: 0.8892
epoch: 115, iter: 430/3251, distal-aware loss: 0.2780, lumen dice: 0.9440, wall dice: 0.8588, distal recall: 0.8894
epoch: 115, iter: 440/3251, distal-aware loss: 0.2770, lumen dice: 0.9442, wall dice: 0.8595, distal recall: 0.8901
epoch: 115, iter: 450/3251, distal-aware loss: 0.2769, lumen dice: 0.9444, wall dice: 0.8597, distal recall: 0.8904
epoch: 115, iter: 460/3251, distal-aware loss: 0.2770, lumen dice: 0.9443, wall dice: 0.8597, distal recall: 0.8903
epoch: 115, iter: 470/3251, distal-aware loss: 0.2786, lumen dice: 0.9428, wall dice: 0.8586, distal recall: 0.8899
epoch: 115, iter: 480/3251, distal-aware loss: 0.2796, lumen dice: 0.9423, wall dice: 0.8580, distal recall: 0.8891
epoch: 115, iter: 490/3251, distal-aware loss: 0.2809, lumen dice: 0.9422, wall dice: 0.8574, distal recall: 0.8881
epoch: 115, iter: 500/3251, distal-aware loss: 0.2812, lumen dice: 0.9424, wall dice: 0.8573, distal recall: 0.8878
epoch: 115, iter: 510/3251, distal-aware loss: 0.2814, lumen dice: 0.9423, wall dice: 0.8574, distal recall: 0.8877
epoch: 115, iter: 520/3251, distal-aware loss: 0.2819, lumen dice: 0.9420, wall dice: 0.8571, distal recall: 0.8876
epoch: 115, iter: 530/3251, distal-aware loss: 0.2814, lumen dice: 0.9423, wall dice: 0.8575, distal recall: 0.8877
epoch: 115, iter: 540/3251, distal-aware loss: 0.2818, lumen dice: 0.9424, wall dice: 0.8574, distal recall: 0.8877
epoch: 115, iter: 550/3251, distal-aware loss: 0.2824, lumen dice: 0.9423, wall dice: 0.8569, distal recall: 0.8874
epoch: 115, iter: 560/3251, distal-aware loss: 0.2827, lumen dice: 0.9422, wall dice: 0.8568, distal recall: 0.8873
epoch: 115, iter: 570/3251, distal-aware loss: 0.2823, lumen dice: 0.9425, wall dice: 0.8571, distal recall: 0.8874
epoch: 115, iter: 580/3251, distal-aware loss: 0.2821, lumen dice: 0.9426, wall dice: 0.8573, distal recall: 0.8876
epoch: 115, iter: 590/3251, distal-aware loss: 0.2820, lumen dice: 0.9426, wall dice: 0.8573, distal recall: 0.8873
epoch: 115, iter: 600/3251, distal-aware loss: 0.2814, lumen dice: 0.9429, wall dice: 0.8574, distal recall: 0.8876
epoch: 115, iter: 610/3251, distal-aware loss: 0.2809, lumen dice: 0.9431, wall dice: 0.8578, distal recall: 0.8875
epoch: 115, iter: 620/3251, distal-aware loss: 0.2807, lumen dice: 0.9432, wall dice: 0.8578, distal recall: 0.8876
epoch: 115, iter: 630/3251, distal-aware loss: 0.2811, lumen dice: 0.9433, wall dice: 0.8578, distal recall: 0.8874
epoch: 115, iter: 640/3251, distal-aware loss: 0.2808, lumen dice: 0.9435, wall dice: 0.8580, distal recall: 0.8875
epoch: 115, iter: 650/3251, distal-aware loss: 0.2804, lumen dice: 0.9437, wall dice: 0.8583, distal recall: 0.8875
epoch: 115, iter: 660/3251, distal-aware loss: 0.2801, lumen dice: 0.9439, wall dice: 0.8586, distal recall: 0.8878
epoch: 115, iter: 670/3251, distal-aware loss: 0.2803, lumen dice: 0.9438, wall dice: 0.8586, distal recall: 0.8879
epoch: 115, iter: 680/3251, distal-aware loss: 0.2803, lumen dice: 0.9440, wall dice: 0.8588, distal recall: 0.8878
epoch: 115, iter: 690/3251, distal-aware loss: 0.2802, lumen dice: 0.9440, wall dice: 0.8589, distal recall: 0.8880
epoch: 115, iter: 700/3251, distal-aware loss: 0.2800, lumen dice: 0.9442, wall dice: 0.8591, distal recall: 0.8881
epoch: 115, iter: 710/3251, distal-aware loss: 0.2797, lumen dice: 0.9445, wall dice: 0.8592, distal recall: 0.8879
epoch: 115, iter: 720/3251, distal-aware loss: 0.2798, lumen dice: 0.9443, wall dice: 0.8594, distal recall: 0.8878
epoch: 115, iter: 730/3251, distal-aware loss: 0.2795, lumen dice: 0.9445, wall dice: 0.8595, distal recall: 0.8881
epoch: 115, iter: 740/3251, distal-aware loss: 0.2792, lumen dice: 0.9447, wall dice: 0.8597, distal recall: 0.8879
epoch: 115, iter: 750/3251, distal-aware loss: 0.2794, lumen dice: 0.9448, wall dice: 0.8598, distal recall: 0.8879
epoch: 115, iter: 760/3251, distal-aware loss: 0.2791, lumen dice: 0.9446, wall dice: 0.8598, distal recall: 0.8881
epoch: 115, iter: 770/3251, distal-aware loss: 0.2788, lumen dice: 0.9449, wall dice: 0.8600, distal recall: 0.8880
epoch: 115, iter: 780/3251, distal-aware loss: 0.2788, lumen dice: 0.9449, wall dice: 0.8598, distal recall: 0.8882
epoch: 115, iter: 790/3251, distal-aware loss: 0.2787, lumen dice: 0.9450, wall dice: 0.8600, distal recall: 0.8882
epoch: 115, iter: 800/3251, distal-aware loss: 0.2785, lumen dice: 0.9451, wall dice: 0.8602, distal recall: 0.8884
epoch: 115, iter: 810/3251, distal-aware loss: 0.2784, lumen dice: 0.9451, wall dice: 0.8603, distal recall: 0.8884
epoch: 115, iter: 820/3251, distal-aware loss: 0.2780, lumen dice: 0.9453, wall dice: 0.8605, distal recall: 0.8886
epoch: 115, iter: 830/3251, distal-aware loss: 0.2778, lumen dice: 0.9454, wall dice: 0.8606, distal recall: 0.8887
epoch: 115, iter: 840/3251, distal-aware loss: 0.2777, lumen dice: 0.9455, wall dice: 0.8607, distal recall: 0.8889
epoch: 115, iter: 850/3251, distal-aware loss: 0.2775, lumen dice: 0.9455, wall dice: 0.8608, distal recall: 0.8890
epoch: 115, iter: 860/3251, distal-aware loss: 0.2776, lumen dice: 0.9456, wall dice: 0.8607, distal recall: 0.8884
epoch: 115, iter: 870/3251, distal-aware loss: 0.2775, lumen dice: 0.9456, wall dice: 0.8607, distal recall: 0.8885
epoch: 115, iter: 880/3251, distal-aware loss: 0.2773, lumen dice: 0.9458, wall dice: 0.8610, distal recall: 0.8884
epoch: 115, iter: 890/3251, distal-aware loss: 0.2775, lumen dice: 0.9458, wall dice: 0.8608, distal recall: 0.8884
epoch: 115, iter: 900/3251, distal-aware loss: 0.2773, lumen dice: 0.9458, wall dice: 0.8609, distal recall: 0.8886
epoch: 115, iter: 910/3251, distal-aware loss: 0.2774, lumen dice: 0.9459, wall dice: 0.8610, distal recall: 0.8885
epoch: 115, iter: 920/3251, distal-aware loss: 0.2774, lumen dice: 0.9459, wall dice: 0.8611, distal recall: 0.8886
epoch: 115, iter: 930/3251, distal-aware loss: 0.2772, lumen dice: 0.9460, wall dice: 0.8612, distal recall: 0.8888
epoch: 115, iter: 940/3251, distal-aware loss: 0.2769, lumen dice: 0.9462, wall dice: 0.8614, distal recall: 0.8888
epoch: 115, iter: 950/3251, distal-aware loss: 0.2769, lumen dice: 0.9462, wall dice: 0.8615, distal recall: 0.8889
epoch: 115, iter: 960/3251, distal-aware loss: 0.2771, lumen dice: 0.9462, wall dice: 0.8610, distal recall: 0.8887
epoch: 115, iter: 970/3251, distal-aware loss: 0.2770, lumen dice: 0.9463, wall dice: 0.8611, distal recall: 0.8889
epoch: 115, iter: 980/3251, distal-aware loss: 0.2773, lumen dice: 0.9462, wall dice: 0.8608, distal recall: 0.8887
epoch: 115, iter: 990/3251, distal-aware loss: 0.2772, lumen dice: 0.9462, wall dice: 0.8609, distal recall: 0.8888
epoch: 115, iter: 1000/3251, distal-aware loss: 0.2771, lumen dice: 0.9461, wall dice: 0.8609, distal recall: 0.8888
epoch: 115, iter: 1010/3251, distal-aware loss: 0.2772, lumen dice: 0.9461, wall dice: 0.8609, distal recall: 0.8889
epoch: 115, iter: 1020/3251, distal-aware loss: 0.2770, lumen dice: 0.9463, wall dice: 0.8609, distal recall: 0.8889
epoch: 115, iter: 1030/3251, distal-aware loss: 0.2774, lumen dice: 0.9462, wall dice: 0.8602, distal recall: 0.8890
epoch: 115, iter: 1040/3251, distal-aware loss: 0.2774, lumen dice: 0.9462, wall dice: 0.8603, distal recall: 0.8890
epoch: 115, iter: 1050/3251, distal-aware loss: 0.2771, lumen dice: 0.9463, wall dice: 0.8605, distal recall: 0.8891
epoch: 115, iter: 1060/3251, distal-aware loss: 0.2770, lumen dice: 0.9463, wall dice: 0.8605, distal recall: 0.8892
epoch: 115, iter: 1070/3251, distal-aware loss: 0.2768, lumen dice: 0.9462, wall dice: 0.8606, distal recall: 0.8893
epoch: 115, iter: 1080/3251, distal-aware loss: 0.2765, lumen dice: 0.9463, wall dice: 0.8608, distal recall: 0.8892
epoch: 115, iter: 1090/3251, distal-aware loss: 0.2766, lumen dice: 0.9464, wall dice: 0.8606, distal recall: 0.8893
epoch: 115, iter: 1100/3251, distal-aware loss: 0.2765, lumen dice: 0.9464, wall dice: 0.8606, distal recall: 0.8894
epoch: 115, iter: 1110/3251, distal-aware loss: 0.2765, lumen dice: 0.9464, wall dice: 0.8607, distal recall: 0.8895
epoch: 115, iter: 1120/3251, distal-aware loss: 0.2764, lumen dice: 0.9465, wall dice: 0.8607, distal recall: 0.8894
epoch: 115, iter: 1130/3251, distal-aware loss: 0.2764, lumen dice: 0.9466, wall dice: 0.8607, distal recall: 0.8895
epoch: 115, iter: 1140/3251, distal-aware loss: 0.2763, lumen dice: 0.9466, wall dice: 0.8607, distal recall: 0.8896
epoch: 115, iter: 1150/3251, distal-aware loss: 0.2761, lumen dice: 0.9467, wall dice: 0.8608, distal recall: 0.8897
epoch: 115, iter: 1160/3251, distal-aware loss: 0.2763, lumen dice: 0.9465, wall dice: 0.8608, distal recall: 0.8895
epoch: 115, iter: 1170/3251, distal-aware loss: 0.2763, lumen dice: 0.9465, wall dice: 0.8608, distal recall: 0.8894
epoch: 115, iter: 1180/3251, distal-aware loss: 0.2763, lumen dice: 0.9465, wall dice: 0.8608, distal recall: 0.8895
epoch: 115, iter: 1190/3251, distal-aware loss: 0.2760, lumen dice: 0.9466, wall dice: 0.8610, distal recall: 0.8895
epoch: 115, iter: 1200/3251, distal-aware loss: 0.2759, lumen dice: 0.9467, wall dice: 0.8611, distal recall: 0.8897
epoch: 115, iter: 1210/3251, distal-aware loss: 0.2762, lumen dice: 0.9466, wall dice: 0.8608, distal recall: 0.8897
epoch: 115, iter: 1220/3251, distal-aware loss: 0.2762, lumen dice: 0.9467, wall dice: 0.8609, distal recall: 0.8898
epoch: 115, iter: 1230/3251, distal-aware loss: 0.2760, lumen dice: 0.9468, wall dice: 0.8610, distal recall: 0.8900
epoch: 115, iter: 1240/3251, distal-aware loss: 0.2759, lumen dice: 0.9469, wall dice: 0.8611, distal recall: 0.8901
epoch: 115, iter: 1250/3251, distal-aware loss: 0.2763, lumen dice: 0.9462, wall dice: 0.8612, distal recall: 0.8902
epoch: 115, iter: 1260/3251, distal-aware loss: 0.2761, lumen dice: 0.9463, wall dice: 0.8613, distal recall: 0.8903
epoch: 115, iter: 1270/3251, distal-aware loss: 0.2761, lumen dice: 0.9463, wall dice: 0.8612, distal recall: 0.8903
epoch: 115, iter: 1280/3251, distal-aware loss: 0.2759, lumen dice: 0.9465, wall dice: 0.8613, distal recall: 0.8903
epoch: 115, iter: 1290/3251, distal-aware loss: 0.2757, lumen dice: 0.9465, wall dice: 0.8614, distal recall: 0.8904
epoch: 115, iter: 1300/3251, distal-aware loss: 0.2759, lumen dice: 0.9465, wall dice: 0.8610, distal recall: 0.8903
epoch: 115, iter: 1310/3251, distal-aware loss: 0.2760, lumen dice: 0.9464, wall dice: 0.8610, distal recall: 0.8904
epoch: 115, iter: 1320/3251, distal-aware loss: 0.2757, lumen dice: 0.9465, wall dice: 0.8611, distal recall: 0.8906
epoch: 115, iter: 1330/3251, distal-aware loss: 0.2758, lumen dice: 0.9466, wall dice: 0.8609, distal recall: 0.8905
epoch: 115, iter: 1340/3251, distal-aware loss: 0.2757, lumen dice: 0.9466, wall dice: 0.8610, distal recall: 0.8906
epoch: 115, iter: 1350/3251, distal-aware loss: 0.2759, lumen dice: 0.9465, wall dice: 0.8609, distal recall: 0.8906
epoch: 115, iter: 1360/3251, distal-aware loss: 0.2757, lumen dice: 0.9465, wall dice: 0.8610, distal recall: 0.8906
epoch: 115, iter: 1370/3251, distal-aware loss: 0.2755, lumen dice: 0.9466, wall dice: 0.8611, distal recall: 0.8906
epoch: 115, iter: 1380/3251, distal-aware loss: 0.2755, lumen dice: 0.9467, wall dice: 0.8611, distal recall: 0.8905
epoch: 115, iter: 1390/3251, distal-aware loss: 0.2755, lumen dice: 0.9467, wall dice: 0.8613, distal recall: 0.8906
epoch: 115, iter: 1400/3251, distal-aware loss: 0.2754, lumen dice: 0.9467, wall dice: 0.8613, distal recall: 0.8906
epoch: 115, iter: 1410/3251, distal-aware loss: 0.2756, lumen dice: 0.9466, wall dice: 0.8613, distal recall: 0.8906
epoch: 115, iter: 1420/3251, distal-aware loss: 0.2757, lumen dice: 0.9467, wall dice: 0.8612, distal recall: 0.8905
epoch: 115, iter: 1430/3251, distal-aware loss: 0.2756, lumen dice: 0.9466, wall dice: 0.8613, distal recall: 0.8906
epoch: 115, iter: 1440/3251, distal-aware loss: 0.2755, lumen dice: 0.9467, wall dice: 0.8614, distal recall: 0.8906
epoch: 115, iter: 1450/3251, distal-aware loss: 0.2755, lumen dice: 0.9468, wall dice: 0.8612, distal recall: 0.8906
epoch: 115, iter: 1460/3251, distal-aware loss: 0.2753, lumen dice: 0.9468, wall dice: 0.8613, distal recall: 0.8907
epoch: 115, iter: 1470/3251, distal-aware loss: 0.2753, lumen dice: 0.9469, wall dice: 0.8614, distal recall: 0.8906
epoch: 115, iter: 1480/3251, distal-aware loss: 0.2753, lumen dice: 0.9469, wall dice: 0.8615, distal recall: 0.8907
epoch: 115, iter: 1490/3251, distal-aware loss: 0.2753, lumen dice: 0.9469, wall dice: 0.8615, distal recall: 0.8906
epoch: 115, iter: 1500/3251, distal-aware loss: 0.2752, lumen dice: 0.9469, wall dice: 0.8615, distal recall: 0.8906
epoch: 115, iter: 1510/3251, distal-aware loss: 0.2750, lumen dice: 0.9469, wall dice: 0.8616, distal recall: 0.8907
epoch: 115, iter: 1520/3251, distal-aware loss: 0.2749, lumen dice: 0.9470, wall dice: 0.8617, distal recall: 0.8908
epoch: 115, iter: 1530/3251, distal-aware loss: 0.2750, lumen dice: 0.9470, wall dice: 0.8616, distal recall: 0.8908
epoch: 115, iter: 1540/3251, distal-aware loss: 0.2752, lumen dice: 0.9469, wall dice: 0.8614, distal recall: 0.8907
epoch: 115, iter: 1550/3251, distal-aware loss: 0.2751, lumen dice: 0.9469, wall dice: 0.8614, distal recall: 0.8908
epoch: 115, iter: 1560/3251, distal-aware loss: 0.2749, lumen dice: 0.9470, wall dice: 0.8615, distal recall: 0.8908
epoch: 115, iter: 1570/3251, distal-aware loss: 0.2750, lumen dice: 0.9470, wall dice: 0.8615, distal recall: 0.8909
epoch: 115, iter: 1580/3251, distal-aware loss: 0.2748, lumen dice: 0.9471, wall dice: 0.8617, distal recall: 0.8909
epoch: 115, iter: 1590/3251, distal-aware loss: 0.2747, lumen dice: 0.9471, wall dice: 0.8617, distal recall: 0.8910
epoch: 115, iter: 1600/3251, distal-aware loss: 0.2747, lumen dice: 0.9470, wall dice: 0.8618, distal recall: 0.8911
epoch: 115, iter: 1610/3251, distal-aware loss: 0.2747, lumen dice: 0.9469, wall dice: 0.8619, distal recall: 0.8911
epoch: 115, iter: 1620/3251, distal-aware loss: 0.2748, lumen dice: 0.9470, wall dice: 0.8618, distal recall: 0.8910
epoch: 115, iter: 1630/3251, distal-aware loss: 0.2747, lumen dice: 0.9469, wall dice: 0.8619, distal recall: 0.8911
epoch: 115, iter: 1640/3251, distal-aware loss: 0.2747, lumen dice: 0.9469, wall dice: 0.8619, distal recall: 0.8910
epoch: 115, iter: 1650/3251, distal-aware loss: 0.2745, lumen dice: 0.9470, wall dice: 0.8620, distal recall: 0.8912
epoch: 115, iter: 1660/3251, distal-aware loss: 0.2747, lumen dice: 0.9470, wall dice: 0.8619, distal recall: 0.8912
epoch: 115, iter: 1670/3251, distal-aware loss: 0.2746, lumen dice: 0.9470, wall dice: 0.8618, distal recall: 0.8913
epoch: 115, iter: 1680/3251, distal-aware loss: 0.2746, lumen dice: 0.9470, wall dice: 0.8618, distal recall: 0.8914
epoch: 115, iter: 1690/3251, distal-aware loss: 0.2746, lumen dice: 0.9470, wall dice: 0.8619, distal recall: 0.8913
epoch: 115, iter: 1700/3251, distal-aware loss: 0.2746, lumen dice: 0.9469, wall dice: 0.8619, distal recall: 0.8912
epoch: 115, iter: 1710/3251, distal-aware loss: 0.2747, lumen dice: 0.9469, wall dice: 0.8619, distal recall: 0.8913
epoch: 115, iter: 1720/3251, distal-aware loss: 0.2745, lumen dice: 0.9469, wall dice: 0.8619, distal recall: 0.8914
epoch: 115, iter: 1730/3251, distal-aware loss: 0.2744, lumen dice: 0.9470, wall dice: 0.8621, distal recall: 0.8914
epoch: 115, iter: 1740/3251, distal-aware loss: 0.2744, lumen dice: 0.9470, wall dice: 0.8620, distal recall: 0.8914
epoch: 115, iter: 1750/3251, distal-aware loss: 0.2744, lumen dice: 0.9469, wall dice: 0.8620, distal recall: 0.8913
epoch: 115, iter: 1760/3251, distal-aware loss: 0.2745, lumen dice: 0.9468, wall dice: 0.8620, distal recall: 0.8913
epoch: 115, iter: 1770/3251, distal-aware loss: 0.2744, lumen dice: 0.9468, wall dice: 0.8620, distal recall: 0.8913
epoch: 115, iter: 1780/3251, distal-aware loss: 0.2743, lumen dice: 0.9469, wall dice: 0.8620, distal recall: 0.8914
epoch: 115, iter: 1790/3251, distal-aware loss: 0.2743, lumen dice: 0.9469, wall dice: 0.8620, distal recall: 0.8913
epoch: 115, iter: 1800/3251, distal-aware loss: 0.2743, lumen dice: 0.9468, wall dice: 0.8620, distal recall: 0.8915
epoch: 115, iter: 1810/3251, distal-aware loss: 0.2742, lumen dice: 0.9469, wall dice: 0.8621, distal recall: 0.8915
epoch: 115, iter: 1820/3251, distal-aware loss: 0.2743, lumen dice: 0.9469, wall dice: 0.8618, distal recall: 0.8914
epoch: 115, iter: 1830/3251, distal-aware loss: 0.2743, lumen dice: 0.9468, wall dice: 0.8619, distal recall: 0.8915
epoch: 115, iter: 1840/3251, distal-aware loss: 0.2742, lumen dice: 0.9469, wall dice: 0.8620, distal recall: 0.8915
epoch: 115, iter: 1850/3251, distal-aware loss: 0.2740, lumen dice: 0.9470, wall dice: 0.8621, distal recall: 0.8916
epoch: 115, iter: 1860/3251, distal-aware loss: 0.2738, lumen dice: 0.9471, wall dice: 0.8623, distal recall: 0.8917
epoch: 115, iter: 1870/3251, distal-aware loss: 0.2736, lumen dice: 0.9471, wall dice: 0.8624, distal recall: 0.8917
epoch: 115, iter: 1880/3251, distal-aware loss: 0.2736, lumen dice: 0.9472, wall dice: 0.8624, distal recall: 0.8917
epoch: 115, iter: 1890/3251, distal-aware loss: 0.2736, lumen dice: 0.9472, wall dice: 0.8625, distal recall: 0.8916
epoch: 115, iter: 1900/3251, distal-aware loss: 0.2738, lumen dice: 0.9472, wall dice: 0.8624, distal recall: 0.8916
epoch: 115, iter: 1910/3251, distal-aware loss: 0.2738, lumen dice: 0.9472, wall dice: 0.8624, distal recall: 0.8916
epoch: 115, iter: 1920/3251, distal-aware loss: 0.2736, lumen dice: 0.9472, wall dice: 0.8626, distal recall: 0.8917
epoch: 115, iter: 1930/3251, distal-aware loss: 0.2735, lumen dice: 0.9472, wall dice: 0.8626, distal recall: 0.8918
epoch: 115, iter: 1940/3251, distal-aware loss: 0.2736, lumen dice: 0.9472, wall dice: 0.8626, distal recall: 0.8918
epoch: 115, iter: 1950/3251, distal-aware loss: 0.2736, lumen dice: 0.9472, wall dice: 0.8627, distal recall: 0.8917
epoch: 115, iter: 1960/3251, distal-aware loss: 0.2737, lumen dice: 0.9472, wall dice: 0.8625, distal recall: 0.8918
epoch: 115, iter: 1970/3251, distal-aware loss: 0.2739, lumen dice: 0.9472, wall dice: 0.8625, distal recall: 0.8917
epoch: 115, iter: 1980/3251, distal-aware loss: 0.2739, lumen dice: 0.9472, wall dice: 0.8624, distal recall: 0.8917
epoch: 115, iter: 1990/3251, distal-aware loss: 0.2739, lumen dice: 0.9472, wall dice: 0.8624, distal recall: 0.8918
epoch: 115, iter: 2000/3251, distal-aware loss: 0.2738, lumen dice: 0.9472, wall dice: 0.8624, distal recall: 0.8918
epoch: 115, iter: 2010/3251, distal-aware loss: 0.2738, lumen dice: 0.9472, wall dice: 0.8625, distal recall: 0.8918
epoch: 115, iter: 2020/3251, distal-aware loss: 0.2740, lumen dice: 0.9472, wall dice: 0.8624, distal recall: 0.8916
epoch: 115, iter: 2030/3251, distal-aware loss: 0.2739, lumen dice: 0.9472, wall dice: 0.8625, distal recall: 0.8916
epoch: 115, iter: 2040/3251, distal-aware loss: 0.2738, lumen dice: 0.9472, wall dice: 0.8626, distal recall: 0.8917
epoch: 115, iter: 2050/3251, distal-aware loss: 0.2739, lumen dice: 0.9473, wall dice: 0.8625, distal recall: 0.8916
epoch: 115, iter: 2060/3251, distal-aware loss: 0.2738, lumen dice: 0.9473, wall dice: 0.8626, distal recall: 0.8916
epoch: 115, iter: 2070/3251, distal-aware loss: 0.2737, lumen dice: 0.9473, wall dice: 0.8627, distal recall: 0.8917
epoch: 115, iter: 2080/3251, distal-aware loss: 0.2738, lumen dice: 0.9471, wall dice: 0.8626, distal recall: 0.8917
epoch: 115, iter: 2090/3251, distal-aware loss: 0.2737, lumen dice: 0.9472, wall dice: 0.8627, distal recall: 0.8918
epoch: 115, iter: 2100/3251, distal-aware loss: 0.2737, lumen dice: 0.9471, wall dice: 0.8624, distal recall: 0.8918
epoch: 115, iter: 2110/3251, distal-aware loss: 0.2736, lumen dice: 0.9472, wall dice: 0.8625, distal recall: 0.8918
epoch: 115, iter: 2120/3251, distal-aware loss: 0.2736, lumen dice: 0.9472, wall dice: 0.8624, distal recall: 0.8918
epoch: 115, iter: 2130/3251, distal-aware loss: 0.2736, lumen dice: 0.9472, wall dice: 0.8625, distal recall: 0.8919
epoch: 115, iter: 2140/3251, distal-aware loss: 0.2738, lumen dice: 0.9472, wall dice: 0.8625, distal recall: 0.8918
epoch: 115, iter: 2150/3251, distal-aware loss: 0.2737, lumen dice: 0.9472, wall dice: 0.8625, distal recall: 0.8918
epoch: 115, iter: 2160/3251, distal-aware loss: 0.2737, lumen dice: 0.9473, wall dice: 0.8626, distal recall: 0.8918
epoch: 115, iter: 2170/3251, distal-aware loss: 0.2737, lumen dice: 0.9473, wall dice: 0.8624, distal recall: 0.8917
epoch: 115, iter: 2180/3251, distal-aware loss: 0.2737, lumen dice: 0.9473, wall dice: 0.8625, distal recall: 0.8918
epoch: 115, iter: 2190/3251, distal-aware loss: 0.2737, lumen dice: 0.9473, wall dice: 0.8624, distal recall: 0.8918
epoch: 115, iter: 2200/3251, distal-aware loss: 0.2736, lumen dice: 0.9473, wall dice: 0.8625, distal recall: 0.8919
epoch: 115, iter: 2210/3251, distal-aware loss: 0.2736, lumen dice: 0.9474, wall dice: 0.8625, distal recall: 0.8918
epoch: 115, iter: 2220/3251, distal-aware loss: 0.2735, lumen dice: 0.9473, wall dice: 0.8626, distal recall: 0.8919
epoch: 115, iter: 2230/3251, distal-aware loss: 0.2734, lumen dice: 0.9474, wall dice: 0.8626, distal recall: 0.8919
epoch: 115, iter: 2240/3251, distal-aware loss: 0.2734, lumen dice: 0.9474, wall dice: 0.8626, distal recall: 0.8919
epoch: 115, iter: 2250/3251, distal-aware loss: 0.2734, lumen dice: 0.9473, wall dice: 0.8626, distal recall: 0.8920
epoch: 115, iter: 2260/3251, distal-aware loss: 0.2734, lumen dice: 0.9474, wall dice: 0.8626, distal recall: 0.8921
epoch: 115, iter: 2270/3251, distal-aware loss: 0.2733, lumen dice: 0.9474, wall dice: 0.8627, distal recall: 0.8920
epoch: 115, iter: 2280/3251, distal-aware loss: 0.2733, lumen dice: 0.9474, wall dice: 0.8627, distal recall: 0.8921
epoch: 115, iter: 2290/3251, distal-aware loss: 0.2732, lumen dice: 0.9474, wall dice: 0.8628, distal recall: 0.8922
epoch: 115, iter: 2300/3251, distal-aware loss: 0.2731, lumen dice: 0.9475, wall dice: 0.8628, distal recall: 0.8922
epoch: 115, iter: 2310/3251, distal-aware loss: 0.2732, lumen dice: 0.9475, wall dice: 0.8627, distal recall: 0.8922
epoch: 115, iter: 2320/3251, distal-aware loss: 0.2732, lumen dice: 0.9475, wall dice: 0.8628, distal recall: 0.8922
epoch: 115, iter: 2330/3251, distal-aware loss: 0.2732, lumen dice: 0.9475, wall dice: 0.8628, distal recall: 0.8923
epoch: 115, iter: 2340/3251, distal-aware loss: 0.2732, lumen dice: 0.9475, wall dice: 0.8628, distal recall: 0.8922
epoch: 115, iter: 2350/3251, distal-aware loss: 0.2730, lumen dice: 0.9476, wall dice: 0.8629, distal recall: 0.8923
epoch: 115, iter: 2360/3251, distal-aware loss: 0.2730, lumen dice: 0.9476, wall dice: 0.8629, distal recall: 0.8924
epoch: 115, iter: 2370/3251, distal-aware loss: 0.2729, lumen dice: 0.9476, wall dice: 0.8630, distal recall: 0.8924
epoch: 115, iter: 2380/3251, distal-aware loss: 0.2730, lumen dice: 0.9474, wall dice: 0.8629, distal recall: 0.8924
epoch: 115, iter: 2390/3251, distal-aware loss: 0.2731, lumen dice: 0.9474, wall dice: 0.8629, distal recall: 0.8924
epoch: 115, iter: 2400/3251, distal-aware loss: 0.2730, lumen dice: 0.9473, wall dice: 0.8629, distal recall: 0.8923
epoch: 115, iter: 2410/3251, distal-aware loss: 0.2730, lumen dice: 0.9473, wall dice: 0.8629, distal recall: 0.8924
epoch: 115, iter: 2420/3251, distal-aware loss: 0.2730, lumen dice: 0.9473, wall dice: 0.8629, distal recall: 0.8924
epoch: 115, iter: 2430/3251, distal-aware loss: 0.2730, lumen dice: 0.9473, wall dice: 0.8630, distal recall: 0.8924
epoch: 115, iter: 2440/3251, distal-aware loss: 0.2730, lumen dice: 0.9474, wall dice: 0.8629, distal recall: 0.8924
epoch: 115, iter: 2450/3251, distal-aware loss: 0.2730, lumen dice: 0.9474, wall dice: 0.8630, distal recall: 0.8924
epoch: 115, iter: 2460/3251, distal-aware loss: 0.2729, lumen dice: 0.9475, wall dice: 0.8630, distal recall: 0.8924
epoch: 115, iter: 2470/3251, distal-aware loss: 0.2729, lumen dice: 0.9473, wall dice: 0.8630, distal recall: 0.8925
epoch: 115, iter: 2480/3251, distal-aware loss: 0.2732, lumen dice: 0.9470, wall dice: 0.8628, distal recall: 0.8925
epoch: 115, iter: 2490/3251, distal-aware loss: 0.2732, lumen dice: 0.9470, wall dice: 0.8628, distal recall: 0.8925
epoch: 115, iter: 2500/3251, distal-aware loss: 0.2732, lumen dice: 0.9470, wall dice: 0.8628, distal recall: 0.8924
epoch: 115, iter: 2510/3251, distal-aware loss: 0.2733, lumen dice: 0.9470, wall dice: 0.8627, distal recall: 0.8924
epoch: 115, iter: 2520/3251, distal-aware loss: 0.2734, lumen dice: 0.9470, wall dice: 0.8627, distal recall: 0.8924
epoch: 115, iter: 2530/3251, distal-aware loss: 0.2733, lumen dice: 0.9470, wall dice: 0.8628, distal recall: 0.8924
epoch: 115, iter: 2540/3251, distal-aware loss: 0.2733, lumen dice: 0.9470, wall dice: 0.8628, distal recall: 0.8924
epoch: 115, iter: 2550/3251, distal-aware loss: 0.2732, lumen dice: 0.9471, wall dice: 0.8628, distal recall: 0.8924
epoch: 115, iter: 2560/3251, distal-aware loss: 0.2732, lumen dice: 0.9471, wall dice: 0.8629, distal recall: 0.8924
epoch: 115, iter: 2570/3251, distal-aware loss: 0.2732, lumen dice: 0.9471, wall dice: 0.8629, distal recall: 0.8925
epoch: 115, iter: 2580/3251, distal-aware loss: 0.2730, lumen dice: 0.9471, wall dice: 0.8630, distal recall: 0.8925
epoch: 115, iter: 2590/3251, distal-aware loss: 0.2729, lumen dice: 0.9472, wall dice: 0.8630, distal recall: 0.8925
epoch: 115, iter: 2600/3251, distal-aware loss: 0.2730, lumen dice: 0.9471, wall dice: 0.8629, distal recall: 0.8925
epoch: 115, iter: 2610/3251, distal-aware loss: 0.2731, lumen dice: 0.9471, wall dice: 0.8629, distal recall: 0.8925
epoch: 115, iter: 2620/3251, distal-aware loss: 0.2731, lumen dice: 0.9470, wall dice: 0.8629, distal recall: 0.8925
epoch: 115, iter: 2630/3251, distal-aware loss: 0.2732, lumen dice: 0.9470, wall dice: 0.8628, distal recall: 0.8925
epoch: 115, iter: 2640/3251, distal-aware loss: 0.2732, lumen dice: 0.9470, wall dice: 0.8628, distal recall: 0.8924
epoch: 115, iter: 2650/3251, distal-aware loss: 0.2731, lumen dice: 0.9470, wall dice: 0.8629, distal recall: 0.8925
epoch: 115, iter: 2660/3251, distal-aware loss: 0.2730, lumen dice: 0.9471, wall dice: 0.8629, distal recall: 0.8926
epoch: 115, iter: 2670/3251, distal-aware loss: 0.2729, lumen dice: 0.9471, wall dice: 0.8630, distal recall: 0.8926
epoch: 115, iter: 2680/3251, distal-aware loss: 0.2729, lumen dice: 0.9472, wall dice: 0.8630, distal recall: 0.8926
epoch: 115, iter: 2690/3251, distal-aware loss: 0.2729, lumen dice: 0.9472, wall dice: 0.8630, distal recall: 0.8926
epoch: 115, iter: 2700/3251, distal-aware loss: 0.2729, lumen dice: 0.9472, wall dice: 0.8631, distal recall: 0.8925
epoch: 115, iter: 2710/3251, distal-aware loss: 0.2728, lumen dice: 0.9472, wall dice: 0.8631, distal recall: 0.8925
epoch: 115, iter: 2720/3251, distal-aware loss: 0.2728, lumen dice: 0.9472, wall dice: 0.8631, distal recall: 0.8926
epoch: 115, iter: 2730/3251, distal-aware loss: 0.2728, lumen dice: 0.9472, wall dice: 0.8632, distal recall: 0.8926
epoch: 115, iter: 2740/3251, distal-aware loss: 0.2727, lumen dice: 0.9472, wall dice: 0.8631, distal recall: 0.8927
epoch: 115, iter: 2750/3251, distal-aware loss: 0.2728, lumen dice: 0.9471, wall dice: 0.8631, distal recall: 0.8926
epoch: 115, iter: 2760/3251, distal-aware loss: 0.2729, lumen dice: 0.9471, wall dice: 0.8631, distal recall: 0.8926
epoch: 115, iter: 2770/3251, distal-aware loss: 0.2729, lumen dice: 0.9471, wall dice: 0.8630, distal recall: 0.8926
epoch: 115, iter: 2780/3251, distal-aware loss: 0.2728, lumen dice: 0.9472, wall dice: 0.8631, distal recall: 0.8926
epoch: 115, iter: 2790/3251, distal-aware loss: 0.2728, lumen dice: 0.9472, wall dice: 0.8631, distal recall: 0.8926
epoch: 115, iter: 2800/3251, distal-aware loss: 0.2728, lumen dice: 0.9472, wall dice: 0.8631, distal recall: 0.8926
epoch: 115, iter: 2810/3251, distal-aware loss: 0.2727, lumen dice: 0.9472, wall dice: 0.8630, distal recall: 0.8925
epoch: 115, iter: 2820/3251, distal-aware loss: 0.2728, lumen dice: 0.9473, wall dice: 0.8631, distal recall: 0.8925
epoch: 115, iter: 2830/3251, distal-aware loss: 0.2728, lumen dice: 0.9472, wall dice: 0.8631, distal recall: 0.8926
epoch: 115, iter: 2840/3251, distal-aware loss: 0.2727, lumen dice: 0.9472, wall dice: 0.8631, distal recall: 0.8926
epoch: 115, iter: 2850/3251, distal-aware loss: 0.2727, lumen dice: 0.9473, wall dice: 0.8632, distal recall: 0.8926
epoch: 115, iter: 2860/3251, distal-aware loss: 0.2729, lumen dice: 0.9472, wall dice: 0.8630, distal recall: 0.8925
epoch: 115, iter: 2870/3251, distal-aware loss: 0.2729, lumen dice: 0.9472, wall dice: 0.8630, distal recall: 0.8926
epoch: 115, iter: 2880/3251, distal-aware loss: 0.2729, lumen dice: 0.9472, wall dice: 0.8630, distal recall: 0.8926
epoch: 115, iter: 2890/3251, distal-aware loss: 0.2729, lumen dice: 0.9472, wall dice: 0.8630, distal recall: 0.8925
epoch: 115, iter: 2900/3251, distal-aware loss: 0.2728, lumen dice: 0.9473, wall dice: 0.8631, distal recall: 0.8925
epoch: 115, iter: 2910/3251, distal-aware loss: 0.2727, lumen dice: 0.9473, wall dice: 0.8631, distal recall: 0.8925
epoch: 115, iter: 2920/3251, distal-aware loss: 0.2728, lumen dice: 0.9473, wall dice: 0.8631, distal recall: 0.8925
epoch: 115, iter: 2930/3251, distal-aware loss: 0.2726, lumen dice: 0.9473, wall dice: 0.8632, distal recall: 0.8925
epoch: 115, iter: 2940/3251, distal-aware loss: 0.2726, lumen dice: 0.9474, wall dice: 0.8632, distal recall: 0.8926
epoch: 115, iter: 2950/3251, distal-aware loss: 0.2726, lumen dice: 0.9474, wall dice: 0.8632, distal recall: 0.8926
epoch: 115, iter: 2960/3251, distal-aware loss: 0.2726, lumen dice: 0.9474, wall dice: 0.8632, distal recall: 0.8926
epoch: 115, iter: 2970/3251, distal-aware loss: 0.2727, lumen dice: 0.9474, wall dice: 0.8632, distal recall: 0.8926
epoch: 115, iter: 2980/3251, distal-aware loss: 0.2726, lumen dice: 0.9474, wall dice: 0.8632, distal recall: 0.8926
epoch: 115, iter: 2990/3251, distal-aware loss: 0.2725, lumen dice: 0.9474, wall dice: 0.8632, distal recall: 0.8927
epoch: 115, iter: 3000/3251, distal-aware loss: 0.2724, lumen dice: 0.9475, wall dice: 0.8633, distal recall: 0.8928
epoch: 115, iter: 3010/3251, distal-aware loss: 0.2725, lumen dice: 0.9474, wall dice: 0.8632, distal recall: 0.8927
epoch: 115, iter: 3020/3251, distal-aware loss: 0.2725, lumen dice: 0.9474, wall dice: 0.8632, distal recall: 0.8928
epoch: 115, iter: 3030/3251, distal-aware loss: 0.2724, lumen dice: 0.9475, wall dice: 0.8632, distal recall: 0.8928
epoch: 115, iter: 3040/3251, distal-aware loss: 0.2724, lumen dice: 0.9475, wall dice: 0.8632, distal recall: 0.8928
epoch: 115, iter: 3050/3251, distal-aware loss: 0.2724, lumen dice: 0.9475, wall dice: 0.8632, distal recall: 0.8928
epoch: 115, iter: 3060/3251, distal-aware loss: 0.2723, lumen dice: 0.9475, wall dice: 0.8633, distal recall: 0.8928
epoch: 115, iter: 3070/3251, distal-aware loss: 0.2723, lumen dice: 0.9475, wall dice: 0.8633, distal recall: 0.8928
epoch: 115, iter: 3080/3251, distal-aware loss: 0.2723, lumen dice: 0.9476, wall dice: 0.8633, distal recall: 0.8928
epoch: 115, iter: 3090/3251, distal-aware loss: 0.2722, lumen dice: 0.9476, wall dice: 0.8634, distal recall: 0.8929
epoch: 115, iter: 3100/3251, distal-aware loss: 0.2722, lumen dice: 0.9476, wall dice: 0.8634, distal recall: 0.8929
epoch: 115, iter: 3110/3251, distal-aware loss: 0.2721, lumen dice: 0.9476, wall dice: 0.8634, distal recall: 0.8929
epoch: 115, iter: 3120/3251, distal-aware loss: 0.2721, lumen dice: 0.9476, wall dice: 0.8634, distal recall: 0.8929
epoch: 115, iter: 3130/3251, distal-aware loss: 0.2721, lumen dice: 0.9475, wall dice: 0.8634, distal recall: 0.8929
epoch: 115, iter: 3140/3251, distal-aware loss: 0.2721, lumen dice: 0.9476, wall dice: 0.8634, distal recall: 0.8929
epoch: 115, iter: 3150/3251, distal-aware loss: 0.2720, lumen dice: 0.9476, wall dice: 0.8635, distal recall: 0.8928
epoch: 115, iter: 3160/3251, distal-aware loss: 0.2720, lumen dice: 0.9476, wall dice: 0.8635, distal recall: 0.8929
epoch: 115, iter: 3170/3251, distal-aware loss: 0.2721, lumen dice: 0.9476, wall dice: 0.8634, distal recall: 0.8928
epoch: 115, iter: 3180/3251, distal-aware loss: 0.2721, lumen dice: 0.9476, wall dice: 0.8634, distal recall: 0.8928
epoch: 115, iter: 3190/3251, distal-aware loss: 0.2720, lumen dice: 0.9477, wall dice: 0.8634, distal recall: 0.8928
epoch: 115, iter: 3200/3251, distal-aware loss: 0.2720, lumen dice: 0.9476, wall dice: 0.8635, distal recall: 0.8929
epoch: 115, iter: 3210/3251, distal-aware loss: 0.2721, lumen dice: 0.9476, wall dice: 0.8635, distal recall: 0.8928
epoch: 115, iter: 3220/3251, distal-aware loss: 0.2720, lumen dice: 0.9476, wall dice: 0.8634, distal recall: 0.8929
epoch: 115, iter: 3230/3251, distal-aware loss: 0.2720, lumen dice: 0.9477, wall dice: 0.8635, distal recall: 0.8929
epoch: 115, iter: 3240/3251, distal-aware loss: 0.2720, lumen dice: 0.9477, wall dice: 0.8635, distal recall: 0.8929
epoch: 115, iter: 3250/3251, distal-aware loss: 0.2720, lumen dice: 0.9477, wall dice: 0.8635, distal recall: 0.8929
epoch: 115, val distal-aware loss: 0.2795, val lumen dice: 0.9543, val wall dice: 0.8869, val distal recall: 0.9071
starting epoch: 116
epoch: 116, iter: 0/3251, distal-aware loss: 0.2347, lumen dice: 0.9470, wall dice: 0.8840, distal recall: 0.9288
epoch: 116, iter: 10/3251, distal-aware loss: 0.2950, lumen dice: 0.9350, wall dice: 0.8479, distal recall: 0.8621
epoch: 116, iter: 20/3251, distal-aware loss: 0.2712, lumen dice: 0.9436, wall dice: 0.8616, distal recall: 0.8931
epoch: 116, iter: 30/3251, distal-aware loss: 0.2698, lumen dice: 0.9464, wall dice: 0.8620, distal recall: 0.8926
epoch: 116, iter: 40/3251, distal-aware loss: 0.2661, lumen dice: 0.9483, wall dice: 0.8651, distal recall: 0.8970
epoch: 116, iter: 50/3251, distal-aware loss: 0.2664, lumen dice: 0.9501, wall dice: 0.8649, distal recall: 0.8964
epoch: 116, iter: 60/3251, distal-aware loss: 0.2653, lumen dice: 0.9490, wall dice: 0.8667, distal recall: 0.8939
epoch: 116, iter: 70/3251, distal-aware loss: 0.2626, lumen dice: 0.9485, wall dice: 0.8688, distal recall: 0.8950
epoch: 116, iter: 80/3251, distal-aware loss: 0.2612, lumen dice: 0.9502, wall dice: 0.8706, distal recall: 0.8954
epoch: 116, iter: 90/3251, distal-aware loss: 0.2668, lumen dice: 0.9483, wall dice: 0.8675, distal recall: 0.8935
epoch: 116, iter: 100/3251, distal-aware loss: 0.2662, lumen dice: 0.9489, wall dice: 0.8671, distal recall: 0.8952
epoch: 116, iter: 110/3251, distal-aware loss: 0.2674, lumen dice: 0.9487, wall dice: 0.8646, distal recall: 0.8938
epoch: 116, iter: 120/3251, distal-aware loss: 0.2664, lumen dice: 0.9495, wall dice: 0.8655, distal recall: 0.8938
epoch: 116, iter: 130/3251, distal-aware loss: 0.2657, lumen dice: 0.9500, wall dice: 0.8658, distal recall: 0.8943
epoch: 116, iter: 140/3251, distal-aware loss: 0.2662, lumen dice: 0.9497, wall dice: 0.8655, distal recall: 0.8939
epoch: 116, iter: 150/3251, distal-aware loss: 0.2668, lumen dice: 0.9479, wall dice: 0.8656, distal recall: 0.8939
epoch: 116, iter: 160/3251, distal-aware loss: 0.2662, lumen dice: 0.9487, wall dice: 0.8664, distal recall: 0.8939
epoch: 116, iter: 170/3251, distal-aware loss: 0.2652, lumen dice: 0.9493, wall dice: 0.8669, distal recall: 0.8947
epoch: 116, iter: 180/3251, distal-aware loss: 0.2653, lumen dice: 0.9494, wall dice: 0.8667, distal recall: 0.8945
epoch: 116, iter: 190/3251, distal-aware loss: 0.2647, lumen dice: 0.9500, wall dice: 0.8664, distal recall: 0.8937
epoch: 116, iter: 200/3251, distal-aware loss: 0.2649, lumen dice: 0.9494, wall dice: 0.8661, distal recall: 0.8936
epoch: 116, iter: 210/3251, distal-aware loss: 0.2646, lumen dice: 0.9496, wall dice: 0.8665, distal recall: 0.8938
epoch: 116, iter: 220/3251, distal-aware loss: 0.2658, lumen dice: 0.9495, wall dice: 0.8661, distal recall: 0.8935
epoch: 116, iter: 230/3251, distal-aware loss: 0.2651, lumen dice: 0.9501, wall dice: 0.8664, distal recall: 0.8939
epoch: 116, iter: 240/3251, distal-aware loss: 0.2647, lumen dice: 0.9504, wall dice: 0.8671, distal recall: 0.8945
epoch: 116, iter: 250/3251, distal-aware loss: 0.2642, lumen dice: 0.9508, wall dice: 0.8674, distal recall: 0.8940
epoch: 116, iter: 260/3251, distal-aware loss: 0.2640, lumen dice: 0.9506, wall dice: 0.8674, distal recall: 0.8947
epoch: 116, iter: 270/3251, distal-aware loss: 0.2638, lumen dice: 0.9509, wall dice: 0.8673, distal recall: 0.8943
epoch: 116, iter: 280/3251, distal-aware loss: 0.2645, lumen dice: 0.9507, wall dice: 0.8671, distal recall: 0.8947
epoch: 116, iter: 290/3251, distal-aware loss: 0.2659, lumen dice: 0.9494, wall dice: 0.8659, distal recall: 0.8949
epoch: 116, iter: 300/3251, distal-aware loss: 0.2664, lumen dice: 0.9487, wall dice: 0.8658, distal recall: 0.8948
epoch: 116, iter: 310/3251, distal-aware loss: 0.2667, lumen dice: 0.9481, wall dice: 0.8658, distal recall: 0.8943
epoch: 116, iter: 320/3251, distal-aware loss: 0.2666, lumen dice: 0.9483, wall dice: 0.8662, distal recall: 0.8944
epoch: 116, iter: 330/3251, distal-aware loss: 0.2660, lumen dice: 0.9487, wall dice: 0.8662, distal recall: 0.8942
epoch: 116, iter: 340/3251, distal-aware loss: 0.2657, lumen dice: 0.9488, wall dice: 0.8662, distal recall: 0.8943
epoch: 116, iter: 350/3251, distal-aware loss: 0.2667, lumen dice: 0.9488, wall dice: 0.8657, distal recall: 0.8940
epoch: 116, iter: 360/3251, distal-aware loss: 0.2667, lumen dice: 0.9489, wall dice: 0.8658, distal recall: 0.8937
epoch: 116, iter: 370/3251, distal-aware loss: 0.2664, lumen dice: 0.9492, wall dice: 0.8658, distal recall: 0.8939
epoch: 116, iter: 380/3251, distal-aware loss: 0.2670, lumen dice: 0.9492, wall dice: 0.8658, distal recall: 0.8938
epoch: 116, iter: 390/3251, distal-aware loss: 0.2670, lumen dice: 0.9493, wall dice: 0.8660, distal recall: 0.8937
epoch: 116, iter: 400/3251, distal-aware loss: 0.2668, lumen dice: 0.9492, wall dice: 0.8661, distal recall: 0.8938
epoch: 116, iter: 410/3251, distal-aware loss: 0.2669, lumen dice: 0.9494, wall dice: 0.8663, distal recall: 0.8940
epoch: 116, iter: 420/3251, distal-aware loss: 0.2669, lumen dice: 0.9494, wall dice: 0.8660, distal recall: 0.8940
epoch: 116, iter: 430/3251, distal-aware loss: 0.2665, lumen dice: 0.9494, wall dice: 0.8664, distal recall: 0.8939
epoch: 116, iter: 440/3251, distal-aware loss: 0.2680, lumen dice: 0.9489, wall dice: 0.8655, distal recall: 0.8938
epoch: 116, iter: 450/3251, distal-aware loss: 0.2682, lumen dice: 0.9487, wall dice: 0.8656, distal recall: 0.8932
epoch: 116, iter: 460/3251, distal-aware loss: 0.2677, lumen dice: 0.9488, wall dice: 0.8659, distal recall: 0.8937
epoch: 116, iter: 470/3251, distal-aware loss: 0.2678, lumen dice: 0.9487, wall dice: 0.8658, distal recall: 0.8933
epoch: 116, iter: 480/3251, distal-aware loss: 0.2683, lumen dice: 0.9481, wall dice: 0.8658, distal recall: 0.8929
epoch: 116, iter: 490/3251, distal-aware loss: 0.2680, lumen dice: 0.9483, wall dice: 0.8659, distal recall: 0.8930
epoch: 116, iter: 500/3251, distal-aware loss: 0.2684, lumen dice: 0.9482, wall dice: 0.8655, distal recall: 0.8931
epoch: 116, iter: 510/3251, distal-aware loss: 0.2686, lumen dice: 0.9478, wall dice: 0.8656, distal recall: 0.8932
epoch: 116, iter: 520/3251, distal-aware loss: 0.2686, lumen dice: 0.9478, wall dice: 0.8658, distal recall: 0.8931
epoch: 116, iter: 530/3251, distal-aware loss: 0.2684, lumen dice: 0.9479, wall dice: 0.8660, distal recall: 0.8934
epoch: 116, iter: 540/3251, distal-aware loss: 0.2685, lumen dice: 0.9480, wall dice: 0.8660, distal recall: 0.8936
epoch: 116, iter: 550/3251, distal-aware loss: 0.2686, lumen dice: 0.9480, wall dice: 0.8660, distal recall: 0.8935
epoch: 116, iter: 560/3251, distal-aware loss: 0.2682, lumen dice: 0.9481, wall dice: 0.8663, distal recall: 0.8934
epoch: 116, iter: 570/3251, distal-aware loss: 0.2682, lumen dice: 0.9482, wall dice: 0.8664, distal recall: 0.8937
epoch: 116, iter: 580/3251, distal-aware loss: 0.2681, lumen dice: 0.9484, wall dice: 0.8666, distal recall: 0.8938
epoch: 116, iter: 590/3251, distal-aware loss: 0.2682, lumen dice: 0.9484, wall dice: 0.8666, distal recall: 0.8938
epoch: 116, iter: 600/3251, distal-aware loss: 0.2688, lumen dice: 0.9483, wall dice: 0.8659, distal recall: 0.8937
epoch: 116, iter: 610/3251, distal-aware loss: 0.2690, lumen dice: 0.9483, wall dice: 0.8659, distal recall: 0.8935
epoch: 116, iter: 620/3251, distal-aware loss: 0.2691, lumen dice: 0.9482, wall dice: 0.8659, distal recall: 0.8937
epoch: 116, iter: 630/3251, distal-aware loss: 0.2692, lumen dice: 0.9483, wall dice: 0.8659, distal recall: 0.8934
epoch: 116, iter: 640/3251, distal-aware loss: 0.2690, lumen dice: 0.9484, wall dice: 0.8658, distal recall: 0.8936
epoch: 116, iter: 650/3251, distal-aware loss: 0.2686, lumen dice: 0.9485, wall dice: 0.8661, distal recall: 0.8938
epoch: 116, iter: 660/3251, distal-aware loss: 0.2681, lumen dice: 0.9487, wall dice: 0.8663, distal recall: 0.8939
epoch: 116, iter: 670/3251, distal-aware loss: 0.2683, lumen dice: 0.9487, wall dice: 0.8664, distal recall: 0.8941
epoch: 116, iter: 680/3251, distal-aware loss: 0.2682, lumen dice: 0.9487, wall dice: 0.8665, distal recall: 0.8943
epoch: 116, iter: 690/3251, distal-aware loss: 0.2681, lumen dice: 0.9487, wall dice: 0.8664, distal recall: 0.8945
epoch: 116, iter: 700/3251, distal-aware loss: 0.2682, lumen dice: 0.9487, wall dice: 0.8663, distal recall: 0.8943
epoch: 116, iter: 710/3251, distal-aware loss: 0.2680, lumen dice: 0.9487, wall dice: 0.8665, distal recall: 0.8946
epoch: 116, iter: 720/3251, distal-aware loss: 0.2682, lumen dice: 0.9487, wall dice: 0.8665, distal recall: 0.8946
epoch: 116, iter: 730/3251, distal-aware loss: 0.2685, lumen dice: 0.9487, wall dice: 0.8665, distal recall: 0.8945
epoch: 116, iter: 740/3251, distal-aware loss: 0.2688, lumen dice: 0.9488, wall dice: 0.8663, distal recall: 0.8942
epoch: 116, iter: 750/3251, distal-aware loss: 0.2688, lumen dice: 0.9486, wall dice: 0.8662, distal recall: 0.8945
epoch: 116, iter: 760/3251, distal-aware loss: 0.2687, lumen dice: 0.9488, wall dice: 0.8664, distal recall: 0.8944
epoch: 116, iter: 770/3251, distal-aware loss: 0.2689, lumen dice: 0.9488, wall dice: 0.8664, distal recall: 0.8945
epoch: 116, iter: 780/3251, distal-aware loss: 0.2689, lumen dice: 0.9487, wall dice: 0.8663, distal recall: 0.8947
epoch: 116, iter: 790/3251, distal-aware loss: 0.2684, lumen dice: 0.9489, wall dice: 0.8666, distal recall: 0.8949
epoch: 116, iter: 800/3251, distal-aware loss: 0.2686, lumen dice: 0.9489, wall dice: 0.8665, distal recall: 0.8949
epoch: 116, iter: 810/3251, distal-aware loss: 0.2682, lumen dice: 0.9490, wall dice: 0.8666, distal recall: 0.8949
epoch: 116, iter: 820/3251, distal-aware loss: 0.2685, lumen dice: 0.9489, wall dice: 0.8666, distal recall: 0.8948
epoch: 116, iter: 830/3251, distal-aware loss: 0.2681, lumen dice: 0.9491, wall dice: 0.8669, distal recall: 0.8949
epoch: 116, iter: 840/3251, distal-aware loss: 0.2681, lumen dice: 0.9493, wall dice: 0.8670, distal recall: 0.8948
epoch: 116, iter: 850/3251, distal-aware loss: 0.2683, lumen dice: 0.9492, wall dice: 0.8668, distal recall: 0.8949
epoch: 116, iter: 860/3251, distal-aware loss: 0.2684, lumen dice: 0.9492, wall dice: 0.8668, distal recall: 0.8947
epoch: 116, iter: 870/3251, distal-aware loss: 0.2683, lumen dice: 0.9493, wall dice: 0.8669, distal recall: 0.8949
epoch: 116, iter: 880/3251, distal-aware loss: 0.2685, lumen dice: 0.9488, wall dice: 0.8668, distal recall: 0.8950
epoch: 116, iter: 890/3251, distal-aware loss: 0.2685, lumen dice: 0.9488, wall dice: 0.8668, distal recall: 0.8951
epoch: 116, iter: 900/3251, distal-aware loss: 0.2684, lumen dice: 0.9490, wall dice: 0.8669, distal recall: 0.8950
epoch: 116, iter: 910/3251, distal-aware loss: 0.2682, lumen dice: 0.9491, wall dice: 0.8671, distal recall: 0.8950
epoch: 116, iter: 920/3251, distal-aware loss: 0.2682, lumen dice: 0.9492, wall dice: 0.8669, distal recall: 0.8949
epoch: 116, iter: 930/3251, distal-aware loss: 0.2682, lumen dice: 0.9493, wall dice: 0.8670, distal recall: 0.8950
epoch: 116, iter: 940/3251, distal-aware loss: 0.2680, lumen dice: 0.9491, wall dice: 0.8672, distal recall: 0.8951
epoch: 116, iter: 950/3251, distal-aware loss: 0.2679, lumen dice: 0.9492, wall dice: 0.8672, distal recall: 0.8951
epoch: 116, iter: 960/3251, distal-aware loss: 0.2679, lumen dice: 0.9492, wall dice: 0.8672, distal recall: 0.8952
epoch: 116, iter: 970/3251, distal-aware loss: 0.2678, lumen dice: 0.9491, wall dice: 0.8673, distal recall: 0.8954
epoch: 116, iter: 980/3251, distal-aware loss: 0.2681, lumen dice: 0.9489, wall dice: 0.8668, distal recall: 0.8953
epoch: 116, iter: 990/3251, distal-aware loss: 0.2682, lumen dice: 0.9490, wall dice: 0.8666, distal recall: 0.8952
epoch: 116, iter: 1000/3251, distal-aware loss: 0.2684, lumen dice: 0.9489, wall dice: 0.8662, distal recall: 0.8952
epoch: 116, iter: 1010/3251, distal-aware loss: 0.2684, lumen dice: 0.9489, wall dice: 0.8661, distal recall: 0.8951
epoch: 116, iter: 1020/3251, distal-aware loss: 0.2685, lumen dice: 0.9490, wall dice: 0.8662, distal recall: 0.8952
epoch: 116, iter: 1030/3251, distal-aware loss: 0.2683, lumen dice: 0.9491, wall dice: 0.8664, distal recall: 0.8953
epoch: 116, iter: 1040/3251, distal-aware loss: 0.2684, lumen dice: 0.9490, wall dice: 0.8660, distal recall: 0.8954
epoch: 116, iter: 1050/3251, distal-aware loss: 0.2686, lumen dice: 0.9489, wall dice: 0.8659, distal recall: 0.8954
epoch: 116, iter: 1060/3251, distal-aware loss: 0.2686, lumen dice: 0.9489, wall dice: 0.8660, distal recall: 0.8955
epoch: 116, iter: 1070/3251, distal-aware loss: 0.2684, lumen dice: 0.9489, wall dice: 0.8661, distal recall: 0.8957
epoch: 116, iter: 1080/3251, distal-aware loss: 0.2685, lumen dice: 0.9489, wall dice: 0.8660, distal recall: 0.8956
epoch: 116, iter: 1090/3251, distal-aware loss: 0.2687, lumen dice: 0.9488, wall dice: 0.8659, distal recall: 0.8955
epoch: 116, iter: 1100/3251, distal-aware loss: 0.2690, lumen dice: 0.9486, wall dice: 0.8658, distal recall: 0.8952
epoch: 116, iter: 1110/3251, distal-aware loss: 0.2691, lumen dice: 0.9482, wall dice: 0.8657, distal recall: 0.8952
epoch: 116, iter: 1120/3251, distal-aware loss: 0.2693, lumen dice: 0.9481, wall dice: 0.8656, distal recall: 0.8951
epoch: 116, iter: 1130/3251, distal-aware loss: 0.2697, lumen dice: 0.9478, wall dice: 0.8652, distal recall: 0.8949
epoch: 116, iter: 1140/3251, distal-aware loss: 0.2697, lumen dice: 0.9478, wall dice: 0.8652, distal recall: 0.8949
epoch: 116, iter: 1150/3251, distal-aware loss: 0.2699, lumen dice: 0.9478, wall dice: 0.8651, distal recall: 0.8945
epoch: 116, iter: 1160/3251, distal-aware loss: 0.2699, lumen dice: 0.9478, wall dice: 0.8651, distal recall: 0.8945
epoch: 116, iter: 1170/3251, distal-aware loss: 0.2703, lumen dice: 0.9476, wall dice: 0.8646, distal recall: 0.8943
epoch: 116, iter: 1180/3251, distal-aware loss: 0.2704, lumen dice: 0.9475, wall dice: 0.8645, distal recall: 0.8942
epoch: 116, iter: 1190/3251, distal-aware loss: 0.2704, lumen dice: 0.9476, wall dice: 0.8646, distal recall: 0.8942
epoch: 116, iter: 1200/3251, distal-aware loss: 0.2706, lumen dice: 0.9470, wall dice: 0.8642, distal recall: 0.8942
epoch: 116, iter: 1210/3251, distal-aware loss: 0.2706, lumen dice: 0.9470, wall dice: 0.8642, distal recall: 0.8942
epoch: 116, iter: 1220/3251, distal-aware loss: 0.2706, lumen dice: 0.9470, wall dice: 0.8642, distal recall: 0.8943
epoch: 116, iter: 1230/3251, distal-aware loss: 0.2705, lumen dice: 0.9472, wall dice: 0.8642, distal recall: 0.8942
epoch: 116, iter: 1240/3251, distal-aware loss: 0.2705, lumen dice: 0.9472, wall dice: 0.8642, distal recall: 0.8943
epoch: 116, iter: 1250/3251, distal-aware loss: 0.2707, lumen dice: 0.9470, wall dice: 0.8641, distal recall: 0.8942
epoch: 116, iter: 1260/3251, distal-aware loss: 0.2704, lumen dice: 0.9472, wall dice: 0.8642, distal recall: 0.8942
epoch: 116, iter: 1270/3251, distal-aware loss: 0.2705, lumen dice: 0.9472, wall dice: 0.8642, distal recall: 0.8942
epoch: 116, iter: 1280/3251, distal-aware loss: 0.2702, lumen dice: 0.9473, wall dice: 0.8644, distal recall: 0.8942
epoch: 116, iter: 1290/3251, distal-aware loss: 0.2700, lumen dice: 0.9474, wall dice: 0.8645, distal recall: 0.8943
epoch: 116, iter: 1300/3251, distal-aware loss: 0.2702, lumen dice: 0.9474, wall dice: 0.8644, distal recall: 0.8943
epoch: 116, iter: 1310/3251, distal-aware loss: 0.2702, lumen dice: 0.9474, wall dice: 0.8645, distal recall: 0.8942
epoch: 116, iter: 1320/3251, distal-aware loss: 0.2701, lumen dice: 0.9474, wall dice: 0.8646, distal recall: 0.8944
epoch: 116, iter: 1330/3251, distal-aware loss: 0.2702, lumen dice: 0.9475, wall dice: 0.8645, distal recall: 0.8943
epoch: 116, iter: 1340/3251, distal-aware loss: 0.2701, lumen dice: 0.9475, wall dice: 0.8645, distal recall: 0.8944
epoch: 116, iter: 1350/3251, distal-aware loss: 0.2700, lumen dice: 0.9476, wall dice: 0.8645, distal recall: 0.8945
epoch: 116, iter: 1360/3251, distal-aware loss: 0.2699, lumen dice: 0.9476, wall dice: 0.8645, distal recall: 0.8945
epoch: 116, iter: 1370/3251, distal-aware loss: 0.2700, lumen dice: 0.9476, wall dice: 0.8645, distal recall: 0.8944
epoch: 116, iter: 1380/3251, distal-aware loss: 0.2702, lumen dice: 0.9476, wall dice: 0.8643, distal recall: 0.8943
epoch: 116, iter: 1390/3251, distal-aware loss: 0.2700, lumen dice: 0.9476, wall dice: 0.8644, distal recall: 0.8944
epoch: 116, iter: 1400/3251, distal-aware loss: 0.2704, lumen dice: 0.9476, wall dice: 0.8640, distal recall: 0.8942
epoch: 116, iter: 1410/3251, distal-aware loss: 0.2703, lumen dice: 0.9476, wall dice: 0.8641, distal recall: 0.8942
epoch: 116, iter: 1420/3251, distal-aware loss: 0.2704, lumen dice: 0.9477, wall dice: 0.8639, distal recall: 0.8942
epoch: 116, iter: 1430/3251, distal-aware loss: 0.2703, lumen dice: 0.9477, wall dice: 0.8639, distal recall: 0.8942
epoch: 116, iter: 1440/3251, distal-aware loss: 0.2702, lumen dice: 0.9478, wall dice: 0.8640, distal recall: 0.8942
epoch: 116, iter: 1450/3251, distal-aware loss: 0.2702, lumen dice: 0.9478, wall dice: 0.8641, distal recall: 0.8942
epoch: 116, iter: 1460/3251, distal-aware loss: 0.2704, lumen dice: 0.9478, wall dice: 0.8641, distal recall: 0.8942
epoch: 116, iter: 1470/3251, distal-aware loss: 0.2702, lumen dice: 0.9479, wall dice: 0.8642, distal recall: 0.8942
epoch: 116, iter: 1480/3251, distal-aware loss: 0.2703, lumen dice: 0.9479, wall dice: 0.8641, distal recall: 0.8941
epoch: 116, iter: 1490/3251, distal-aware loss: 0.2706, lumen dice: 0.9478, wall dice: 0.8640, distal recall: 0.8940
epoch: 116, iter: 1500/3251, distal-aware loss: 0.2706, lumen dice: 0.9478, wall dice: 0.8640, distal recall: 0.8940
epoch: 116, iter: 1510/3251, distal-aware loss: 0.2706, lumen dice: 0.9478, wall dice: 0.8641, distal recall: 0.8938
epoch: 116, iter: 1520/3251, distal-aware loss: 0.2707, lumen dice: 0.9478, wall dice: 0.8641, distal recall: 0.8937
epoch: 116, iter: 1530/3251, distal-aware loss: 0.2707, lumen dice: 0.9478, wall dice: 0.8641, distal recall: 0.8938
epoch: 116, iter: 1540/3251, distal-aware loss: 0.2706, lumen dice: 0.9477, wall dice: 0.8641, distal recall: 0.8939
epoch: 116, iter: 1550/3251, distal-aware loss: 0.2706, lumen dice: 0.9476, wall dice: 0.8641, distal recall: 0.8940
epoch: 116, iter: 1560/3251, distal-aware loss: 0.2705, lumen dice: 0.9477, wall dice: 0.8642, distal recall: 0.8939
epoch: 116, iter: 1570/3251, distal-aware loss: 0.2714, lumen dice: 0.9472, wall dice: 0.8638, distal recall: 0.8938
epoch: 116, iter: 1580/3251, distal-aware loss: 0.2714, lumen dice: 0.9472, wall dice: 0.8638, distal recall: 0.8939
epoch: 116, iter: 1590/3251, distal-aware loss: 0.2714, lumen dice: 0.9472, wall dice: 0.8638, distal recall: 0.8939
epoch: 116, iter: 1600/3251, distal-aware loss: 0.2715, lumen dice: 0.9472, wall dice: 0.8638, distal recall: 0.8939
epoch: 116, iter: 1610/3251, distal-aware loss: 0.2715, lumen dice: 0.9472, wall dice: 0.8637, distal recall: 0.8940
epoch: 116, iter: 1620/3251, distal-aware loss: 0.2715, lumen dice: 0.9472, wall dice: 0.8637, distal recall: 0.8939
epoch: 116, iter: 1630/3251, distal-aware loss: 0.2716, lumen dice: 0.9473, wall dice: 0.8637, distal recall: 0.8939
epoch: 116, iter: 1640/3251, distal-aware loss: 0.2716, lumen dice: 0.9473, wall dice: 0.8638, distal recall: 0.8939
epoch: 116, iter: 1650/3251, distal-aware loss: 0.2716, lumen dice: 0.9473, wall dice: 0.8637, distal recall: 0.8938
epoch: 116, iter: 1660/3251, distal-aware loss: 0.2716, lumen dice: 0.9474, wall dice: 0.8638, distal recall: 0.8940
epoch: 116, iter: 1670/3251, distal-aware loss: 0.2716, lumen dice: 0.9472, wall dice: 0.8637, distal recall: 0.8940
epoch: 116, iter: 1680/3251, distal-aware loss: 0.2717, lumen dice: 0.9472, wall dice: 0.8636, distal recall: 0.8940
epoch: 116, iter: 1690/3251, distal-aware loss: 0.2716, lumen dice: 0.9472, wall dice: 0.8636, distal recall: 0.8939
epoch: 116, iter: 1700/3251, distal-aware loss: 0.2715, lumen dice: 0.9472, wall dice: 0.8636, distal recall: 0.8940
epoch: 116, iter: 1710/3251, distal-aware loss: 0.2716, lumen dice: 0.9472, wall dice: 0.8635, distal recall: 0.8940
epoch: 116, iter: 1720/3251, distal-aware loss: 0.2716, lumen dice: 0.9472, wall dice: 0.8635, distal recall: 0.8939
epoch: 116, iter: 1730/3251, distal-aware loss: 0.2715, lumen dice: 0.9472, wall dice: 0.8636, distal recall: 0.8940
epoch: 116, iter: 1740/3251, distal-aware loss: 0.2716, lumen dice: 0.9471, wall dice: 0.8636, distal recall: 0.8939
epoch: 116, iter: 1750/3251, distal-aware loss: 0.2715, lumen dice: 0.9472, wall dice: 0.8637, distal recall: 0.8940
epoch: 116, iter: 1760/3251, distal-aware loss: 0.2713, lumen dice: 0.9473, wall dice: 0.8638, distal recall: 0.8941
epoch: 116, iter: 1770/3251, distal-aware loss: 0.2714, lumen dice: 0.9473, wall dice: 0.8639, distal recall: 0.8940
epoch: 116, iter: 1780/3251, distal-aware loss: 0.2714, lumen dice: 0.9473, wall dice: 0.8639, distal recall: 0.8940
epoch: 116, iter: 1790/3251, distal-aware loss: 0.2715, lumen dice: 0.9473, wall dice: 0.8638, distal recall: 0.8939
epoch: 116, iter: 1800/3251, distal-aware loss: 0.2714, lumen dice: 0.9473, wall dice: 0.8639, distal recall: 0.8939
epoch: 116, iter: 1810/3251, distal-aware loss: 0.2713, lumen dice: 0.9473, wall dice: 0.8640, distal recall: 0.8938
epoch: 116, iter: 1820/3251, distal-aware loss: 0.2713, lumen dice: 0.9474, wall dice: 0.8640, distal recall: 0.8939
epoch: 116, iter: 1830/3251, distal-aware loss: 0.2713, lumen dice: 0.9474, wall dice: 0.8640, distal recall: 0.8939
epoch: 116, iter: 1840/3251, distal-aware loss: 0.2713, lumen dice: 0.9474, wall dice: 0.8640, distal recall: 0.8939
epoch: 116, iter: 1850/3251, distal-aware loss: 0.2712, lumen dice: 0.9474, wall dice: 0.8640, distal recall: 0.8939
epoch: 116, iter: 1860/3251, distal-aware loss: 0.2712, lumen dice: 0.9475, wall dice: 0.8640, distal recall: 0.8939
epoch: 116, iter: 1870/3251, distal-aware loss: 0.2712, lumen dice: 0.9475, wall dice: 0.8640, distal recall: 0.8940
epoch: 116, iter: 1880/3251, distal-aware loss: 0.2711, lumen dice: 0.9475, wall dice: 0.8641, distal recall: 0.8940
epoch: 116, iter: 1890/3251, distal-aware loss: 0.2710, lumen dice: 0.9475, wall dice: 0.8642, distal recall: 0.8940
epoch: 116, iter: 1900/3251, distal-aware loss: 0.2708, lumen dice: 0.9475, wall dice: 0.8643, distal recall: 0.8940
epoch: 116, iter: 1910/3251, distal-aware loss: 0.2708, lumen dice: 0.9476, wall dice: 0.8642, distal recall: 0.8940
epoch: 116, iter: 1920/3251, distal-aware loss: 0.2708, lumen dice: 0.9476, wall dice: 0.8643, distal recall: 0.8941
epoch: 116, iter: 1930/3251, distal-aware loss: 0.2709, lumen dice: 0.9475, wall dice: 0.8641, distal recall: 0.8940
epoch: 116, iter: 1940/3251, distal-aware loss: 0.2710, lumen dice: 0.9475, wall dice: 0.8642, distal recall: 0.8941
epoch: 116, iter: 1950/3251, distal-aware loss: 0.2710, lumen dice: 0.9476, wall dice: 0.8642, distal recall: 0.8941
epoch: 116, iter: 1960/3251, distal-aware loss: 0.2709, lumen dice: 0.9476, wall dice: 0.8643, distal recall: 0.8941
epoch: 116, iter: 1970/3251, distal-aware loss: 0.2708, lumen dice: 0.9477, wall dice: 0.8644, distal recall: 0.8941
epoch: 116, iter: 1980/3251, distal-aware loss: 0.2710, lumen dice: 0.9476, wall dice: 0.8644, distal recall: 0.8940
epoch: 116, iter: 1990/3251, distal-aware loss: 0.2709, lumen dice: 0.9476, wall dice: 0.8643, distal recall: 0.8940
epoch: 116, iter: 2000/3251, distal-aware loss: 0.2711, lumen dice: 0.9476, wall dice: 0.8642, distal recall: 0.8940
epoch: 116, iter: 2010/3251, distal-aware loss: 0.2709, lumen dice: 0.9477, wall dice: 0.8643, distal recall: 0.8941
epoch: 116, iter: 2020/3251, distal-aware loss: 0.2709, lumen dice: 0.9477, wall dice: 0.8644, distal recall: 0.8939
epoch: 116, iter: 2030/3251, distal-aware loss: 0.2710, lumen dice: 0.9477, wall dice: 0.8643, distal recall: 0.8940
epoch: 116, iter: 2040/3251, distal-aware loss: 0.2710, lumen dice: 0.9477, wall dice: 0.8642, distal recall: 0.8940
epoch: 116, iter: 2050/3251, distal-aware loss: 0.2710, lumen dice: 0.9476, wall dice: 0.8643, distal recall: 0.8940
epoch: 116, iter: 2060/3251, distal-aware loss: 0.2709, lumen dice: 0.9477, wall dice: 0.8643, distal recall: 0.8941
epoch: 116, iter: 2070/3251, distal-aware loss: 0.2709, lumen dice: 0.9477, wall dice: 0.8643, distal recall: 0.8941
epoch: 116, iter: 2080/3251, distal-aware loss: 0.2710, lumen dice: 0.9478, wall dice: 0.8642, distal recall: 0.8940
epoch: 116, iter: 2090/3251, distal-aware loss: 0.2709, lumen dice: 0.9476, wall dice: 0.8643, distal recall: 0.8941
epoch: 116, iter: 2100/3251, distal-aware loss: 0.2710, lumen dice: 0.9476, wall dice: 0.8642, distal recall: 0.8940
epoch: 116, iter: 2110/3251, distal-aware loss: 0.2709, lumen dice: 0.9476, wall dice: 0.8643, distal recall: 0.8941
epoch: 116, iter: 2120/3251, distal-aware loss: 0.2708, lumen dice: 0.9476, wall dice: 0.8642, distal recall: 0.8942
epoch: 116, iter: 2130/3251, distal-aware loss: 0.2708, lumen dice: 0.9476, wall dice: 0.8642, distal recall: 0.8940
epoch: 116, iter: 2140/3251, distal-aware loss: 0.2707, lumen dice: 0.9477, wall dice: 0.8643, distal recall: 0.8941
epoch: 116, iter: 2150/3251, distal-aware loss: 0.2707, lumen dice: 0.9478, wall dice: 0.8643, distal recall: 0.8941
epoch: 116, iter: 2160/3251, distal-aware loss: 0.2705, lumen dice: 0.9478, wall dice: 0.8644, distal recall: 0.8942
epoch: 116, iter: 2170/3251, distal-aware loss: 0.2706, lumen dice: 0.9478, wall dice: 0.8644, distal recall: 0.8942
epoch: 116, iter: 2180/3251, distal-aware loss: 0.2705, lumen dice: 0.9479, wall dice: 0.8644, distal recall: 0.8942
epoch: 116, iter: 2190/3251, distal-aware loss: 0.2705, lumen dice: 0.9479, wall dice: 0.8645, distal recall: 0.8941
epoch: 116, iter: 2200/3251, distal-aware loss: 0.2704, lumen dice: 0.9479, wall dice: 0.8645, distal recall: 0.8942
epoch: 116, iter: 2210/3251, distal-aware loss: 0.2704, lumen dice: 0.9479, wall dice: 0.8644, distal recall: 0.8941
epoch: 116, iter: 2220/3251, distal-aware loss: 0.2704, lumen dice: 0.9479, wall dice: 0.8644, distal recall: 0.8941
epoch: 116, iter: 2230/3251, distal-aware loss: 0.2702, lumen dice: 0.9479, wall dice: 0.8644, distal recall: 0.8942
epoch: 116, iter: 2240/3251, distal-aware loss: 0.2703, lumen dice: 0.9480, wall dice: 0.8644, distal recall: 0.8942
epoch: 116, iter: 2250/3251, distal-aware loss: 0.2703, lumen dice: 0.9480, wall dice: 0.8644, distal recall: 0.8941
epoch: 116, iter: 2260/3251, distal-aware loss: 0.2703, lumen dice: 0.9480, wall dice: 0.8645, distal recall: 0.8941
epoch: 116, iter: 2270/3251, distal-aware loss: 0.2703, lumen dice: 0.9480, wall dice: 0.8645, distal recall: 0.8941
epoch: 116, iter: 2280/3251, distal-aware loss: 0.2702, lumen dice: 0.9480, wall dice: 0.8645, distal recall: 0.8941
epoch: 116, iter: 2290/3251, distal-aware loss: 0.2701, lumen dice: 0.9481, wall dice: 0.8646, distal recall: 0.8941
epoch: 116, iter: 2300/3251, distal-aware loss: 0.2702, lumen dice: 0.9480, wall dice: 0.8646, distal recall: 0.8941
epoch: 116, iter: 2310/3251, distal-aware loss: 0.2700, lumen dice: 0.9480, wall dice: 0.8646, distal recall: 0.8940
epoch: 116, iter: 2320/3251, distal-aware loss: 0.2701, lumen dice: 0.9480, wall dice: 0.8646, distal recall: 0.8941
epoch: 116, iter: 2330/3251, distal-aware loss: 0.2700, lumen dice: 0.9481, wall dice: 0.8647, distal recall: 0.8941
epoch: 116, iter: 2340/3251, distal-aware loss: 0.2699, lumen dice: 0.9481, wall dice: 0.8647, distal recall: 0.8941
epoch: 116, iter: 2350/3251, distal-aware loss: 0.2699, lumen dice: 0.9482, wall dice: 0.8648, distal recall: 0.8942
epoch: 116, iter: 2360/3251, distal-aware loss: 0.2701, lumen dice: 0.9480, wall dice: 0.8645, distal recall: 0.8941
epoch: 116, iter: 2370/3251, distal-aware loss: 0.2701, lumen dice: 0.9480, wall dice: 0.8645, distal recall: 0.8941
epoch: 116, iter: 2380/3251, distal-aware loss: 0.2701, lumen dice: 0.9480, wall dice: 0.8646, distal recall: 0.8941
epoch: 116, iter: 2390/3251, distal-aware loss: 0.2701, lumen dice: 0.9481, wall dice: 0.8646, distal recall: 0.8941
epoch: 116, iter: 2400/3251, distal-aware loss: 0.2702, lumen dice: 0.9480, wall dice: 0.8645, distal recall: 0.8940
epoch: 116, iter: 2410/3251, distal-aware loss: 0.2702, lumen dice: 0.9480, wall dice: 0.8645, distal recall: 0.8941
epoch: 116, iter: 2420/3251, distal-aware loss: 0.2701, lumen dice: 0.9481, wall dice: 0.8646, distal recall: 0.8941
epoch: 116, iter: 2430/3251, distal-aware loss: 0.2700, lumen dice: 0.9480, wall dice: 0.8646, distal recall: 0.8942
epoch: 116, iter: 2440/3251, distal-aware loss: 0.2701, lumen dice: 0.9480, wall dice: 0.8646, distal recall: 0.8943
epoch: 116, iter: 2450/3251, distal-aware loss: 0.2703, lumen dice: 0.9479, wall dice: 0.8644, distal recall: 0.8942
epoch: 116, iter: 2460/3251, distal-aware loss: 0.2704, lumen dice: 0.9479, wall dice: 0.8643, distal recall: 0.8941
epoch: 116, iter: 2470/3251, distal-aware loss: 0.2706, lumen dice: 0.9478, wall dice: 0.8641, distal recall: 0.8940
epoch: 116, iter: 2480/3251, distal-aware loss: 0.2707, lumen dice: 0.9478, wall dice: 0.8640, distal recall: 0.8940
epoch: 116, iter: 2490/3251, distal-aware loss: 0.2707, lumen dice: 0.9478, wall dice: 0.8640, distal recall: 0.8939
epoch: 116, iter: 2500/3251, distal-aware loss: 0.2707, lumen dice: 0.9477, wall dice: 0.8640, distal recall: 0.8939
epoch: 116, iter: 2510/3251, distal-aware loss: 0.2708, lumen dice: 0.9477, wall dice: 0.8639, distal recall: 0.8939
epoch: 116, iter: 2520/3251, distal-aware loss: 0.2709, lumen dice: 0.9477, wall dice: 0.8639, distal recall: 0.8938
epoch: 116, iter: 2530/3251, distal-aware loss: 0.2708, lumen dice: 0.9478, wall dice: 0.8640, distal recall: 0.8939
epoch: 116, iter: 2540/3251, distal-aware loss: 0.2709, lumen dice: 0.9477, wall dice: 0.8638, distal recall: 0.8939
epoch: 116, iter: 2550/3251, distal-aware loss: 0.2709, lumen dice: 0.9477, wall dice: 0.8637, distal recall: 0.8939
epoch: 116, iter: 2560/3251, distal-aware loss: 0.2709, lumen dice: 0.9478, wall dice: 0.8638, distal recall: 0.8939
epoch: 116, iter: 2570/3251, distal-aware loss: 0.2709, lumen dice: 0.9478, wall dice: 0.8637, distal recall: 0.8938
epoch: 116, iter: 2580/3251, distal-aware loss: 0.2710, lumen dice: 0.9478, wall dice: 0.8638, distal recall: 0.8938
epoch: 116, iter: 2590/3251, distal-aware loss: 0.2709, lumen dice: 0.9478, wall dice: 0.8638, distal recall: 0.8939
epoch: 116, iter: 2600/3251, distal-aware loss: 0.2709, lumen dice: 0.9478, wall dice: 0.8639, distal recall: 0.8939
epoch: 116, iter: 2610/3251, distal-aware loss: 0.2709, lumen dice: 0.9478, wall dice: 0.8639, distal recall: 0.8939
epoch: 116, iter: 2620/3251, distal-aware loss: 0.2709, lumen dice: 0.9477, wall dice: 0.8639, distal recall: 0.8938
epoch: 116, iter: 2630/3251, distal-aware loss: 0.2708, lumen dice: 0.9478, wall dice: 0.8640, distal recall: 0.8939
epoch: 116, iter: 2640/3251, distal-aware loss: 0.2708, lumen dice: 0.9477, wall dice: 0.8640, distal recall: 0.8939
epoch: 116, iter: 2650/3251, distal-aware loss: 0.2708, lumen dice: 0.9478, wall dice: 0.8639, distal recall: 0.8939
epoch: 116, iter: 2660/3251, distal-aware loss: 0.2709, lumen dice: 0.9477, wall dice: 0.8639, distal recall: 0.8939
epoch: 116, iter: 2670/3251, distal-aware loss: 0.2710, lumen dice: 0.9477, wall dice: 0.8639, distal recall: 0.8938
epoch: 116, iter: 2680/3251, distal-aware loss: 0.2710, lumen dice: 0.9477, wall dice: 0.8640, distal recall: 0.8939
epoch: 116, iter: 2690/3251, distal-aware loss: 0.2709, lumen dice: 0.9477, wall dice: 0.8640, distal recall: 0.8939
epoch: 116, iter: 2700/3251, distal-aware loss: 0.2710, lumen dice: 0.9477, wall dice: 0.8640, distal recall: 0.8939
epoch: 116, iter: 2710/3251, distal-aware loss: 0.2710, lumen dice: 0.9477, wall dice: 0.8639, distal recall: 0.8939
epoch: 116, iter: 2720/3251, distal-aware loss: 0.2709, lumen dice: 0.9477, wall dice: 0.8640, distal recall: 0.8940
epoch: 116, iter: 2730/3251, distal-aware loss: 0.2710, lumen dice: 0.9477, wall dice: 0.8639, distal recall: 0.8940
epoch: 116, iter: 2740/3251, distal-aware loss: 0.2708, lumen dice: 0.9478, wall dice: 0.8639, distal recall: 0.8941
epoch: 116, iter: 2750/3251, distal-aware loss: 0.2708, lumen dice: 0.9477, wall dice: 0.8640, distal recall: 0.8941
epoch: 116, iter: 2760/3251, distal-aware loss: 0.2709, lumen dice: 0.9476, wall dice: 0.8639, distal recall: 0.8940
epoch: 116, iter: 2770/3251, distal-aware loss: 0.2709, lumen dice: 0.9476, wall dice: 0.8639, distal recall: 0.8940
epoch: 116, iter: 2780/3251, distal-aware loss: 0.2709, lumen dice: 0.9476, wall dice: 0.8639, distal recall: 0.8941
epoch: 116, iter: 2790/3251, distal-aware loss: 0.2711, lumen dice: 0.9476, wall dice: 0.8639, distal recall: 0.8939
epoch: 116, iter: 2800/3251, distal-aware loss: 0.2710, lumen dice: 0.9476, wall dice: 0.8639, distal recall: 0.8940
epoch: 116, iter: 2810/3251, distal-aware loss: 0.2710, lumen dice: 0.9477, wall dice: 0.8640, distal recall: 0.8941
epoch: 116, iter: 2820/3251, distal-aware loss: 0.2709, lumen dice: 0.9477, wall dice: 0.8640, distal recall: 0.8941
epoch: 116, iter: 2830/3251, distal-aware loss: 0.2709, lumen dice: 0.9477, wall dice: 0.8639, distal recall: 0.8941
epoch: 116, iter: 2840/3251, distal-aware loss: 0.2709, lumen dice: 0.9477, wall dice: 0.8639, distal recall: 0.8940
epoch: 116, iter: 2850/3251, distal-aware loss: 0.2709, lumen dice: 0.9477, wall dice: 0.8639, distal recall: 0.8940
epoch: 116, iter: 2860/3251, distal-aware loss: 0.2709, lumen dice: 0.9477, wall dice: 0.8639, distal recall: 0.8940
epoch: 116, iter: 2870/3251, distal-aware loss: 0.2709, lumen dice: 0.9477, wall dice: 0.8639, distal recall: 0.8941
epoch: 116, iter: 2880/3251, distal-aware loss: 0.2710, lumen dice: 0.9477, wall dice: 0.8640, distal recall: 0.8941
epoch: 116, iter: 2890/3251, distal-aware loss: 0.2710, lumen dice: 0.9477, wall dice: 0.8639, distal recall: 0.8941
epoch: 116, iter: 2900/3251, distal-aware loss: 0.2709, lumen dice: 0.9477, wall dice: 0.8640, distal recall: 0.8941
epoch: 116, iter: 2910/3251, distal-aware loss: 0.2709, lumen dice: 0.9477, wall dice: 0.8640, distal recall: 0.8941
epoch: 116, iter: 2920/3251, distal-aware loss: 0.2709, lumen dice: 0.9477, wall dice: 0.8640, distal recall: 0.8941
epoch: 116, iter: 2930/3251, distal-aware loss: 0.2711, lumen dice: 0.9477, wall dice: 0.8639, distal recall: 0.8940
epoch: 116, iter: 2940/3251, distal-aware loss: 0.2711, lumen dice: 0.9477, wall dice: 0.8639, distal recall: 0.8940
epoch: 116, iter: 2950/3251, distal-aware loss: 0.2710, lumen dice: 0.9477, wall dice: 0.8640, distal recall: 0.8940
epoch: 116, iter: 2960/3251, distal-aware loss: 0.2710, lumen dice: 0.9477, wall dice: 0.8639, distal recall: 0.8941
epoch: 116, iter: 2970/3251, distal-aware loss: 0.2709, lumen dice: 0.9477, wall dice: 0.8640, distal recall: 0.8941
epoch: 116, iter: 2980/3251, distal-aware loss: 0.2709, lumen dice: 0.9477, wall dice: 0.8640, distal recall: 0.8941
epoch: 116, iter: 2990/3251, distal-aware loss: 0.2708, lumen dice: 0.9477, wall dice: 0.8641, distal recall: 0.8941
epoch: 116, iter: 3000/3251, distal-aware loss: 0.2708, lumen dice: 0.9477, wall dice: 0.8641, distal recall: 0.8941
epoch: 116, iter: 3010/3251, distal-aware loss: 0.2708, lumen dice: 0.9478, wall dice: 0.8641, distal recall: 0.8941
epoch: 116, iter: 3020/3251, distal-aware loss: 0.2708, lumen dice: 0.9478, wall dice: 0.8641, distal recall: 0.8941
epoch: 116, iter: 3030/3251, distal-aware loss: 0.2708, lumen dice: 0.9478, wall dice: 0.8642, distal recall: 0.8942
epoch: 116, iter: 3040/3251, distal-aware loss: 0.2707, lumen dice: 0.9478, wall dice: 0.8642, distal recall: 0.8942
epoch: 116, iter: 3050/3251, distal-aware loss: 0.2708, lumen dice: 0.9478, wall dice: 0.8642, distal recall: 0.8941
epoch: 116, iter: 3060/3251, distal-aware loss: 0.2708, lumen dice: 0.9477, wall dice: 0.8642, distal recall: 0.8941
epoch: 116, iter: 3070/3251, distal-aware loss: 0.2708, lumen dice: 0.9478, wall dice: 0.8643, distal recall: 0.8941
epoch: 116, iter: 3080/3251, distal-aware loss: 0.2708, lumen dice: 0.9478, wall dice: 0.8642, distal recall: 0.8941
epoch: 116, iter: 3090/3251, distal-aware loss: 0.2708, lumen dice: 0.9478, wall dice: 0.8642, distal recall: 0.8941
epoch: 116, iter: 3100/3251, distal-aware loss: 0.2708, lumen dice: 0.9478, wall dice: 0.8642, distal recall: 0.8942
epoch: 116, iter: 3110/3251, distal-aware loss: 0.2708, lumen dice: 0.9478, wall dice: 0.8642, distal recall: 0.8942
epoch: 116, iter: 3120/3251, distal-aware loss: 0.2708, lumen dice: 0.9478, wall dice: 0.8642, distal recall: 0.8942
epoch: 116, iter: 3130/3251, distal-aware loss: 0.2708, lumen dice: 0.9478, wall dice: 0.8642, distal recall: 0.8942
epoch: 116, iter: 3140/3251, distal-aware loss: 0.2710, lumen dice: 0.9477, wall dice: 0.8641, distal recall: 0.8941
epoch: 116, iter: 3150/3251, distal-aware loss: 0.2710, lumen dice: 0.9477, wall dice: 0.8641, distal recall: 0.8942
epoch: 116, iter: 3160/3251, distal-aware loss: 0.2710, lumen dice: 0.9477, wall dice: 0.8641, distal recall: 0.8942
epoch: 116, iter: 3170/3251, distal-aware loss: 0.2710, lumen dice: 0.9477, wall dice: 0.8641, distal recall: 0.8941
epoch: 116, iter: 3180/3251, distal-aware loss: 0.2710, lumen dice: 0.9477, wall dice: 0.8641, distal recall: 0.8942
epoch: 116, iter: 3190/3251, distal-aware loss: 0.2710, lumen dice: 0.9477, wall dice: 0.8641, distal recall: 0.8942
epoch: 116, iter: 3200/3251, distal-aware loss: 0.2710, lumen dice: 0.9478, wall dice: 0.8641, distal recall: 0.8942
epoch: 116, iter: 3210/3251, distal-aware loss: 0.2710, lumen dice: 0.9478, wall dice: 0.8641, distal recall: 0.8942
epoch: 116, iter: 3220/3251, distal-aware loss: 0.2710, lumen dice: 0.9478, wall dice: 0.8641, distal recall: 0.8941
epoch: 116, iter: 3230/3251, distal-aware loss: 0.2709, lumen dice: 0.9478, wall dice: 0.8642, distal recall: 0.8942
epoch: 116, iter: 3240/3251, distal-aware loss: 0.2710, lumen dice: 0.9478, wall dice: 0.8641, distal recall: 0.8941
epoch: 116, iter: 3250/3251, distal-aware loss: 0.2710, lumen dice: 0.9478, wall dice: 0.8641, distal recall: 0.8940
epoch: 116, val distal-aware loss: 0.2818, val lumen dice: 0.9528, val wall dice: 0.8852, val distal recall: 0.9089
starting epoch: 117
epoch: 117, iter: 0/3251, distal-aware loss: 0.2242, lumen dice: 0.9640, wall dice: 0.8842, distal recall: 0.9186
epoch: 117, iter: 10/3251, distal-aware loss: 0.2472, lumen dice: 0.9593, wall dice: 0.8848, distal recall: 0.8958
epoch: 117, iter: 20/3251, distal-aware loss: 0.2619, lumen dice: 0.9591, wall dice: 0.8778, distal recall: 0.8933
epoch: 117, iter: 30/3251, distal-aware loss: 0.2676, lumen dice: 0.9571, wall dice: 0.8733, distal recall: 0.8922
epoch: 117, iter: 40/3251, distal-aware loss: 0.2643, lumen dice: 0.9559, wall dice: 0.8712, distal recall: 0.8949
epoch: 117, iter: 50/3251, distal-aware loss: 0.2639, lumen dice: 0.9533, wall dice: 0.8691, distal recall: 0.8953
epoch: 117, iter: 60/3251, distal-aware loss: 0.2603, lumen dice: 0.9542, wall dice: 0.8720, distal recall: 0.8981
epoch: 117, iter: 70/3251, distal-aware loss: 0.2585, lumen dice: 0.9547, wall dice: 0.8734, distal recall: 0.8998
epoch: 117, iter: 80/3251, distal-aware loss: 0.2597, lumen dice: 0.9539, wall dice: 0.8733, distal recall: 0.8991
epoch: 117, iter: 90/3251, distal-aware loss: 0.2627, lumen dice: 0.9534, wall dice: 0.8725, distal recall: 0.8988
epoch: 117, iter: 100/3251, distal-aware loss: 0.2651, lumen dice: 0.9520, wall dice: 0.8711, distal recall: 0.8979
epoch: 117, iter: 110/3251, distal-aware loss: 0.2697, lumen dice: 0.9501, wall dice: 0.8677, distal recall: 0.8955
epoch: 117, iter: 120/3251, distal-aware loss: 0.2697, lumen dice: 0.9492, wall dice: 0.8664, distal recall: 0.8954
epoch: 117, iter: 130/3251, distal-aware loss: 0.2710, lumen dice: 0.9488, wall dice: 0.8655, distal recall: 0.8940
epoch: 117, iter: 140/3251, distal-aware loss: 0.2707, lumen dice: 0.9490, wall dice: 0.8660, distal recall: 0.8939
epoch: 117, iter: 150/3251, distal-aware loss: 0.2703, lumen dice: 0.9494, wall dice: 0.8666, distal recall: 0.8946
epoch: 117, iter: 160/3251, distal-aware loss: 0.2698, lumen dice: 0.9495, wall dice: 0.8670, distal recall: 0.8939
epoch: 117, iter: 170/3251, distal-aware loss: 0.2700, lumen dice: 0.9492, wall dice: 0.8668, distal recall: 0.8933
epoch: 117, iter: 180/3251, distal-aware loss: 0.2699, lumen dice: 0.9493, wall dice: 0.8669, distal recall: 0.8929
epoch: 117, iter: 190/3251, distal-aware loss: 0.2686, lumen dice: 0.9500, wall dice: 0.8678, distal recall: 0.8940
epoch: 117, iter: 200/3251, distal-aware loss: 0.2704, lumen dice: 0.9496, wall dice: 0.8668, distal recall: 0.8927
epoch: 117, iter: 210/3251, distal-aware loss: 0.2724, lumen dice: 0.9494, wall dice: 0.8643, distal recall: 0.8917
epoch: 117, iter: 220/3251, distal-aware loss: 0.2725, lumen dice: 0.9495, wall dice: 0.8644, distal recall: 0.8923
epoch: 117, iter: 230/3251, distal-aware loss: 0.2712, lumen dice: 0.9499, wall dice: 0.8647, distal recall: 0.8927
epoch: 117, iter: 240/3251, distal-aware loss: 0.2715, lumen dice: 0.9500, wall dice: 0.8648, distal recall: 0.8930
epoch: 117, iter: 250/3251, distal-aware loss: 0.2718, lumen dice: 0.9489, wall dice: 0.8650, distal recall: 0.8930
epoch: 117, iter: 260/3251, distal-aware loss: 0.2717, lumen dice: 0.9492, wall dice: 0.8653, distal recall: 0.8927
epoch: 117, iter: 270/3251, distal-aware loss: 0.2719, lumen dice: 0.9491, wall dice: 0.8652, distal recall: 0.8931
epoch: 117, iter: 280/3251, distal-aware loss: 0.2718, lumen dice: 0.9491, wall dice: 0.8652, distal recall: 0.8929
epoch: 117, iter: 290/3251, distal-aware loss: 0.2716, lumen dice: 0.9494, wall dice: 0.8654, distal recall: 0.8929
epoch: 117, iter: 300/3251, distal-aware loss: 0.2710, lumen dice: 0.9495, wall dice: 0.8657, distal recall: 0.8934
epoch: 117, iter: 310/3251, distal-aware loss: 0.2726, lumen dice: 0.9489, wall dice: 0.8642, distal recall: 0.8924
epoch: 117, iter: 320/3251, distal-aware loss: 0.2731, lumen dice: 0.9489, wall dice: 0.8641, distal recall: 0.8923
epoch: 117, iter: 330/3251, distal-aware loss: 0.2730, lumen dice: 0.9489, wall dice: 0.8639, distal recall: 0.8927
epoch: 117, iter: 340/3251, distal-aware loss: 0.2725, lumen dice: 0.9491, wall dice: 0.8642, distal recall: 0.8931
epoch: 117, iter: 350/3251, distal-aware loss: 0.2721, lumen dice: 0.9491, wall dice: 0.8647, distal recall: 0.8932
epoch: 117, iter: 360/3251, distal-aware loss: 0.2717, lumen dice: 0.9492, wall dice: 0.8648, distal recall: 0.8931
epoch: 117, iter: 370/3251, distal-aware loss: 0.2713, lumen dice: 0.9495, wall dice: 0.8651, distal recall: 0.8932
epoch: 117, iter: 380/3251, distal-aware loss: 0.2705, lumen dice: 0.9499, wall dice: 0.8657, distal recall: 0.8938
epoch: 117, iter: 390/3251, distal-aware loss: 0.2708, lumen dice: 0.9497, wall dice: 0.8655, distal recall: 0.8938
epoch: 117, iter: 400/3251, distal-aware loss: 0.2704, lumen dice: 0.9498, wall dice: 0.8659, distal recall: 0.8942
epoch: 117, iter: 410/3251, distal-aware loss: 0.2706, lumen dice: 0.9497, wall dice: 0.8657, distal recall: 0.8942
epoch: 117, iter: 420/3251, distal-aware loss: 0.2704, lumen dice: 0.9496, wall dice: 0.8658, distal recall: 0.8945
epoch: 117, iter: 430/3251, distal-aware loss: 0.2695, lumen dice: 0.9499, wall dice: 0.8665, distal recall: 0.8945
epoch: 117, iter: 440/3251, distal-aware loss: 0.2698, lumen dice: 0.9499, wall dice: 0.8664, distal recall: 0.8945
epoch: 117, iter: 450/3251, distal-aware loss: 0.2695, lumen dice: 0.9500, wall dice: 0.8668, distal recall: 0.8950
epoch: 117, iter: 460/3251, distal-aware loss: 0.2692, lumen dice: 0.9500, wall dice: 0.8670, distal recall: 0.8952
epoch: 117, iter: 470/3251, distal-aware loss: 0.2690, lumen dice: 0.9502, wall dice: 0.8672, distal recall: 0.8953
epoch: 117, iter: 480/3251, distal-aware loss: 0.2692, lumen dice: 0.9500, wall dice: 0.8666, distal recall: 0.8949
epoch: 117, iter: 490/3251, distal-aware loss: 0.2691, lumen dice: 0.9500, wall dice: 0.8667, distal recall: 0.8950
epoch: 117, iter: 500/3251, distal-aware loss: 0.2697, lumen dice: 0.9497, wall dice: 0.8660, distal recall: 0.8948
epoch: 117, iter: 510/3251, distal-aware loss: 0.2697, lumen dice: 0.9496, wall dice: 0.8659, distal recall: 0.8948
epoch: 117, iter: 520/3251, distal-aware loss: 0.2692, lumen dice: 0.9497, wall dice: 0.8661, distal recall: 0.8952
epoch: 117, iter: 530/3251, distal-aware loss: 0.2690, lumen dice: 0.9499, wall dice: 0.8662, distal recall: 0.8952
epoch: 117, iter: 540/3251, distal-aware loss: 0.2689, lumen dice: 0.9501, wall dice: 0.8664, distal recall: 0.8952
epoch: 117, iter: 550/3251, distal-aware loss: 0.2685, lumen dice: 0.9500, wall dice: 0.8666, distal recall: 0.8955
epoch: 117, iter: 560/3251, distal-aware loss: 0.2684, lumen dice: 0.9500, wall dice: 0.8668, distal recall: 0.8956
epoch: 117, iter: 570/3251, distal-aware loss: 0.2682, lumen dice: 0.9501, wall dice: 0.8669, distal recall: 0.8958
epoch: 117, iter: 580/3251, distal-aware loss: 0.2685, lumen dice: 0.9500, wall dice: 0.8666, distal recall: 0.8957
epoch: 117, iter: 590/3251, distal-aware loss: 0.2683, lumen dice: 0.9500, wall dice: 0.8668, distal recall: 0.8960
epoch: 117, iter: 600/3251, distal-aware loss: 0.2678, lumen dice: 0.9501, wall dice: 0.8670, distal recall: 0.8961
epoch: 117, iter: 610/3251, distal-aware loss: 0.2679, lumen dice: 0.9500, wall dice: 0.8669, distal recall: 0.8960
epoch: 117, iter: 620/3251, distal-aware loss: 0.2681, lumen dice: 0.9501, wall dice: 0.8667, distal recall: 0.8958
epoch: 117, iter: 630/3251, distal-aware loss: 0.2684, lumen dice: 0.9500, wall dice: 0.8666, distal recall: 0.8955
epoch: 117, iter: 640/3251, distal-aware loss: 0.2681, lumen dice: 0.9502, wall dice: 0.8669, distal recall: 0.8956
epoch: 117, iter: 650/3251, distal-aware loss: 0.2678, lumen dice: 0.9502, wall dice: 0.8671, distal recall: 0.8959
epoch: 117, iter: 660/3251, distal-aware loss: 0.2680, lumen dice: 0.9501, wall dice: 0.8671, distal recall: 0.8960
epoch: 117, iter: 670/3251, distal-aware loss: 0.2679, lumen dice: 0.9501, wall dice: 0.8673, distal recall: 0.8961
epoch: 117, iter: 680/3251, distal-aware loss: 0.2681, lumen dice: 0.9502, wall dice: 0.8673, distal recall: 0.8958
epoch: 117, iter: 690/3251, distal-aware loss: 0.2680, lumen dice: 0.9501, wall dice: 0.8673, distal recall: 0.8960
epoch: 117, iter: 700/3251, distal-aware loss: 0.2682, lumen dice: 0.9501, wall dice: 0.8670, distal recall: 0.8959
epoch: 117, iter: 710/3251, distal-aware loss: 0.2683, lumen dice: 0.9500, wall dice: 0.8671, distal recall: 0.8961
epoch: 117, iter: 720/3251, distal-aware loss: 0.2691, lumen dice: 0.9489, wall dice: 0.8667, distal recall: 0.8961
epoch: 117, iter: 730/3251, distal-aware loss: 0.2691, lumen dice: 0.9490, wall dice: 0.8666, distal recall: 0.8960
epoch: 117, iter: 740/3251, distal-aware loss: 0.2689, lumen dice: 0.9491, wall dice: 0.8668, distal recall: 0.8961
epoch: 117, iter: 750/3251, distal-aware loss: 0.2686, lumen dice: 0.9492, wall dice: 0.8669, distal recall: 0.8964
epoch: 117, iter: 760/3251, distal-aware loss: 0.2684, lumen dice: 0.9492, wall dice: 0.8670, distal recall: 0.8967
epoch: 117, iter: 770/3251, distal-aware loss: 0.2683, lumen dice: 0.9493, wall dice: 0.8671, distal recall: 0.8965
epoch: 117, iter: 780/3251, distal-aware loss: 0.2684, lumen dice: 0.9494, wall dice: 0.8672, distal recall: 0.8968
epoch: 117, iter: 790/3251, distal-aware loss: 0.2684, lumen dice: 0.9494, wall dice: 0.8672, distal recall: 0.8965
epoch: 117, iter: 800/3251, distal-aware loss: 0.2685, lumen dice: 0.9493, wall dice: 0.8672, distal recall: 0.8965
epoch: 117, iter: 810/3251, distal-aware loss: 0.2684, lumen dice: 0.9494, wall dice: 0.8671, distal recall: 0.8966
epoch: 117, iter: 820/3251, distal-aware loss: 0.2684, lumen dice: 0.9495, wall dice: 0.8672, distal recall: 0.8964
epoch: 117, iter: 830/3251, distal-aware loss: 0.2684, lumen dice: 0.9496, wall dice: 0.8671, distal recall: 0.8966
epoch: 117, iter: 840/3251, distal-aware loss: 0.2686, lumen dice: 0.9495, wall dice: 0.8671, distal recall: 0.8965
epoch: 117, iter: 850/3251, distal-aware loss: 0.2685, lumen dice: 0.9495, wall dice: 0.8671, distal recall: 0.8967
epoch: 117, iter: 860/3251, distal-aware loss: 0.2690, lumen dice: 0.9493, wall dice: 0.8670, distal recall: 0.8966
epoch: 117, iter: 870/3251, distal-aware loss: 0.2690, lumen dice: 0.9494, wall dice: 0.8671, distal recall: 0.8966
epoch: 117, iter: 880/3251, distal-aware loss: 0.2693, lumen dice: 0.9494, wall dice: 0.8670, distal recall: 0.8964
epoch: 117, iter: 890/3251, distal-aware loss: 0.2692, lumen dice: 0.9494, wall dice: 0.8670, distal recall: 0.8965
epoch: 117, iter: 900/3251, distal-aware loss: 0.2694, lumen dice: 0.9493, wall dice: 0.8670, distal recall: 0.8963
epoch: 117, iter: 910/3251, distal-aware loss: 0.2690, lumen dice: 0.9492, wall dice: 0.8672, distal recall: 0.8965
epoch: 117, iter: 920/3251, distal-aware loss: 0.2690, lumen dice: 0.9494, wall dice: 0.8672, distal recall: 0.8964
epoch: 117, iter: 930/3251, distal-aware loss: 0.2689, lumen dice: 0.9494, wall dice: 0.8673, distal recall: 0.8963
epoch: 117, iter: 940/3251, distal-aware loss: 0.2689, lumen dice: 0.9493, wall dice: 0.8674, distal recall: 0.8962
epoch: 117, iter: 950/3251, distal-aware loss: 0.2686, lumen dice: 0.9495, wall dice: 0.8675, distal recall: 0.8963
epoch: 117, iter: 960/3251, distal-aware loss: 0.2685, lumen dice: 0.9494, wall dice: 0.8675, distal recall: 0.8964
epoch: 117, iter: 970/3251, distal-aware loss: 0.2685, lumen dice: 0.9494, wall dice: 0.8675, distal recall: 0.8963
epoch: 117, iter: 980/3251, distal-aware loss: 0.2687, lumen dice: 0.9493, wall dice: 0.8675, distal recall: 0.8963
epoch: 117, iter: 990/3251, distal-aware loss: 0.2687, lumen dice: 0.9493, wall dice: 0.8675, distal recall: 0.8964
epoch: 117, iter: 1000/3251, distal-aware loss: 0.2690, lumen dice: 0.9492, wall dice: 0.8672, distal recall: 0.8963
epoch: 117, iter: 1010/3251, distal-aware loss: 0.2689, lumen dice: 0.9491, wall dice: 0.8673, distal recall: 0.8965
epoch: 117, iter: 1020/3251, distal-aware loss: 0.2689, lumen dice: 0.9490, wall dice: 0.8673, distal recall: 0.8964
epoch: 117, iter: 1030/3251, distal-aware loss: 0.2688, lumen dice: 0.9489, wall dice: 0.8674, distal recall: 0.8964
epoch: 117, iter: 1040/3251, distal-aware loss: 0.2687, lumen dice: 0.9490, wall dice: 0.8675, distal recall: 0.8965
epoch: 117, iter: 1050/3251, distal-aware loss: 0.2685, lumen dice: 0.9491, wall dice: 0.8676, distal recall: 0.8965
epoch: 117, iter: 1060/3251, distal-aware loss: 0.2684, lumen dice: 0.9492, wall dice: 0.8677, distal recall: 0.8966
epoch: 117, iter: 1070/3251, distal-aware loss: 0.2682, lumen dice: 0.9493, wall dice: 0.8678, distal recall: 0.8967
epoch: 117, iter: 1080/3251, distal-aware loss: 0.2681, lumen dice: 0.9493, wall dice: 0.8679, distal recall: 0.8968
epoch: 117, iter: 1090/3251, distal-aware loss: 0.2681, lumen dice: 0.9493, wall dice: 0.8680, distal recall: 0.8967
epoch: 117, iter: 1100/3251, distal-aware loss: 0.2683, lumen dice: 0.9493, wall dice: 0.8679, distal recall: 0.8966
epoch: 117, iter: 1110/3251, distal-aware loss: 0.2682, lumen dice: 0.9492, wall dice: 0.8679, distal recall: 0.8967
epoch: 117, iter: 1120/3251, distal-aware loss: 0.2681, lumen dice: 0.9492, wall dice: 0.8679, distal recall: 0.8968
epoch: 117, iter: 1130/3251, distal-aware loss: 0.2680, lumen dice: 0.9493, wall dice: 0.8680, distal recall: 0.8969
epoch: 117, iter: 1140/3251, distal-aware loss: 0.2680, lumen dice: 0.9493, wall dice: 0.8680, distal recall: 0.8969
epoch: 117, iter: 1150/3251, distal-aware loss: 0.2681, lumen dice: 0.9493, wall dice: 0.8679, distal recall: 0.8968
epoch: 117, iter: 1160/3251, distal-aware loss: 0.2679, lumen dice: 0.9493, wall dice: 0.8680, distal recall: 0.8969
epoch: 117, iter: 1170/3251, distal-aware loss: 0.2679, lumen dice: 0.9493, wall dice: 0.8680, distal recall: 0.8970
epoch: 117, iter: 1180/3251, distal-aware loss: 0.2678, lumen dice: 0.9494, wall dice: 0.8681, distal recall: 0.8970
epoch: 117, iter: 1190/3251, distal-aware loss: 0.2678, lumen dice: 0.9494, wall dice: 0.8679, distal recall: 0.8970
epoch: 117, iter: 1200/3251, distal-aware loss: 0.2677, lumen dice: 0.9494, wall dice: 0.8679, distal recall: 0.8970
epoch: 117, iter: 1210/3251, distal-aware loss: 0.2678, lumen dice: 0.9494, wall dice: 0.8679, distal recall: 0.8970
epoch: 117, iter: 1220/3251, distal-aware loss: 0.2677, lumen dice: 0.9494, wall dice: 0.8679, distal recall: 0.8971
epoch: 117, iter: 1230/3251, distal-aware loss: 0.2677, lumen dice: 0.9494, wall dice: 0.8680, distal recall: 0.8971
epoch: 117, iter: 1240/3251, distal-aware loss: 0.2677, lumen dice: 0.9493, wall dice: 0.8677, distal recall: 0.8970
epoch: 117, iter: 1250/3251, distal-aware loss: 0.2676, lumen dice: 0.9492, wall dice: 0.8677, distal recall: 0.8970
epoch: 117, iter: 1260/3251, distal-aware loss: 0.2677, lumen dice: 0.9493, wall dice: 0.8675, distal recall: 0.8969
epoch: 117, iter: 1270/3251, distal-aware loss: 0.2677, lumen dice: 0.9493, wall dice: 0.8675, distal recall: 0.8970
epoch: 117, iter: 1280/3251, distal-aware loss: 0.2676, lumen dice: 0.9493, wall dice: 0.8676, distal recall: 0.8969
epoch: 117, iter: 1290/3251, distal-aware loss: 0.2676, lumen dice: 0.9493, wall dice: 0.8677, distal recall: 0.8969
epoch: 117, iter: 1300/3251, distal-aware loss: 0.2676, lumen dice: 0.9493, wall dice: 0.8677, distal recall: 0.8968
epoch: 117, iter: 1310/3251, distal-aware loss: 0.2675, lumen dice: 0.9493, wall dice: 0.8678, distal recall: 0.8969
epoch: 117, iter: 1320/3251, distal-aware loss: 0.2676, lumen dice: 0.9493, wall dice: 0.8677, distal recall: 0.8968
epoch: 117, iter: 1330/3251, distal-aware loss: 0.2676, lumen dice: 0.9494, wall dice: 0.8677, distal recall: 0.8967
epoch: 117, iter: 1340/3251, distal-aware loss: 0.2676, lumen dice: 0.9494, wall dice: 0.8677, distal recall: 0.8967
epoch: 117, iter: 1350/3251, distal-aware loss: 0.2676, lumen dice: 0.9494, wall dice: 0.8678, distal recall: 0.8968
epoch: 117, iter: 1360/3251, distal-aware loss: 0.2675, lumen dice: 0.9495, wall dice: 0.8678, distal recall: 0.8968
epoch: 117, iter: 1370/3251, distal-aware loss: 0.2673, lumen dice: 0.9495, wall dice: 0.8679, distal recall: 0.8969
epoch: 117, iter: 1380/3251, distal-aware loss: 0.2674, lumen dice: 0.9495, wall dice: 0.8679, distal recall: 0.8968
epoch: 117, iter: 1390/3251, distal-aware loss: 0.2674, lumen dice: 0.9496, wall dice: 0.8678, distal recall: 0.8966
epoch: 117, iter: 1400/3251, distal-aware loss: 0.2675, lumen dice: 0.9496, wall dice: 0.8678, distal recall: 0.8966
epoch: 117, iter: 1410/3251, distal-aware loss: 0.2674, lumen dice: 0.9496, wall dice: 0.8678, distal recall: 0.8967
epoch: 117, iter: 1420/3251, distal-aware loss: 0.2676, lumen dice: 0.9495, wall dice: 0.8677, distal recall: 0.8966
epoch: 117, iter: 1430/3251, distal-aware loss: 0.2676, lumen dice: 0.9494, wall dice: 0.8678, distal recall: 0.8967
epoch: 117, iter: 1440/3251, distal-aware loss: 0.2675, lumen dice: 0.9494, wall dice: 0.8678, distal recall: 0.8967
epoch: 117, iter: 1450/3251, distal-aware loss: 0.2676, lumen dice: 0.9494, wall dice: 0.8678, distal recall: 0.8966
epoch: 117, iter: 1460/3251, distal-aware loss: 0.2676, lumen dice: 0.9494, wall dice: 0.8677, distal recall: 0.8966
epoch: 117, iter: 1470/3251, distal-aware loss: 0.2678, lumen dice: 0.9495, wall dice: 0.8675, distal recall: 0.8965
epoch: 117, iter: 1480/3251, distal-aware loss: 0.2677, lumen dice: 0.9495, wall dice: 0.8676, distal recall: 0.8966
epoch: 117, iter: 1490/3251, distal-aware loss: 0.2677, lumen dice: 0.9495, wall dice: 0.8676, distal recall: 0.8966
epoch: 117, iter: 1500/3251, distal-aware loss: 0.2680, lumen dice: 0.9494, wall dice: 0.8674, distal recall: 0.8965
epoch: 117, iter: 1510/3251, distal-aware loss: 0.2682, lumen dice: 0.9493, wall dice: 0.8673, distal recall: 0.8965
epoch: 117, iter: 1520/3251, distal-aware loss: 0.2684, lumen dice: 0.9491, wall dice: 0.8673, distal recall: 0.8963
epoch: 117, iter: 1530/3251, distal-aware loss: 0.2686, lumen dice: 0.9491, wall dice: 0.8673, distal recall: 0.8963
epoch: 117, iter: 1540/3251, distal-aware loss: 0.2686, lumen dice: 0.9491, wall dice: 0.8673, distal recall: 0.8964
epoch: 117, iter: 1550/3251, distal-aware loss: 0.2684, lumen dice: 0.9492, wall dice: 0.8674, distal recall: 0.8963
epoch: 117, iter: 1560/3251, distal-aware loss: 0.2685, lumen dice: 0.9492, wall dice: 0.8675, distal recall: 0.8964
epoch: 117, iter: 1570/3251, distal-aware loss: 0.2685, lumen dice: 0.9492, wall dice: 0.8674, distal recall: 0.8963
epoch: 117, iter: 1580/3251, distal-aware loss: 0.2686, lumen dice: 0.9491, wall dice: 0.8673, distal recall: 0.8963
epoch: 117, iter: 1590/3251, distal-aware loss: 0.2689, lumen dice: 0.9490, wall dice: 0.8671, distal recall: 0.8962
epoch: 117, iter: 1600/3251, distal-aware loss: 0.2689, lumen dice: 0.9490, wall dice: 0.8671, distal recall: 0.8962
epoch: 117, iter: 1610/3251, distal-aware loss: 0.2688, lumen dice: 0.9491, wall dice: 0.8670, distal recall: 0.8962
epoch: 117, iter: 1620/3251, distal-aware loss: 0.2687, lumen dice: 0.9491, wall dice: 0.8671, distal recall: 0.8962
epoch: 117, iter: 1630/3251, distal-aware loss: 0.2685, lumen dice: 0.9492, wall dice: 0.8672, distal recall: 0.8963
epoch: 117, iter: 1640/3251, distal-aware loss: 0.2685, lumen dice: 0.9492, wall dice: 0.8671, distal recall: 0.8963
epoch: 117, iter: 1650/3251, distal-aware loss: 0.2685, lumen dice: 0.9492, wall dice: 0.8671, distal recall: 0.8963
epoch: 117, iter: 1660/3251, distal-aware loss: 0.2685, lumen dice: 0.9492, wall dice: 0.8671, distal recall: 0.8963
epoch: 117, iter: 1670/3251, distal-aware loss: 0.2684, lumen dice: 0.9492, wall dice: 0.8671, distal recall: 0.8963
epoch: 117, iter: 1680/3251, distal-aware loss: 0.2683, lumen dice: 0.9493, wall dice: 0.8672, distal recall: 0.8962
epoch: 117, iter: 1690/3251, distal-aware loss: 0.2683, lumen dice: 0.9493, wall dice: 0.8672, distal recall: 0.8961
epoch: 117, iter: 1700/3251, distal-aware loss: 0.2682, lumen dice: 0.9493, wall dice: 0.8673, distal recall: 0.8962
epoch: 117, iter: 1710/3251, distal-aware loss: 0.2680, lumen dice: 0.9493, wall dice: 0.8674, distal recall: 0.8963
epoch: 117, iter: 1720/3251, distal-aware loss: 0.2679, lumen dice: 0.9494, wall dice: 0.8674, distal recall: 0.8963
epoch: 117, iter: 1730/3251, distal-aware loss: 0.2678, lumen dice: 0.9495, wall dice: 0.8674, distal recall: 0.8964
epoch: 117, iter: 1740/3251, distal-aware loss: 0.2678, lumen dice: 0.9495, wall dice: 0.8675, distal recall: 0.8965
epoch: 117, iter: 1750/3251, distal-aware loss: 0.2677, lumen dice: 0.9496, wall dice: 0.8676, distal recall: 0.8965
epoch: 117, iter: 1760/3251, distal-aware loss: 0.2677, lumen dice: 0.9496, wall dice: 0.8676, distal recall: 0.8965
epoch: 117, iter: 1770/3251, distal-aware loss: 0.2677, lumen dice: 0.9496, wall dice: 0.8675, distal recall: 0.8966
epoch: 117, iter: 1780/3251, distal-aware loss: 0.2677, lumen dice: 0.9496, wall dice: 0.8675, distal recall: 0.8965
epoch: 117, iter: 1790/3251, distal-aware loss: 0.2676, lumen dice: 0.9496, wall dice: 0.8675, distal recall: 0.8966
epoch: 117, iter: 1800/3251, distal-aware loss: 0.2675, lumen dice: 0.9495, wall dice: 0.8675, distal recall: 0.8966
epoch: 117, iter: 1810/3251, distal-aware loss: 0.2676, lumen dice: 0.9496, wall dice: 0.8674, distal recall: 0.8965
epoch: 117, iter: 1820/3251, distal-aware loss: 0.2678, lumen dice: 0.9495, wall dice: 0.8672, distal recall: 0.8964
epoch: 117, iter: 1830/3251, distal-aware loss: 0.2676, lumen dice: 0.9496, wall dice: 0.8673, distal recall: 0.8965
epoch: 117, iter: 1840/3251, distal-aware loss: 0.2677, lumen dice: 0.9496, wall dice: 0.8673, distal recall: 0.8965
epoch: 117, iter: 1850/3251, distal-aware loss: 0.2676, lumen dice: 0.9496, wall dice: 0.8673, distal recall: 0.8966
epoch: 117, iter: 1860/3251, distal-aware loss: 0.2677, lumen dice: 0.9496, wall dice: 0.8672, distal recall: 0.8966
epoch: 117, iter: 1870/3251, distal-aware loss: 0.2676, lumen dice: 0.9497, wall dice: 0.8673, distal recall: 0.8966
epoch: 117, iter: 1880/3251, distal-aware loss: 0.2675, lumen dice: 0.9497, wall dice: 0.8673, distal recall: 0.8966
epoch: 117, iter: 1890/3251, distal-aware loss: 0.2675, lumen dice: 0.9497, wall dice: 0.8674, distal recall: 0.8966
epoch: 117, iter: 1900/3251, distal-aware loss: 0.2675, lumen dice: 0.9497, wall dice: 0.8675, distal recall: 0.8966
epoch: 117, iter: 1910/3251, distal-aware loss: 0.2677, lumen dice: 0.9496, wall dice: 0.8674, distal recall: 0.8966
epoch: 117, iter: 1920/3251, distal-aware loss: 0.2678, lumen dice: 0.9496, wall dice: 0.8673, distal recall: 0.8966
epoch: 117, iter: 1930/3251, distal-aware loss: 0.2677, lumen dice: 0.9496, wall dice: 0.8673, distal recall: 0.8966
epoch: 117, iter: 1940/3251, distal-aware loss: 0.2678, lumen dice: 0.9496, wall dice: 0.8673, distal recall: 0.8966
epoch: 117, iter: 1950/3251, distal-aware loss: 0.2680, lumen dice: 0.9495, wall dice: 0.8671, distal recall: 0.8967
epoch: 117, iter: 1960/3251, distal-aware loss: 0.2679, lumen dice: 0.9495, wall dice: 0.8671, distal recall: 0.8967
epoch: 117, iter: 1970/3251, distal-aware loss: 0.2679, lumen dice: 0.9495, wall dice: 0.8671, distal recall: 0.8966
epoch: 117, iter: 1980/3251, distal-aware loss: 0.2677, lumen dice: 0.9495, wall dice: 0.8672, distal recall: 0.8967
epoch: 117, iter: 1990/3251, distal-aware loss: 0.2677, lumen dice: 0.9495, wall dice: 0.8672, distal recall: 0.8967
epoch: 117, iter: 2000/3251, distal-aware loss: 0.2678, lumen dice: 0.9494, wall dice: 0.8672, distal recall: 0.8968
epoch: 117, iter: 2010/3251, distal-aware loss: 0.2678, lumen dice: 0.9494, wall dice: 0.8672, distal recall: 0.8968
epoch: 117, iter: 2020/3251, distal-aware loss: 0.2679, lumen dice: 0.9494, wall dice: 0.8670, distal recall: 0.8966
epoch: 117, iter: 2030/3251, distal-aware loss: 0.2678, lumen dice: 0.9494, wall dice: 0.8671, distal recall: 0.8966
epoch: 117, iter: 2040/3251, distal-aware loss: 0.2679, lumen dice: 0.9494, wall dice: 0.8670, distal recall: 0.8965
epoch: 117, iter: 2050/3251, distal-aware loss: 0.2679, lumen dice: 0.9494, wall dice: 0.8670, distal recall: 0.8965
epoch: 117, iter: 2060/3251, distal-aware loss: 0.2678, lumen dice: 0.9494, wall dice: 0.8670, distal recall: 0.8965
epoch: 117, iter: 2070/3251, distal-aware loss: 0.2678, lumen dice: 0.9495, wall dice: 0.8670, distal recall: 0.8965
epoch: 117, iter: 2080/3251, distal-aware loss: 0.2677, lumen dice: 0.9495, wall dice: 0.8671, distal recall: 0.8964
epoch: 117, iter: 2090/3251, distal-aware loss: 0.2678, lumen dice: 0.9495, wall dice: 0.8671, distal recall: 0.8965
epoch: 117, iter: 2100/3251, distal-aware loss: 0.2677, lumen dice: 0.9495, wall dice: 0.8672, distal recall: 0.8965
epoch: 117, iter: 2110/3251, distal-aware loss: 0.2677, lumen dice: 0.9495, wall dice: 0.8672, distal recall: 0.8965
epoch: 117, iter: 2120/3251, distal-aware loss: 0.2677, lumen dice: 0.9495, wall dice: 0.8672, distal recall: 0.8966
epoch: 117, iter: 2130/3251, distal-aware loss: 0.2677, lumen dice: 0.9496, wall dice: 0.8672, distal recall: 0.8965
epoch: 117, iter: 2140/3251, distal-aware loss: 0.2678, lumen dice: 0.9495, wall dice: 0.8672, distal recall: 0.8963
epoch: 117, iter: 2150/3251, distal-aware loss: 0.2679, lumen dice: 0.9495, wall dice: 0.8672, distal recall: 0.8962
epoch: 117, iter: 2160/3251, distal-aware loss: 0.2678, lumen dice: 0.9495, wall dice: 0.8672, distal recall: 0.8963
epoch: 117, iter: 2170/3251, distal-aware loss: 0.2678, lumen dice: 0.9495, wall dice: 0.8672, distal recall: 0.8963
epoch: 117, iter: 2180/3251, distal-aware loss: 0.2677, lumen dice: 0.9496, wall dice: 0.8672, distal recall: 0.8963
epoch: 117, iter: 2190/3251, distal-aware loss: 0.2678, lumen dice: 0.9495, wall dice: 0.8672, distal recall: 0.8962
epoch: 117, iter: 2200/3251, distal-aware loss: 0.2679, lumen dice: 0.9495, wall dice: 0.8672, distal recall: 0.8963
epoch: 117, iter: 2210/3251, distal-aware loss: 0.2679, lumen dice: 0.9494, wall dice: 0.8671, distal recall: 0.8963
epoch: 117, iter: 2220/3251, distal-aware loss: 0.2680, lumen dice: 0.9494, wall dice: 0.8670, distal recall: 0.8963
epoch: 117, iter: 2230/3251, distal-aware loss: 0.2680, lumen dice: 0.9495, wall dice: 0.8670, distal recall: 0.8962
epoch: 117, iter: 2240/3251, distal-aware loss: 0.2679, lumen dice: 0.9495, wall dice: 0.8671, distal recall: 0.8963
epoch: 117, iter: 2250/3251, distal-aware loss: 0.2679, lumen dice: 0.9495, wall dice: 0.8670, distal recall: 0.8963
epoch: 117, iter: 2260/3251, distal-aware loss: 0.2678, lumen dice: 0.9495, wall dice: 0.8671, distal recall: 0.8964
epoch: 117, iter: 2270/3251, distal-aware loss: 0.2679, lumen dice: 0.9495, wall dice: 0.8669, distal recall: 0.8963
epoch: 117, iter: 2280/3251, distal-aware loss: 0.2679, lumen dice: 0.9495, wall dice: 0.8669, distal recall: 0.8963
epoch: 117, iter: 2290/3251, distal-aware loss: 0.2680, lumen dice: 0.9495, wall dice: 0.8668, distal recall: 0.8962
epoch: 117, iter: 2300/3251, distal-aware loss: 0.2680, lumen dice: 0.9494, wall dice: 0.8668, distal recall: 0.8962
epoch: 117, iter: 2310/3251, distal-aware loss: 0.2680, lumen dice: 0.9495, wall dice: 0.8668, distal recall: 0.8961
epoch: 117, iter: 2320/3251, distal-aware loss: 0.2678, lumen dice: 0.9495, wall dice: 0.8669, distal recall: 0.8962
epoch: 117, iter: 2330/3251, distal-aware loss: 0.2678, lumen dice: 0.9495, wall dice: 0.8669, distal recall: 0.8963
epoch: 117, iter: 2340/3251, distal-aware loss: 0.2677, lumen dice: 0.9496, wall dice: 0.8670, distal recall: 0.8963
epoch: 117, iter: 2350/3251, distal-aware loss: 0.2677, lumen dice: 0.9496, wall dice: 0.8669, distal recall: 0.8963
epoch: 117, iter: 2360/3251, distal-aware loss: 0.2679, lumen dice: 0.9496, wall dice: 0.8669, distal recall: 0.8962
epoch: 117, iter: 2370/3251, distal-aware loss: 0.2679, lumen dice: 0.9495, wall dice: 0.8669, distal recall: 0.8962
epoch: 117, iter: 2380/3251, distal-aware loss: 0.2678, lumen dice: 0.9496, wall dice: 0.8669, distal recall: 0.8962
epoch: 117, iter: 2390/3251, distal-aware loss: 0.2677, lumen dice: 0.9496, wall dice: 0.8670, distal recall: 0.8962
epoch: 117, iter: 2400/3251, distal-aware loss: 0.2677, lumen dice: 0.9497, wall dice: 0.8671, distal recall: 0.8963
epoch: 117, iter: 2410/3251, distal-aware loss: 0.2676, lumen dice: 0.9497, wall dice: 0.8671, distal recall: 0.8962
epoch: 117, iter: 2420/3251, distal-aware loss: 0.2677, lumen dice: 0.9497, wall dice: 0.8671, distal recall: 0.8962
epoch: 117, iter: 2430/3251, distal-aware loss: 0.2677, lumen dice: 0.9496, wall dice: 0.8671, distal recall: 0.8962
epoch: 117, iter: 2440/3251, distal-aware loss: 0.2677, lumen dice: 0.9497, wall dice: 0.8670, distal recall: 0.8961
epoch: 117, iter: 2450/3251, distal-aware loss: 0.2677, lumen dice: 0.9497, wall dice: 0.8671, distal recall: 0.8962
epoch: 117, iter: 2460/3251, distal-aware loss: 0.2677, lumen dice: 0.9497, wall dice: 0.8670, distal recall: 0.8961
epoch: 117, iter: 2470/3251, distal-aware loss: 0.2676, lumen dice: 0.9497, wall dice: 0.8671, distal recall: 0.8962
epoch: 117, iter: 2480/3251, distal-aware loss: 0.2675, lumen dice: 0.9497, wall dice: 0.8671, distal recall: 0.8963
epoch: 117, iter: 2490/3251, distal-aware loss: 0.2675, lumen dice: 0.9497, wall dice: 0.8671, distal recall: 0.8962
epoch: 117, iter: 2500/3251, distal-aware loss: 0.2675, lumen dice: 0.9497, wall dice: 0.8671, distal recall: 0.8962
epoch: 117, iter: 2510/3251, distal-aware loss: 0.2674, lumen dice: 0.9498, wall dice: 0.8672, distal recall: 0.8962
epoch: 117, iter: 2520/3251, distal-aware loss: 0.2674, lumen dice: 0.9498, wall dice: 0.8671, distal recall: 0.8961
epoch: 117, iter: 2530/3251, distal-aware loss: 0.2673, lumen dice: 0.9498, wall dice: 0.8671, distal recall: 0.8962
epoch: 117, iter: 2540/3251, distal-aware loss: 0.2672, lumen dice: 0.9498, wall dice: 0.8671, distal recall: 0.8962
epoch: 117, iter: 2550/3251, distal-aware loss: 0.2673, lumen dice: 0.9498, wall dice: 0.8671, distal recall: 0.8960
epoch: 117, iter: 2560/3251, distal-aware loss: 0.2673, lumen dice: 0.9498, wall dice: 0.8671, distal recall: 0.8960
epoch: 117, iter: 2570/3251, distal-aware loss: 0.2673, lumen dice: 0.9498, wall dice: 0.8671, distal recall: 0.8960
epoch: 117, iter: 2580/3251, distal-aware loss: 0.2673, lumen dice: 0.9498, wall dice: 0.8672, distal recall: 0.8960
epoch: 117, iter: 2590/3251, distal-aware loss: 0.2673, lumen dice: 0.9498, wall dice: 0.8672, distal recall: 0.8960
epoch: 117, iter: 2600/3251, distal-aware loss: 0.2673, lumen dice: 0.9498, wall dice: 0.8672, distal recall: 0.8960
epoch: 117, iter: 2610/3251, distal-aware loss: 0.2674, lumen dice: 0.9498, wall dice: 0.8671, distal recall: 0.8959
epoch: 117, iter: 2620/3251, distal-aware loss: 0.2673, lumen dice: 0.9498, wall dice: 0.8672, distal recall: 0.8959
epoch: 117, iter: 2630/3251, distal-aware loss: 0.2672, lumen dice: 0.9499, wall dice: 0.8672, distal recall: 0.8960
epoch: 117, iter: 2640/3251, distal-aware loss: 0.2672, lumen dice: 0.9499, wall dice: 0.8672, distal recall: 0.8960
epoch: 117, iter: 2650/3251, distal-aware loss: 0.2671, lumen dice: 0.9499, wall dice: 0.8672, distal recall: 0.8961
epoch: 117, iter: 2660/3251, distal-aware loss: 0.2672, lumen dice: 0.9499, wall dice: 0.8671, distal recall: 0.8960
epoch: 117, iter: 2670/3251, distal-aware loss: 0.2671, lumen dice: 0.9499, wall dice: 0.8671, distal recall: 0.8960
epoch: 117, iter: 2680/3251, distal-aware loss: 0.2672, lumen dice: 0.9499, wall dice: 0.8671, distal recall: 0.8961
epoch: 117, iter: 2690/3251, distal-aware loss: 0.2671, lumen dice: 0.9499, wall dice: 0.8671, distal recall: 0.8961
epoch: 117, iter: 2700/3251, distal-aware loss: 0.2670, lumen dice: 0.9500, wall dice: 0.8672, distal recall: 0.8961
epoch: 117, iter: 2710/3251, distal-aware loss: 0.2670, lumen dice: 0.9500, wall dice: 0.8672, distal recall: 0.8962
epoch: 117, iter: 2720/3251, distal-aware loss: 0.2671, lumen dice: 0.9500, wall dice: 0.8672, distal recall: 0.8962
epoch: 117, iter: 2730/3251, distal-aware loss: 0.2671, lumen dice: 0.9499, wall dice: 0.8672, distal recall: 0.8963
epoch: 117, iter: 2740/3251, distal-aware loss: 0.2672, lumen dice: 0.9499, wall dice: 0.8672, distal recall: 0.8962
epoch: 117, iter: 2750/3251, distal-aware loss: 0.2672, lumen dice: 0.9500, wall dice: 0.8672, distal recall: 0.8962
epoch: 117, iter: 2760/3251, distal-aware loss: 0.2672, lumen dice: 0.9499, wall dice: 0.8672, distal recall: 0.8962
epoch: 117, iter: 2770/3251, distal-aware loss: 0.2671, lumen dice: 0.9500, wall dice: 0.8673, distal recall: 0.8962
epoch: 117, iter: 2780/3251, distal-aware loss: 0.2670, lumen dice: 0.9500, wall dice: 0.8673, distal recall: 0.8963
epoch: 117, iter: 2790/3251, distal-aware loss: 0.2670, lumen dice: 0.9500, wall dice: 0.8673, distal recall: 0.8963
epoch: 117, iter: 2800/3251, distal-aware loss: 0.2671, lumen dice: 0.9500, wall dice: 0.8674, distal recall: 0.8963
epoch: 117, iter: 2810/3251, distal-aware loss: 0.2670, lumen dice: 0.9501, wall dice: 0.8674, distal recall: 0.8963
epoch: 117, iter: 2820/3251, distal-aware loss: 0.2670, lumen dice: 0.9501, wall dice: 0.8674, distal recall: 0.8963
epoch: 117, iter: 2830/3251, distal-aware loss: 0.2671, lumen dice: 0.9501, wall dice: 0.8674, distal recall: 0.8964
epoch: 117, iter: 2840/3251, distal-aware loss: 0.2670, lumen dice: 0.9501, wall dice: 0.8674, distal recall: 0.8963
epoch: 117, iter: 2850/3251, distal-aware loss: 0.2670, lumen dice: 0.9500, wall dice: 0.8674, distal recall: 0.8964
epoch: 117, iter: 2860/3251, distal-aware loss: 0.2670, lumen dice: 0.9499, wall dice: 0.8674, distal recall: 0.8964
epoch: 117, iter: 2870/3251, distal-aware loss: 0.2671, lumen dice: 0.9498, wall dice: 0.8673, distal recall: 0.8964
epoch: 117, iter: 2880/3251, distal-aware loss: 0.2670, lumen dice: 0.9498, wall dice: 0.8673, distal recall: 0.8964
epoch: 117, iter: 2890/3251, distal-aware loss: 0.2670, lumen dice: 0.9499, wall dice: 0.8673, distal recall: 0.8964
epoch: 117, iter: 2900/3251, distal-aware loss: 0.2670, lumen dice: 0.9499, wall dice: 0.8673, distal recall: 0.8963
epoch: 117, iter: 2910/3251, distal-aware loss: 0.2669, lumen dice: 0.9499, wall dice: 0.8673, distal recall: 0.8964
epoch: 117, iter: 2920/3251, distal-aware loss: 0.2670, lumen dice: 0.9499, wall dice: 0.8673, distal recall: 0.8964
epoch: 117, iter: 2930/3251, distal-aware loss: 0.2670, lumen dice: 0.9498, wall dice: 0.8673, distal recall: 0.8965
epoch: 117, iter: 2940/3251, distal-aware loss: 0.2670, lumen dice: 0.9498, wall dice: 0.8673, distal recall: 0.8965
epoch: 117, iter: 2950/3251, distal-aware loss: 0.2669, lumen dice: 0.9498, wall dice: 0.8673, distal recall: 0.8965
epoch: 117, iter: 2960/3251, distal-aware loss: 0.2669, lumen dice: 0.9498, wall dice: 0.8673, distal recall: 0.8965
epoch: 117, iter: 2970/3251, distal-aware loss: 0.2671, lumen dice: 0.9498, wall dice: 0.8672, distal recall: 0.8964
epoch: 117, iter: 2980/3251, distal-aware loss: 0.2671, lumen dice: 0.9498, wall dice: 0.8672, distal recall: 0.8964
epoch: 117, iter: 2990/3251, distal-aware loss: 0.2671, lumen dice: 0.9498, wall dice: 0.8673, distal recall: 0.8965
epoch: 117, iter: 3000/3251, distal-aware loss: 0.2671, lumen dice: 0.9498, wall dice: 0.8673, distal recall: 0.8965
epoch: 117, iter: 3010/3251, distal-aware loss: 0.2670, lumen dice: 0.9499, wall dice: 0.8673, distal recall: 0.8965
epoch: 117, iter: 3020/3251, distal-aware loss: 0.2671, lumen dice: 0.9498, wall dice: 0.8673, distal recall: 0.8964
epoch: 117, iter: 3030/3251, distal-aware loss: 0.2671, lumen dice: 0.9498, wall dice: 0.8673, distal recall: 0.8964
epoch: 117, iter: 3040/3251, distal-aware loss: 0.2672, lumen dice: 0.9498, wall dice: 0.8672, distal recall: 0.8964
epoch: 117, iter: 3050/3251, distal-aware loss: 0.2672, lumen dice: 0.9498, wall dice: 0.8672, distal recall: 0.8963
epoch: 117, iter: 3060/3251, distal-aware loss: 0.2672, lumen dice: 0.9498, wall dice: 0.8672, distal recall: 0.8963
epoch: 117, iter: 3070/3251, distal-aware loss: 0.2672, lumen dice: 0.9498, wall dice: 0.8672, distal recall: 0.8963
epoch: 117, iter: 3080/3251, distal-aware loss: 0.2673, lumen dice: 0.9498, wall dice: 0.8672, distal recall: 0.8963
epoch: 117, iter: 3090/3251, distal-aware loss: 0.2672, lumen dice: 0.9498, wall dice: 0.8672, distal recall: 0.8963
epoch: 117, iter: 3100/3251, distal-aware loss: 0.2672, lumen dice: 0.9498, wall dice: 0.8672, distal recall: 0.8963
epoch: 117, iter: 3110/3251, distal-aware loss: 0.2672, lumen dice: 0.9498, wall dice: 0.8672, distal recall: 0.8964
epoch: 117, iter: 3120/3251, distal-aware loss: 0.2673, lumen dice: 0.9497, wall dice: 0.8672, distal recall: 0.8963
epoch: 117, iter: 3130/3251, distal-aware loss: 0.2673, lumen dice: 0.9498, wall dice: 0.8672, distal recall: 0.8963
epoch: 117, iter: 3140/3251, distal-aware loss: 0.2674, lumen dice: 0.9497, wall dice: 0.8671, distal recall: 0.8961
epoch: 117, iter: 3150/3251, distal-aware loss: 0.2676, lumen dice: 0.9497, wall dice: 0.8670, distal recall: 0.8961
epoch: 117, iter: 3160/3251, distal-aware loss: 0.2677, lumen dice: 0.9496, wall dice: 0.8670, distal recall: 0.8960
epoch: 117, iter: 3170/3251, distal-aware loss: 0.2676, lumen dice: 0.9496, wall dice: 0.8670, distal recall: 0.8961
epoch: 117, iter: 3180/3251, distal-aware loss: 0.2677, lumen dice: 0.9496, wall dice: 0.8670, distal recall: 0.8961
epoch: 117, iter: 3190/3251, distal-aware loss: 0.2679, lumen dice: 0.9495, wall dice: 0.8668, distal recall: 0.8961
epoch: 117, iter: 3200/3251, distal-aware loss: 0.2678, lumen dice: 0.9496, wall dice: 0.8667, distal recall: 0.8961
epoch: 117, iter: 3210/3251, distal-aware loss: 0.2677, lumen dice: 0.9496, wall dice: 0.8667, distal recall: 0.8961
epoch: 117, iter: 3220/3251, distal-aware loss: 0.2678, lumen dice: 0.9495, wall dice: 0.8667, distal recall: 0.8961
epoch: 117, iter: 3230/3251, distal-aware loss: 0.2678, lumen dice: 0.9495, wall dice: 0.8667, distal recall: 0.8961
epoch: 117, iter: 3240/3251, distal-aware loss: 0.2678, lumen dice: 0.9495, wall dice: 0.8667, distal recall: 0.8961
epoch: 117, iter: 3250/3251, distal-aware loss: 0.2679, lumen dice: 0.9495, wall dice: 0.8667, distal recall: 0.8960
epoch: 117, val distal-aware loss: 0.2897, val lumen dice: 0.9501, val wall dice: 0.8822, val distal recall: 0.9100
starting epoch: 118
epoch: 118, iter: 0/3251, distal-aware loss: 0.2625, lumen dice: 0.9523, wall dice: 0.8885, distal recall: 0.8915
epoch: 118, iter: 10/3251, distal-aware loss: 0.2820, lumen dice: 0.9465, wall dice: 0.8672, distal recall: 0.8893
epoch: 118, iter: 20/3251, distal-aware loss: 0.2595, lumen dice: 0.9540, wall dice: 0.8763, distal recall: 0.8987
epoch: 118, iter: 30/3251, distal-aware loss: 0.2632, lumen dice: 0.9529, wall dice: 0.8750, distal recall: 0.9010
epoch: 118, iter: 40/3251, distal-aware loss: 0.2629, lumen dice: 0.9543, wall dice: 0.8702, distal recall: 0.9005
epoch: 118, iter: 50/3251, distal-aware loss: 0.2784, lumen dice: 0.9404, wall dice: 0.8582, distal recall: 0.8951
epoch: 118, iter: 60/3251, distal-aware loss: 0.2899, lumen dice: 0.9387, wall dice: 0.8483, distal recall: 0.8884
epoch: 118, iter: 70/3251, distal-aware loss: 0.2873, lumen dice: 0.9397, wall dice: 0.8486, distal recall: 0.8899
epoch: 118, iter: 80/3251, distal-aware loss: 0.2853, lumen dice: 0.9408, wall dice: 0.8514, distal recall: 0.8884
epoch: 118, iter: 90/3251, distal-aware loss: 0.2853, lumen dice: 0.9403, wall dice: 0.8523, distal recall: 0.8881
epoch: 118, iter: 100/3251, distal-aware loss: 0.2866, lumen dice: 0.9406, wall dice: 0.8516, distal recall: 0.8868
epoch: 118, iter: 110/3251, distal-aware loss: 0.2837, lumen dice: 0.9421, wall dice: 0.8529, distal recall: 0.8871
epoch: 118, iter: 120/3251, distal-aware loss: 0.2819, lumen dice: 0.9431, wall dice: 0.8546, distal recall: 0.8864
epoch: 118, iter: 130/3251, distal-aware loss: 0.2797, lumen dice: 0.9433, wall dice: 0.8564, distal recall: 0.8887
epoch: 118, iter: 140/3251, distal-aware loss: 0.2805, lumen dice: 0.9435, wall dice: 0.8561, distal recall: 0.8882
epoch: 118, iter: 150/3251, distal-aware loss: 0.2778, lumen dice: 0.9447, wall dice: 0.8578, distal recall: 0.8886
epoch: 118, iter: 160/3251, distal-aware loss: 0.2769, lumen dice: 0.9446, wall dice: 0.8589, distal recall: 0.8900
epoch: 118, iter: 170/3251, distal-aware loss: 0.2769, lumen dice: 0.9443, wall dice: 0.8588, distal recall: 0.8910
epoch: 118, iter: 180/3251, distal-aware loss: 0.2753, lumen dice: 0.9454, wall dice: 0.8601, distal recall: 0.8918
epoch: 118, iter: 190/3251, distal-aware loss: 0.2746, lumen dice: 0.9460, wall dice: 0.8604, distal recall: 0.8922
epoch: 118, iter: 200/3251, distal-aware loss: 0.2735, lumen dice: 0.9466, wall dice: 0.8611, distal recall: 0.8926
epoch: 118, iter: 210/3251, distal-aware loss: 0.2751, lumen dice: 0.9466, wall dice: 0.8600, distal recall: 0.8919
epoch: 118, iter: 220/3251, distal-aware loss: 0.2743, lumen dice: 0.9472, wall dice: 0.8605, distal recall: 0.8915
epoch: 118, iter: 230/3251, distal-aware loss: 0.2730, lumen dice: 0.9473, wall dice: 0.8614, distal recall: 0.8921
epoch: 118, iter: 240/3251, distal-aware loss: 0.2725, lumen dice: 0.9476, wall dice: 0.8620, distal recall: 0.8921
epoch: 118, iter: 250/3251, distal-aware loss: 0.2724, lumen dice: 0.9478, wall dice: 0.8624, distal recall: 0.8923
epoch: 118, iter: 260/3251, distal-aware loss: 0.2727, lumen dice: 0.9467, wall dice: 0.8628, distal recall: 0.8924
epoch: 118, iter: 270/3251, distal-aware loss: 0.2723, lumen dice: 0.9471, wall dice: 0.8624, distal recall: 0.8920
epoch: 118, iter: 280/3251, distal-aware loss: 0.2719, lumen dice: 0.9475, wall dice: 0.8627, distal recall: 0.8926
epoch: 118, iter: 290/3251, distal-aware loss: 0.2721, lumen dice: 0.9476, wall dice: 0.8617, distal recall: 0.8928
epoch: 118, iter: 300/3251, distal-aware loss: 0.2730, lumen dice: 0.9474, wall dice: 0.8609, distal recall: 0.8925
epoch: 118, iter: 310/3251, distal-aware loss: 0.2728, lumen dice: 0.9471, wall dice: 0.8614, distal recall: 0.8927
epoch: 118, iter: 320/3251, distal-aware loss: 0.2731, lumen dice: 0.9472, wall dice: 0.8609, distal recall: 0.8929
epoch: 118, iter: 330/3251, distal-aware loss: 0.2726, lumen dice: 0.9473, wall dice: 0.8613, distal recall: 0.8930
epoch: 118, iter: 340/3251, distal-aware loss: 0.2720, lumen dice: 0.9475, wall dice: 0.8616, distal recall: 0.8934
epoch: 118, iter: 350/3251, distal-aware loss: 0.2713, lumen dice: 0.9478, wall dice: 0.8622, distal recall: 0.8931
epoch: 118, iter: 360/3251, distal-aware loss: 0.2711, lumen dice: 0.9479, wall dice: 0.8624, distal recall: 0.8932
epoch: 118, iter: 370/3251, distal-aware loss: 0.2712, lumen dice: 0.9480, wall dice: 0.8625, distal recall: 0.8934
epoch: 118, iter: 380/3251, distal-aware loss: 0.2708, lumen dice: 0.9483, wall dice: 0.8626, distal recall: 0.8932
epoch: 118, iter: 390/3251, distal-aware loss: 0.2705, lumen dice: 0.9484, wall dice: 0.8628, distal recall: 0.8933
epoch: 118, iter: 400/3251, distal-aware loss: 0.2706, lumen dice: 0.9480, wall dice: 0.8629, distal recall: 0.8935
epoch: 118, iter: 410/3251, distal-aware loss: 0.2704, lumen dice: 0.9482, wall dice: 0.8628, distal recall: 0.8938
epoch: 118, iter: 420/3251, distal-aware loss: 0.2698, lumen dice: 0.9482, wall dice: 0.8632, distal recall: 0.8940
epoch: 118, iter: 430/3251, distal-aware loss: 0.2702, lumen dice: 0.9482, wall dice: 0.8630, distal recall: 0.8937
epoch: 118, iter: 440/3251, distal-aware loss: 0.2700, lumen dice: 0.9484, wall dice: 0.8630, distal recall: 0.8939
epoch: 118, iter: 450/3251, distal-aware loss: 0.2701, lumen dice: 0.9484, wall dice: 0.8630, distal recall: 0.8941
epoch: 118, iter: 460/3251, distal-aware loss: 0.2700, lumen dice: 0.9485, wall dice: 0.8632, distal recall: 0.8942
epoch: 118, iter: 470/3251, distal-aware loss: 0.2696, lumen dice: 0.9487, wall dice: 0.8635, distal recall: 0.8945
epoch: 118, iter: 480/3251, distal-aware loss: 0.2696, lumen dice: 0.9486, wall dice: 0.8638, distal recall: 0.8946
epoch: 118, iter: 490/3251, distal-aware loss: 0.2694, lumen dice: 0.9485, wall dice: 0.8640, distal recall: 0.8950
epoch: 118, iter: 500/3251, distal-aware loss: 0.2689, lumen dice: 0.9486, wall dice: 0.8644, distal recall: 0.8953
epoch: 118, iter: 510/3251, distal-aware loss: 0.2692, lumen dice: 0.9485, wall dice: 0.8645, distal recall: 0.8949
epoch: 118, iter: 520/3251, distal-aware loss: 0.2689, lumen dice: 0.9483, wall dice: 0.8640, distal recall: 0.8953
epoch: 118, iter: 530/3251, distal-aware loss: 0.2687, lumen dice: 0.9483, wall dice: 0.8640, distal recall: 0.8954
epoch: 118, iter: 540/3251, distal-aware loss: 0.2684, lumen dice: 0.9485, wall dice: 0.8643, distal recall: 0.8954
epoch: 118, iter: 550/3251, distal-aware loss: 0.2682, lumen dice: 0.9486, wall dice: 0.8642, distal recall: 0.8956
epoch: 118, iter: 560/3251, distal-aware loss: 0.2685, lumen dice: 0.9487, wall dice: 0.8642, distal recall: 0.8951
epoch: 118, iter: 570/3251, distal-aware loss: 0.2681, lumen dice: 0.9487, wall dice: 0.8644, distal recall: 0.8952
epoch: 118, iter: 580/3251, distal-aware loss: 0.2677, lumen dice: 0.9489, wall dice: 0.8645, distal recall: 0.8955
epoch: 118, iter: 590/3251, distal-aware loss: 0.2680, lumen dice: 0.9491, wall dice: 0.8647, distal recall: 0.8947
epoch: 118, iter: 600/3251, distal-aware loss: 0.2678, lumen dice: 0.9493, wall dice: 0.8647, distal recall: 0.8950
epoch: 118, iter: 610/3251, distal-aware loss: 0.2679, lumen dice: 0.9494, wall dice: 0.8647, distal recall: 0.8950
epoch: 118, iter: 620/3251, distal-aware loss: 0.2677, lumen dice: 0.9493, wall dice: 0.8648, distal recall: 0.8953
epoch: 118, iter: 630/3251, distal-aware loss: 0.2679, lumen dice: 0.9491, wall dice: 0.8646, distal recall: 0.8954
epoch: 118, iter: 640/3251, distal-aware loss: 0.2679, lumen dice: 0.9489, wall dice: 0.8648, distal recall: 0.8957
epoch: 118, iter: 650/3251, distal-aware loss: 0.2676, lumen dice: 0.9491, wall dice: 0.8650, distal recall: 0.8959
epoch: 118, iter: 660/3251, distal-aware loss: 0.2672, lumen dice: 0.9492, wall dice: 0.8652, distal recall: 0.8961
epoch: 118, iter: 670/3251, distal-aware loss: 0.2675, lumen dice: 0.9492, wall dice: 0.8650, distal recall: 0.8958
epoch: 118, iter: 680/3251, distal-aware loss: 0.2677, lumen dice: 0.9488, wall dice: 0.8649, distal recall: 0.8953
epoch: 118, iter: 690/3251, distal-aware loss: 0.2679, lumen dice: 0.9487, wall dice: 0.8650, distal recall: 0.8957
epoch: 118, iter: 700/3251, distal-aware loss: 0.2681, lumen dice: 0.9487, wall dice: 0.8649, distal recall: 0.8954
epoch: 118, iter: 710/3251, distal-aware loss: 0.2677, lumen dice: 0.9488, wall dice: 0.8649, distal recall: 0.8957
epoch: 118, iter: 720/3251, distal-aware loss: 0.2676, lumen dice: 0.9487, wall dice: 0.8650, distal recall: 0.8959
epoch: 118, iter: 730/3251, distal-aware loss: 0.2678, lumen dice: 0.9487, wall dice: 0.8648, distal recall: 0.8958
epoch: 118, iter: 740/3251, distal-aware loss: 0.2679, lumen dice: 0.9486, wall dice: 0.8649, distal recall: 0.8956
epoch: 118, iter: 750/3251, distal-aware loss: 0.2674, lumen dice: 0.9488, wall dice: 0.8651, distal recall: 0.8956
epoch: 118, iter: 760/3251, distal-aware loss: 0.2672, lumen dice: 0.9488, wall dice: 0.8652, distal recall: 0.8957
epoch: 118, iter: 770/3251, distal-aware loss: 0.2670, lumen dice: 0.9489, wall dice: 0.8653, distal recall: 0.8960
epoch: 118, iter: 780/3251, distal-aware loss: 0.2666, lumen dice: 0.9491, wall dice: 0.8656, distal recall: 0.8960
epoch: 118, iter: 790/3251, distal-aware loss: 0.2666, lumen dice: 0.9491, wall dice: 0.8656, distal recall: 0.8961
epoch: 118, iter: 800/3251, distal-aware loss: 0.2666, lumen dice: 0.9491, wall dice: 0.8657, distal recall: 0.8961
epoch: 118, iter: 810/3251, distal-aware loss: 0.2664, lumen dice: 0.9492, wall dice: 0.8657, distal recall: 0.8962
epoch: 118, iter: 820/3251, distal-aware loss: 0.2666, lumen dice: 0.9491, wall dice: 0.8655, distal recall: 0.8960
epoch: 118, iter: 830/3251, distal-aware loss: 0.2667, lumen dice: 0.9490, wall dice: 0.8655, distal recall: 0.8962
epoch: 118, iter: 840/3251, distal-aware loss: 0.2666, lumen dice: 0.9491, wall dice: 0.8652, distal recall: 0.8961
epoch: 118, iter: 850/3251, distal-aware loss: 0.2667, lumen dice: 0.9491, wall dice: 0.8652, distal recall: 0.8963
epoch: 118, iter: 860/3251, distal-aware loss: 0.2667, lumen dice: 0.9491, wall dice: 0.8652, distal recall: 0.8962
epoch: 118, iter: 870/3251, distal-aware loss: 0.2664, lumen dice: 0.9492, wall dice: 0.8653, distal recall: 0.8962
epoch: 118, iter: 880/3251, distal-aware loss: 0.2664, lumen dice: 0.9492, wall dice: 0.8654, distal recall: 0.8964
epoch: 118, iter: 890/3251, distal-aware loss: 0.2661, lumen dice: 0.9493, wall dice: 0.8657, distal recall: 0.8965
epoch: 118, iter: 900/3251, distal-aware loss: 0.2661, lumen dice: 0.9493, wall dice: 0.8656, distal recall: 0.8965
epoch: 118, iter: 910/3251, distal-aware loss: 0.2661, lumen dice: 0.9494, wall dice: 0.8656, distal recall: 0.8963
epoch: 118, iter: 920/3251, distal-aware loss: 0.2667, lumen dice: 0.9492, wall dice: 0.8653, distal recall: 0.8962
epoch: 118, iter: 930/3251, distal-aware loss: 0.2669, lumen dice: 0.9492, wall dice: 0.8652, distal recall: 0.8957
epoch: 118, iter: 940/3251, distal-aware loss: 0.2669, lumen dice: 0.9491, wall dice: 0.8652, distal recall: 0.8959
epoch: 118, iter: 950/3251, distal-aware loss: 0.2669, lumen dice: 0.9491, wall dice: 0.8653, distal recall: 0.8957
epoch: 118, iter: 960/3251, distal-aware loss: 0.2671, lumen dice: 0.9491, wall dice: 0.8650, distal recall: 0.8956
epoch: 118, iter: 970/3251, distal-aware loss: 0.2668, lumen dice: 0.9492, wall dice: 0.8653, distal recall: 0.8960
epoch: 118, iter: 980/3251, distal-aware loss: 0.2667, lumen dice: 0.9492, wall dice: 0.8653, distal recall: 0.8961
epoch: 118, iter: 990/3251, distal-aware loss: 0.2668, lumen dice: 0.9492, wall dice: 0.8653, distal recall: 0.8960
epoch: 118, iter: 1000/3251, distal-aware loss: 0.2669, lumen dice: 0.9493, wall dice: 0.8653, distal recall: 0.8960
epoch: 118, iter: 1010/3251, distal-aware loss: 0.2667, lumen dice: 0.9493, wall dice: 0.8653, distal recall: 0.8961
epoch: 118, iter: 1020/3251, distal-aware loss: 0.2666, lumen dice: 0.9493, wall dice: 0.8655, distal recall: 0.8962
epoch: 118, iter: 1030/3251, distal-aware loss: 0.2668, lumen dice: 0.9490, wall dice: 0.8653, distal recall: 0.8961
epoch: 118, iter: 1040/3251, distal-aware loss: 0.2672, lumen dice: 0.9488, wall dice: 0.8652, distal recall: 0.8960
epoch: 118, iter: 1050/3251, distal-aware loss: 0.2677, lumen dice: 0.9486, wall dice: 0.8649, distal recall: 0.8956
epoch: 118, iter: 1060/3251, distal-aware loss: 0.2680, lumen dice: 0.9484, wall dice: 0.8647, distal recall: 0.8957
epoch: 118, iter: 1070/3251, distal-aware loss: 0.2682, lumen dice: 0.9484, wall dice: 0.8646, distal recall: 0.8956
epoch: 118, iter: 1080/3251, distal-aware loss: 0.2682, lumen dice: 0.9485, wall dice: 0.8644, distal recall: 0.8956
epoch: 118, iter: 1090/3251, distal-aware loss: 0.2684, lumen dice: 0.9484, wall dice: 0.8642, distal recall: 0.8957
epoch: 118, iter: 1100/3251, distal-aware loss: 0.2683, lumen dice: 0.9486, wall dice: 0.8644, distal recall: 0.8956
epoch: 118, iter: 1110/3251, distal-aware loss: 0.2683, lumen dice: 0.9485, wall dice: 0.8645, distal recall: 0.8957
epoch: 118, iter: 1120/3251, distal-aware loss: 0.2680, lumen dice: 0.9487, wall dice: 0.8646, distal recall: 0.8958
epoch: 118, iter: 1130/3251, distal-aware loss: 0.2682, lumen dice: 0.9487, wall dice: 0.8646, distal recall: 0.8956
epoch: 118, iter: 1140/3251, distal-aware loss: 0.2682, lumen dice: 0.9486, wall dice: 0.8645, distal recall: 0.8957
epoch: 118, iter: 1150/3251, distal-aware loss: 0.2683, lumen dice: 0.9485, wall dice: 0.8645, distal recall: 0.8957
epoch: 118, iter: 1160/3251, distal-aware loss: 0.2683, lumen dice: 0.9486, wall dice: 0.8644, distal recall: 0.8956
epoch: 118, iter: 1170/3251, distal-aware loss: 0.2684, lumen dice: 0.9486, wall dice: 0.8644, distal recall: 0.8956
epoch: 118, iter: 1180/3251, distal-aware loss: 0.2688, lumen dice: 0.9484, wall dice: 0.8641, distal recall: 0.8955
epoch: 118, iter: 1190/3251, distal-aware loss: 0.2687, lumen dice: 0.9485, wall dice: 0.8642, distal recall: 0.8954
epoch: 118, iter: 1200/3251, distal-aware loss: 0.2686, lumen dice: 0.9486, wall dice: 0.8643, distal recall: 0.8954
epoch: 118, iter: 1210/3251, distal-aware loss: 0.2689, lumen dice: 0.9485, wall dice: 0.8642, distal recall: 0.8953
epoch: 118, iter: 1220/3251, distal-aware loss: 0.2687, lumen dice: 0.9485, wall dice: 0.8643, distal recall: 0.8955
epoch: 118, iter: 1230/3251, distal-aware loss: 0.2687, lumen dice: 0.9486, wall dice: 0.8644, distal recall: 0.8954
epoch: 118, iter: 1240/3251, distal-aware loss: 0.2687, lumen dice: 0.9486, wall dice: 0.8644, distal recall: 0.8954
epoch: 118, iter: 1250/3251, distal-aware loss: 0.2689, lumen dice: 0.9486, wall dice: 0.8644, distal recall: 0.8953
epoch: 118, iter: 1260/3251, distal-aware loss: 0.2690, lumen dice: 0.9486, wall dice: 0.8643, distal recall: 0.8953
epoch: 118, iter: 1270/3251, distal-aware loss: 0.2689, lumen dice: 0.9482, wall dice: 0.8645, distal recall: 0.8952
epoch: 118, iter: 1280/3251, distal-aware loss: 0.2688, lumen dice: 0.9482, wall dice: 0.8646, distal recall: 0.8952
epoch: 118, iter: 1290/3251, distal-aware loss: 0.2690, lumen dice: 0.9482, wall dice: 0.8644, distal recall: 0.8951
epoch: 118, iter: 1300/3251, distal-aware loss: 0.2689, lumen dice: 0.9482, wall dice: 0.8644, distal recall: 0.8953
epoch: 118, iter: 1310/3251, distal-aware loss: 0.2688, lumen dice: 0.9483, wall dice: 0.8645, distal recall: 0.8952
epoch: 118, iter: 1320/3251, distal-aware loss: 0.2688, lumen dice: 0.9483, wall dice: 0.8645, distal recall: 0.8952
epoch: 118, iter: 1330/3251, distal-aware loss: 0.2689, lumen dice: 0.9483, wall dice: 0.8645, distal recall: 0.8951
epoch: 118, iter: 1340/3251, distal-aware loss: 0.2692, lumen dice: 0.9482, wall dice: 0.8643, distal recall: 0.8950
epoch: 118, iter: 1350/3251, distal-aware loss: 0.2690, lumen dice: 0.9483, wall dice: 0.8645, distal recall: 0.8952
epoch: 118, iter: 1360/3251, distal-aware loss: 0.2689, lumen dice: 0.9484, wall dice: 0.8645, distal recall: 0.8952
epoch: 118, iter: 1370/3251, distal-aware loss: 0.2688, lumen dice: 0.9484, wall dice: 0.8647, distal recall: 0.8952
epoch: 118, iter: 1380/3251, distal-aware loss: 0.2690, lumen dice: 0.9484, wall dice: 0.8645, distal recall: 0.8952
epoch: 118, iter: 1390/3251, distal-aware loss: 0.2688, lumen dice: 0.9485, wall dice: 0.8646, distal recall: 0.8951
epoch: 118, iter: 1400/3251, distal-aware loss: 0.2687, lumen dice: 0.9485, wall dice: 0.8647, distal recall: 0.8952
epoch: 118, iter: 1410/3251, distal-aware loss: 0.2686, lumen dice: 0.9486, wall dice: 0.8648, distal recall: 0.8953
epoch: 118, iter: 1420/3251, distal-aware loss: 0.2687, lumen dice: 0.9486, wall dice: 0.8648, distal recall: 0.8951
epoch: 118, iter: 1430/3251, distal-aware loss: 0.2687, lumen dice: 0.9486, wall dice: 0.8647, distal recall: 0.8952
epoch: 118, iter: 1440/3251, distal-aware loss: 0.2684, lumen dice: 0.9486, wall dice: 0.8648, distal recall: 0.8952
epoch: 118, iter: 1450/3251, distal-aware loss: 0.2682, lumen dice: 0.9487, wall dice: 0.8649, distal recall: 0.8953
epoch: 118, iter: 1460/3251, distal-aware loss: 0.2682, lumen dice: 0.9488, wall dice: 0.8650, distal recall: 0.8953
epoch: 118, iter: 1470/3251, distal-aware loss: 0.2683, lumen dice: 0.9488, wall dice: 0.8650, distal recall: 0.8952
epoch: 118, iter: 1480/3251, distal-aware loss: 0.2682, lumen dice: 0.9489, wall dice: 0.8651, distal recall: 0.8953
epoch: 118, iter: 1490/3251, distal-aware loss: 0.2689, lumen dice: 0.9484, wall dice: 0.8647, distal recall: 0.8950
epoch: 118, iter: 1500/3251, distal-aware loss: 0.2693, lumen dice: 0.9480, wall dice: 0.8641, distal recall: 0.8947
epoch: 118, iter: 1510/3251, distal-aware loss: 0.2699, lumen dice: 0.9474, wall dice: 0.8638, distal recall: 0.8944
epoch: 118, iter: 1520/3251, distal-aware loss: 0.2703, lumen dice: 0.9474, wall dice: 0.8636, distal recall: 0.8941
epoch: 118, iter: 1530/3251, distal-aware loss: 0.2703, lumen dice: 0.9473, wall dice: 0.8636, distal recall: 0.8940
epoch: 118, iter: 1540/3251, distal-aware loss: 0.2705, lumen dice: 0.9472, wall dice: 0.8635, distal recall: 0.8940
epoch: 118, iter: 1550/3251, distal-aware loss: 0.2705, lumen dice: 0.9473, wall dice: 0.8635, distal recall: 0.8940
epoch: 118, iter: 1560/3251, distal-aware loss: 0.2707, lumen dice: 0.9473, wall dice: 0.8634, distal recall: 0.8937
epoch: 118, iter: 1570/3251, distal-aware loss: 0.2707, lumen dice: 0.9473, wall dice: 0.8634, distal recall: 0.8937
epoch: 118, iter: 1580/3251, distal-aware loss: 0.2706, lumen dice: 0.9472, wall dice: 0.8634, distal recall: 0.8938
epoch: 118, iter: 1590/3251, distal-aware loss: 0.2707, lumen dice: 0.9472, wall dice: 0.8635, distal recall: 0.8938
epoch: 118, iter: 1600/3251, distal-aware loss: 0.2707, lumen dice: 0.9473, wall dice: 0.8635, distal recall: 0.8938
epoch: 118, iter: 1610/3251, distal-aware loss: 0.2712, lumen dice: 0.9470, wall dice: 0.8629, distal recall: 0.8935
epoch: 118, iter: 1620/3251, distal-aware loss: 0.2713, lumen dice: 0.9468, wall dice: 0.8629, distal recall: 0.8936
epoch: 118, iter: 1630/3251, distal-aware loss: 0.2714, lumen dice: 0.9468, wall dice: 0.8629, distal recall: 0.8935
epoch: 118, iter: 1640/3251, distal-aware loss: 0.2713, lumen dice: 0.9469, wall dice: 0.8629, distal recall: 0.8935
epoch: 118, iter: 1650/3251, distal-aware loss: 0.2712, lumen dice: 0.9470, wall dice: 0.8630, distal recall: 0.8935
epoch: 118, iter: 1660/3251, distal-aware loss: 0.2713, lumen dice: 0.9470, wall dice: 0.8630, distal recall: 0.8935
epoch: 118, iter: 1670/3251, distal-aware loss: 0.2713, lumen dice: 0.9471, wall dice: 0.8629, distal recall: 0.8936
epoch: 118, iter: 1680/3251, distal-aware loss: 0.2713, lumen dice: 0.9471, wall dice: 0.8630, distal recall: 0.8935
epoch: 118, iter: 1690/3251, distal-aware loss: 0.2712, lumen dice: 0.9472, wall dice: 0.8631, distal recall: 0.8935
epoch: 118, iter: 1700/3251, distal-aware loss: 0.2712, lumen dice: 0.9471, wall dice: 0.8631, distal recall: 0.8935
epoch: 118, iter: 1710/3251, distal-aware loss: 0.2711, lumen dice: 0.9472, wall dice: 0.8632, distal recall: 0.8935
epoch: 118, iter: 1720/3251, distal-aware loss: 0.2712, lumen dice: 0.9471, wall dice: 0.8631, distal recall: 0.8935
epoch: 118, iter: 1730/3251, distal-aware loss: 0.2713, lumen dice: 0.9471, wall dice: 0.8629, distal recall: 0.8936
epoch: 118, iter: 1740/3251, distal-aware loss: 0.2712, lumen dice: 0.9472, wall dice: 0.8630, distal recall: 0.8936
epoch: 118, iter: 1750/3251, distal-aware loss: 0.2712, lumen dice: 0.9472, wall dice: 0.8631, distal recall: 0.8936
epoch: 118, iter: 1760/3251, distal-aware loss: 0.2712, lumen dice: 0.9472, wall dice: 0.8631, distal recall: 0.8936
epoch: 118, iter: 1770/3251, distal-aware loss: 0.2714, lumen dice: 0.9472, wall dice: 0.8627, distal recall: 0.8936
epoch: 118, iter: 1780/3251, distal-aware loss: 0.2714, lumen dice: 0.9471, wall dice: 0.8627, distal recall: 0.8936
epoch: 118, iter: 1790/3251, distal-aware loss: 0.2713, lumen dice: 0.9472, wall dice: 0.8628, distal recall: 0.8937
epoch: 118, iter: 1800/3251, distal-aware loss: 0.2713, lumen dice: 0.9472, wall dice: 0.8629, distal recall: 0.8937
epoch: 118, iter: 1810/3251, distal-aware loss: 0.2713, lumen dice: 0.9472, wall dice: 0.8629, distal recall: 0.8937
epoch: 118, iter: 1820/3251, distal-aware loss: 0.2712, lumen dice: 0.9472, wall dice: 0.8630, distal recall: 0.8938
epoch: 118, iter: 1830/3251, distal-aware loss: 0.2712, lumen dice: 0.9473, wall dice: 0.8629, distal recall: 0.8938
epoch: 118, iter: 1840/3251, distal-aware loss: 0.2712, lumen dice: 0.9473, wall dice: 0.8629, distal recall: 0.8937
epoch: 118, iter: 1850/3251, distal-aware loss: 0.2711, lumen dice: 0.9473, wall dice: 0.8630, distal recall: 0.8937
epoch: 118, iter: 1860/3251, distal-aware loss: 0.2711, lumen dice: 0.9473, wall dice: 0.8630, distal recall: 0.8938
epoch: 118, iter: 1870/3251, distal-aware loss: 0.2712, lumen dice: 0.9473, wall dice: 0.8631, distal recall: 0.8937
epoch: 118, iter: 1880/3251, distal-aware loss: 0.2712, lumen dice: 0.9472, wall dice: 0.8630, distal recall: 0.8937
epoch: 118, iter: 1890/3251, distal-aware loss: 0.2711, lumen dice: 0.9473, wall dice: 0.8631, distal recall: 0.8938
epoch: 118, iter: 1900/3251, distal-aware loss: 0.2711, lumen dice: 0.9473, wall dice: 0.8631, distal recall: 0.8938
epoch: 118, iter: 1910/3251, distal-aware loss: 0.2711, lumen dice: 0.9472, wall dice: 0.8631, distal recall: 0.8939
epoch: 118, iter: 1920/3251, distal-aware loss: 0.2711, lumen dice: 0.9473, wall dice: 0.8632, distal recall: 0.8939
epoch: 118, iter: 1930/3251, distal-aware loss: 0.2710, lumen dice: 0.9474, wall dice: 0.8633, distal recall: 0.8940
epoch: 118, iter: 1940/3251, distal-aware loss: 0.2709, lumen dice: 0.9474, wall dice: 0.8634, distal recall: 0.8940
epoch: 118, iter: 1950/3251, distal-aware loss: 0.2710, lumen dice: 0.9473, wall dice: 0.8633, distal recall: 0.8940
epoch: 118, iter: 1960/3251, distal-aware loss: 0.2710, lumen dice: 0.9473, wall dice: 0.8633, distal recall: 0.8939
epoch: 118, iter: 1970/3251, distal-aware loss: 0.2710, lumen dice: 0.9473, wall dice: 0.8633, distal recall: 0.8939
epoch: 118, iter: 1980/3251, distal-aware loss: 0.2709, lumen dice: 0.9474, wall dice: 0.8634, distal recall: 0.8938
epoch: 118, iter: 1990/3251, distal-aware loss: 0.2711, lumen dice: 0.9474, wall dice: 0.8633, distal recall: 0.8938
epoch: 118, iter: 2000/3251, distal-aware loss: 0.2711, lumen dice: 0.9474, wall dice: 0.8633, distal recall: 0.8938
epoch: 118, iter: 2010/3251, distal-aware loss: 0.2711, lumen dice: 0.9474, wall dice: 0.8633, distal recall: 0.8939
epoch: 118, iter: 2020/3251, distal-aware loss: 0.2709, lumen dice: 0.9475, wall dice: 0.8634, distal recall: 0.8938
epoch: 118, iter: 2030/3251, distal-aware loss: 0.2709, lumen dice: 0.9475, wall dice: 0.8635, distal recall: 0.8938
epoch: 118, iter: 2040/3251, distal-aware loss: 0.2709, lumen dice: 0.9475, wall dice: 0.8635, distal recall: 0.8938
epoch: 118, iter: 2050/3251, distal-aware loss: 0.2709, lumen dice: 0.9475, wall dice: 0.8635, distal recall: 0.8938
epoch: 118, iter: 2060/3251, distal-aware loss: 0.2708, lumen dice: 0.9475, wall dice: 0.8635, distal recall: 0.8939
epoch: 118, iter: 2070/3251, distal-aware loss: 0.2707, lumen dice: 0.9476, wall dice: 0.8635, distal recall: 0.8940
epoch: 118, iter: 2080/3251, distal-aware loss: 0.2706, lumen dice: 0.9476, wall dice: 0.8636, distal recall: 0.8940
epoch: 118, iter: 2090/3251, distal-aware loss: 0.2706, lumen dice: 0.9476, wall dice: 0.8636, distal recall: 0.8940
epoch: 118, iter: 2100/3251, distal-aware loss: 0.2706, lumen dice: 0.9477, wall dice: 0.8636, distal recall: 0.8940
epoch: 118, iter: 2110/3251, distal-aware loss: 0.2706, lumen dice: 0.9477, wall dice: 0.8636, distal recall: 0.8940
epoch: 118, iter: 2120/3251, distal-aware loss: 0.2706, lumen dice: 0.9477, wall dice: 0.8637, distal recall: 0.8940
epoch: 118, iter: 2130/3251, distal-aware loss: 0.2705, lumen dice: 0.9477, wall dice: 0.8637, distal recall: 0.8940
epoch: 118, iter: 2140/3251, distal-aware loss: 0.2706, lumen dice: 0.9477, wall dice: 0.8635, distal recall: 0.8939
epoch: 118, iter: 2150/3251, distal-aware loss: 0.2706, lumen dice: 0.9477, wall dice: 0.8635, distal recall: 0.8939
epoch: 118, iter: 2160/3251, distal-aware loss: 0.2705, lumen dice: 0.9477, wall dice: 0.8636, distal recall: 0.8939
epoch: 118, iter: 2170/3251, distal-aware loss: 0.2714, lumen dice: 0.9473, wall dice: 0.8632, distal recall: 0.8936
epoch: 118, iter: 2180/3251, distal-aware loss: 0.2713, lumen dice: 0.9473, wall dice: 0.8632, distal recall: 0.8937
epoch: 118, iter: 2190/3251, distal-aware loss: 0.2714, lumen dice: 0.9473, wall dice: 0.8633, distal recall: 0.8937
epoch: 118, iter: 2200/3251, distal-aware loss: 0.2713, lumen dice: 0.9474, wall dice: 0.8633, distal recall: 0.8938
epoch: 118, iter: 2210/3251, distal-aware loss: 0.2712, lumen dice: 0.9474, wall dice: 0.8634, distal recall: 0.8938
epoch: 118, iter: 2220/3251, distal-aware loss: 0.2712, lumen dice: 0.9474, wall dice: 0.8634, distal recall: 0.8937
epoch: 118, iter: 2230/3251, distal-aware loss: 0.2712, lumen dice: 0.9474, wall dice: 0.8634, distal recall: 0.8937
epoch: 118, iter: 2240/3251, distal-aware loss: 0.2712, lumen dice: 0.9474, wall dice: 0.8634, distal recall: 0.8938
epoch: 118, iter: 2250/3251, distal-aware loss: 0.2712, lumen dice: 0.9475, wall dice: 0.8635, distal recall: 0.8938
epoch: 118, iter: 2260/3251, distal-aware loss: 0.2710, lumen dice: 0.9475, wall dice: 0.8636, distal recall: 0.8939
epoch: 118, iter: 2270/3251, distal-aware loss: 0.2710, lumen dice: 0.9475, wall dice: 0.8636, distal recall: 0.8938
epoch: 118, iter: 2280/3251, distal-aware loss: 0.2710, lumen dice: 0.9475, wall dice: 0.8636, distal recall: 0.8939
epoch: 118, iter: 2290/3251, distal-aware loss: 0.2710, lumen dice: 0.9475, wall dice: 0.8637, distal recall: 0.8939
epoch: 118, iter: 2300/3251, distal-aware loss: 0.2710, lumen dice: 0.9476, wall dice: 0.8637, distal recall: 0.8940
epoch: 118, iter: 2310/3251, distal-aware loss: 0.2708, lumen dice: 0.9476, wall dice: 0.8638, distal recall: 0.8941
epoch: 118, iter: 2320/3251, distal-aware loss: 0.2709, lumen dice: 0.9476, wall dice: 0.8637, distal recall: 0.8940
epoch: 118, iter: 2330/3251, distal-aware loss: 0.2711, lumen dice: 0.9475, wall dice: 0.8636, distal recall: 0.8939
epoch: 118, iter: 2340/3251, distal-aware loss: 0.2713, lumen dice: 0.9475, wall dice: 0.8635, distal recall: 0.8938
epoch: 118, iter: 2350/3251, distal-aware loss: 0.2713, lumen dice: 0.9475, wall dice: 0.8635, distal recall: 0.8938
epoch: 118, iter: 2360/3251, distal-aware loss: 0.2711, lumen dice: 0.9476, wall dice: 0.8636, distal recall: 0.8938
epoch: 118, iter: 2370/3251, distal-aware loss: 0.2711, lumen dice: 0.9476, wall dice: 0.8637, distal recall: 0.8939
epoch: 118, iter: 2380/3251, distal-aware loss: 0.2711, lumen dice: 0.9475, wall dice: 0.8637, distal recall: 0.8938
epoch: 118, iter: 2390/3251, distal-aware loss: 0.2711, lumen dice: 0.9474, wall dice: 0.8637, distal recall: 0.8938
epoch: 118, iter: 2400/3251, distal-aware loss: 0.2711, lumen dice: 0.9475, wall dice: 0.8637, distal recall: 0.8938
epoch: 118, iter: 2410/3251, distal-aware loss: 0.2711, lumen dice: 0.9475, wall dice: 0.8637, distal recall: 0.8939
epoch: 118, iter: 2420/3251, distal-aware loss: 0.2710, lumen dice: 0.9475, wall dice: 0.8638, distal recall: 0.8939
epoch: 118, iter: 2430/3251, distal-aware loss: 0.2710, lumen dice: 0.9476, wall dice: 0.8638, distal recall: 0.8938
epoch: 118, iter: 2440/3251, distal-aware loss: 0.2710, lumen dice: 0.9476, wall dice: 0.8638, distal recall: 0.8938
epoch: 118, iter: 2450/3251, distal-aware loss: 0.2709, lumen dice: 0.9476, wall dice: 0.8638, distal recall: 0.8938
epoch: 118, iter: 2460/3251, distal-aware loss: 0.2709, lumen dice: 0.9475, wall dice: 0.8638, distal recall: 0.8939
epoch: 118, iter: 2470/3251, distal-aware loss: 0.2708, lumen dice: 0.9475, wall dice: 0.8638, distal recall: 0.8940
epoch: 118, iter: 2480/3251, distal-aware loss: 0.2708, lumen dice: 0.9475, wall dice: 0.8639, distal recall: 0.8940
epoch: 118, iter: 2490/3251, distal-aware loss: 0.2709, lumen dice: 0.9473, wall dice: 0.8637, distal recall: 0.8940
epoch: 118, iter: 2500/3251, distal-aware loss: 0.2709, lumen dice: 0.9473, wall dice: 0.8637, distal recall: 0.8940
epoch: 118, iter: 2510/3251, distal-aware loss: 0.2709, lumen dice: 0.9474, wall dice: 0.8637, distal recall: 0.8938
epoch: 118, iter: 2520/3251, distal-aware loss: 0.2708, lumen dice: 0.9474, wall dice: 0.8638, distal recall: 0.8938
epoch: 118, iter: 2530/3251, distal-aware loss: 0.2710, lumen dice: 0.9474, wall dice: 0.8635, distal recall: 0.8937
epoch: 118, iter: 2540/3251, distal-aware loss: 0.2710, lumen dice: 0.9473, wall dice: 0.8635, distal recall: 0.8937
epoch: 118, iter: 2550/3251, distal-aware loss: 0.2711, lumen dice: 0.9474, wall dice: 0.8635, distal recall: 0.8937
epoch: 118, iter: 2560/3251, distal-aware loss: 0.2710, lumen dice: 0.9474, wall dice: 0.8635, distal recall: 0.8936
epoch: 118, iter: 2570/3251, distal-aware loss: 0.2710, lumen dice: 0.9474, wall dice: 0.8635, distal recall: 0.8936
epoch: 118, iter: 2580/3251, distal-aware loss: 0.2710, lumen dice: 0.9474, wall dice: 0.8635, distal recall: 0.8936
epoch: 118, iter: 2590/3251, distal-aware loss: 0.2710, lumen dice: 0.9474, wall dice: 0.8636, distal recall: 0.8936
epoch: 118, iter: 2600/3251, distal-aware loss: 0.2710, lumen dice: 0.9475, wall dice: 0.8636, distal recall: 0.8936
epoch: 118, iter: 2610/3251, distal-aware loss: 0.2711, lumen dice: 0.9475, wall dice: 0.8636, distal recall: 0.8936
epoch: 118, iter: 2620/3251, distal-aware loss: 0.2711, lumen dice: 0.9475, wall dice: 0.8636, distal recall: 0.8936
epoch: 118, iter: 2630/3251, distal-aware loss: 0.2710, lumen dice: 0.9475, wall dice: 0.8637, distal recall: 0.8935
epoch: 118, iter: 2640/3251, distal-aware loss: 0.2710, lumen dice: 0.9475, wall dice: 0.8637, distal recall: 0.8936
epoch: 118, iter: 2650/3251, distal-aware loss: 0.2710, lumen dice: 0.9476, wall dice: 0.8637, distal recall: 0.8936
epoch: 118, iter: 2660/3251, distal-aware loss: 0.2709, lumen dice: 0.9475, wall dice: 0.8637, distal recall: 0.8936
epoch: 118, iter: 2670/3251, distal-aware loss: 0.2710, lumen dice: 0.9475, wall dice: 0.8637, distal recall: 0.8936
epoch: 118, iter: 2680/3251, distal-aware loss: 0.2712, lumen dice: 0.9474, wall dice: 0.8636, distal recall: 0.8935
epoch: 118, iter: 2690/3251, distal-aware loss: 0.2711, lumen dice: 0.9475, wall dice: 0.8637, distal recall: 0.8935
epoch: 118, iter: 2700/3251, distal-aware loss: 0.2710, lumen dice: 0.9475, wall dice: 0.8637, distal recall: 0.8935
epoch: 118, iter: 2710/3251, distal-aware loss: 0.2710, lumen dice: 0.9475, wall dice: 0.8637, distal recall: 0.8936
epoch: 118, iter: 2720/3251, distal-aware loss: 0.2711, lumen dice: 0.9474, wall dice: 0.8637, distal recall: 0.8936
epoch: 118, iter: 2730/3251, distal-aware loss: 0.2711, lumen dice: 0.9474, wall dice: 0.8637, distal recall: 0.8935
epoch: 118, iter: 2740/3251, distal-aware loss: 0.2712, lumen dice: 0.9474, wall dice: 0.8637, distal recall: 0.8936
epoch: 118, iter: 2750/3251, distal-aware loss: 0.2712, lumen dice: 0.9474, wall dice: 0.8637, distal recall: 0.8936
epoch: 118, iter: 2760/3251, distal-aware loss: 0.2712, lumen dice: 0.9474, wall dice: 0.8637, distal recall: 0.8936
epoch: 118, iter: 2770/3251, distal-aware loss: 0.2712, lumen dice: 0.9475, wall dice: 0.8636, distal recall: 0.8936
epoch: 118, iter: 2780/3251, distal-aware loss: 0.2711, lumen dice: 0.9475, wall dice: 0.8637, distal recall: 0.8936
epoch: 118, iter: 2790/3251, distal-aware loss: 0.2712, lumen dice: 0.9475, wall dice: 0.8637, distal recall: 0.8935
epoch: 118, iter: 2800/3251, distal-aware loss: 0.2712, lumen dice: 0.9475, wall dice: 0.8637, distal recall: 0.8935
epoch: 118, iter: 2810/3251, distal-aware loss: 0.2713, lumen dice: 0.9475, wall dice: 0.8636, distal recall: 0.8936
epoch: 118, iter: 2820/3251, distal-aware loss: 0.2713, lumen dice: 0.9475, wall dice: 0.8636, distal recall: 0.8936
epoch: 118, iter: 2830/3251, distal-aware loss: 0.2713, lumen dice: 0.9475, wall dice: 0.8636, distal recall: 0.8935
epoch: 118, iter: 2840/3251, distal-aware loss: 0.2714, lumen dice: 0.9475, wall dice: 0.8636, distal recall: 0.8935
epoch: 118, iter: 2850/3251, distal-aware loss: 0.2715, lumen dice: 0.9474, wall dice: 0.8636, distal recall: 0.8935
epoch: 118, iter: 2860/3251, distal-aware loss: 0.2715, lumen dice: 0.9474, wall dice: 0.8636, distal recall: 0.8935
epoch: 118, iter: 2870/3251, distal-aware loss: 0.2715, lumen dice: 0.9474, wall dice: 0.8636, distal recall: 0.8934
epoch: 118, iter: 2880/3251, distal-aware loss: 0.2714, lumen dice: 0.9475, wall dice: 0.8637, distal recall: 0.8934
epoch: 118, iter: 2890/3251, distal-aware loss: 0.2714, lumen dice: 0.9475, wall dice: 0.8637, distal recall: 0.8934
epoch: 118, iter: 2900/3251, distal-aware loss: 0.2714, lumen dice: 0.9475, wall dice: 0.8637, distal recall: 0.8934
epoch: 118, iter: 2910/3251, distal-aware loss: 0.2714, lumen dice: 0.9475, wall dice: 0.8637, distal recall: 0.8934
epoch: 118, iter: 2920/3251, distal-aware loss: 0.2714, lumen dice: 0.9475, wall dice: 0.8638, distal recall: 0.8935
epoch: 118, iter: 2930/3251, distal-aware loss: 0.2713, lumen dice: 0.9475, wall dice: 0.8638, distal recall: 0.8936
epoch: 118, iter: 2940/3251, distal-aware loss: 0.2712, lumen dice: 0.9476, wall dice: 0.8638, distal recall: 0.8936
epoch: 118, iter: 2950/3251, distal-aware loss: 0.2712, lumen dice: 0.9476, wall dice: 0.8638, distal recall: 0.8936
epoch: 118, iter: 2960/3251, distal-aware loss: 0.2712, lumen dice: 0.9476, wall dice: 0.8639, distal recall: 0.8937
epoch: 118, iter: 2970/3251, distal-aware loss: 0.2711, lumen dice: 0.9476, wall dice: 0.8639, distal recall: 0.8937
epoch: 118, iter: 2980/3251, distal-aware loss: 0.2711, lumen dice: 0.9477, wall dice: 0.8639, distal recall: 0.8937
epoch: 118, iter: 2990/3251, distal-aware loss: 0.2711, lumen dice: 0.9477, wall dice: 0.8639, distal recall: 0.8937
epoch: 118, iter: 3000/3251, distal-aware loss: 0.2711, lumen dice: 0.9477, wall dice: 0.8640, distal recall: 0.8937
epoch: 118, iter: 3010/3251, distal-aware loss: 0.2711, lumen dice: 0.9477, wall dice: 0.8640, distal recall: 0.8937
epoch: 118, iter: 3020/3251, distal-aware loss: 0.2710, lumen dice: 0.9477, wall dice: 0.8640, distal recall: 0.8937
epoch: 118, iter: 3030/3251, distal-aware loss: 0.2710, lumen dice: 0.9477, wall dice: 0.8641, distal recall: 0.8937
epoch: 118, iter: 3040/3251, distal-aware loss: 0.2710, lumen dice: 0.9477, wall dice: 0.8641, distal recall: 0.8937
epoch: 118, iter: 3050/3251, distal-aware loss: 0.2710, lumen dice: 0.9477, wall dice: 0.8641, distal recall: 0.8938
epoch: 118, iter: 3060/3251, distal-aware loss: 0.2709, lumen dice: 0.9478, wall dice: 0.8642, distal recall: 0.8938
epoch: 118, iter: 3070/3251, distal-aware loss: 0.2708, lumen dice: 0.9478, wall dice: 0.8642, distal recall: 0.8939
epoch: 118, iter: 3080/3251, distal-aware loss: 0.2709, lumen dice: 0.9478, wall dice: 0.8642, distal recall: 0.8939
epoch: 118, iter: 3090/3251, distal-aware loss: 0.2709, lumen dice: 0.9478, wall dice: 0.8642, distal recall: 0.8939
epoch: 118, iter: 3100/3251, distal-aware loss: 0.2709, lumen dice: 0.9478, wall dice: 0.8642, distal recall: 0.8939
epoch: 118, iter: 3110/3251, distal-aware loss: 0.2709, lumen dice: 0.9478, wall dice: 0.8642, distal recall: 0.8939
epoch: 118, iter: 3120/3251, distal-aware loss: 0.2708, lumen dice: 0.9478, wall dice: 0.8643, distal recall: 0.8940
epoch: 118, iter: 3130/3251, distal-aware loss: 0.2712, lumen dice: 0.9478, wall dice: 0.8640, distal recall: 0.8939
epoch: 118, iter: 3140/3251, distal-aware loss: 0.2712, lumen dice: 0.9479, wall dice: 0.8640, distal recall: 0.8938
epoch: 118, iter: 3150/3251, distal-aware loss: 0.2713, lumen dice: 0.9478, wall dice: 0.8639, distal recall: 0.8936
epoch: 118, iter: 3160/3251, distal-aware loss: 0.2714, lumen dice: 0.9476, wall dice: 0.8638, distal recall: 0.8936
epoch: 118, iter: 3170/3251, distal-aware loss: 0.2715, lumen dice: 0.9477, wall dice: 0.8637, distal recall: 0.8935
epoch: 118, iter: 3180/3251, distal-aware loss: 0.2719, lumen dice: 0.9474, wall dice: 0.8636, distal recall: 0.8935
epoch: 118, iter: 3190/3251, distal-aware loss: 0.2720, lumen dice: 0.9474, wall dice: 0.8634, distal recall: 0.8934
epoch: 118, iter: 3200/3251, distal-aware loss: 0.2720, lumen dice: 0.9474, wall dice: 0.8634, distal recall: 0.8935
epoch: 118, iter: 3210/3251, distal-aware loss: 0.2720, lumen dice: 0.9474, wall dice: 0.8633, distal recall: 0.8935
epoch: 118, iter: 3220/3251, distal-aware loss: 0.2719, lumen dice: 0.9474, wall dice: 0.8634, distal recall: 0.8935
epoch: 118, iter: 3230/3251, distal-aware loss: 0.2719, lumen dice: 0.9474, wall dice: 0.8634, distal recall: 0.8936
epoch: 118, iter: 3240/3251, distal-aware loss: 0.2719, lumen dice: 0.9474, wall dice: 0.8634, distal recall: 0.8936
epoch: 118, iter: 3250/3251, distal-aware loss: 0.2720, lumen dice: 0.9474, wall dice: 0.8634, distal recall: 0.8935
epoch: 118, val distal-aware loss: 0.2786, val lumen dice: 0.9566, val wall dice: 0.8871, val distal recall: 0.8943
starting epoch: 119
epoch: 119, iter: 0/3251, distal-aware loss: 0.2171, lumen dice: 0.9805, wall dice: 0.8850, distal recall: 0.8617
epoch: 119, iter: 10/3251, distal-aware loss: 0.2411, lumen dice: 0.9624, wall dice: 0.8797, distal recall: 0.9072
epoch: 119, iter: 20/3251, distal-aware loss: 0.2455, lumen dice: 0.9582, wall dice: 0.8775, distal recall: 0.9083
epoch: 119, iter: 30/3251, distal-aware loss: 0.2531, lumen dice: 0.9554, wall dice: 0.8744, distal recall: 0.9064
epoch: 119, iter: 40/3251, distal-aware loss: 0.2513, lumen dice: 0.9573, wall dice: 0.8769, distal recall: 0.9035
epoch: 119, iter: 50/3251, distal-aware loss: 0.2588, lumen dice: 0.9526, wall dice: 0.8716, distal recall: 0.8979
epoch: 119, iter: 60/3251, distal-aware loss: 0.2617, lumen dice: 0.9514, wall dice: 0.8715, distal recall: 0.8954
epoch: 119, iter: 70/3251, distal-aware loss: 0.2604, lumen dice: 0.9526, wall dice: 0.8726, distal recall: 0.8975
epoch: 119, iter: 80/3251, distal-aware loss: 0.2608, lumen dice: 0.9515, wall dice: 0.8723, distal recall: 0.8981
epoch: 119, iter: 90/3251, distal-aware loss: 0.2602, lumen dice: 0.9519, wall dice: 0.8735, distal recall: 0.8998
epoch: 119, iter: 100/3251, distal-aware loss: 0.2581, lumen dice: 0.9530, wall dice: 0.8748, distal recall: 0.8990
epoch: 119, iter: 110/3251, distal-aware loss: 0.2584, lumen dice: 0.9533, wall dice: 0.8758, distal recall: 0.9004
epoch: 119, iter: 120/3251, distal-aware loss: 0.2601, lumen dice: 0.9527, wall dice: 0.8744, distal recall: 0.9001
epoch: 119, iter: 130/3251, distal-aware loss: 0.2594, lumen dice: 0.9531, wall dice: 0.8736, distal recall: 0.9002
epoch: 119, iter: 140/3251, distal-aware loss: 0.2610, lumen dice: 0.9518, wall dice: 0.8726, distal recall: 0.9001
epoch: 119, iter: 150/3251, distal-aware loss: 0.2590, lumen dice: 0.9526, wall dice: 0.8737, distal recall: 0.9001
epoch: 119, iter: 160/3251, distal-aware loss: 0.2598, lumen dice: 0.9512, wall dice: 0.8741, distal recall: 0.8999
epoch: 119, iter: 170/3251, distal-aware loss: 0.2621, lumen dice: 0.9504, wall dice: 0.8730, distal recall: 0.8999
epoch: 119, iter: 180/3251, distal-aware loss: 0.2632, lumen dice: 0.9503, wall dice: 0.8720, distal recall: 0.8980
epoch: 119, iter: 190/3251, distal-aware loss: 0.2640, lumen dice: 0.9495, wall dice: 0.8710, distal recall: 0.8986
epoch: 119, iter: 200/3251, distal-aware loss: 0.2639, lumen dice: 0.9498, wall dice: 0.8711, distal recall: 0.8993
epoch: 119, iter: 210/3251, distal-aware loss: 0.2630, lumen dice: 0.9502, wall dice: 0.8709, distal recall: 0.8988
epoch: 119, iter: 220/3251, distal-aware loss: 0.2636, lumen dice: 0.9503, wall dice: 0.8701, distal recall: 0.8984
epoch: 119, iter: 230/3251, distal-aware loss: 0.2639, lumen dice: 0.9504, wall dice: 0.8699, distal recall: 0.8985
epoch: 119, iter: 240/3251, distal-aware loss: 0.2628, lumen dice: 0.9509, wall dice: 0.8703, distal recall: 0.8989
epoch: 119, iter: 250/3251, distal-aware loss: 0.2620, lumen dice: 0.9511, wall dice: 0.8708, distal recall: 0.8985
epoch: 119, iter: 260/3251, distal-aware loss: 0.2618, lumen dice: 0.9511, wall dice: 0.8708, distal recall: 0.8989
epoch: 119, iter: 270/3251, distal-aware loss: 0.2624, lumen dice: 0.9510, wall dice: 0.8697, distal recall: 0.8992
epoch: 119, iter: 280/3251, distal-aware loss: 0.2624, lumen dice: 0.9511, wall dice: 0.8690, distal recall: 0.8986
epoch: 119, iter: 290/3251, distal-aware loss: 0.2621, lumen dice: 0.9512, wall dice: 0.8691, distal recall: 0.8992
epoch: 119, iter: 300/3251, distal-aware loss: 0.2618, lumen dice: 0.9512, wall dice: 0.8694, distal recall: 0.8996
epoch: 119, iter: 310/3251, distal-aware loss: 0.2611, lumen dice: 0.9515, wall dice: 0.8697, distal recall: 0.8993
epoch: 119, iter: 320/3251, distal-aware loss: 0.2608, lumen dice: 0.9518, wall dice: 0.8702, distal recall: 0.8996
epoch: 119, iter: 330/3251, distal-aware loss: 0.2606, lumen dice: 0.9519, wall dice: 0.8703, distal recall: 0.8996
epoch: 119, iter: 340/3251, distal-aware loss: 0.2607, lumen dice: 0.9519, wall dice: 0.8703, distal recall: 0.8994
epoch: 119, iter: 350/3251, distal-aware loss: 0.2604, lumen dice: 0.9516, wall dice: 0.8707, distal recall: 0.8996
epoch: 119, iter: 360/3251, distal-aware loss: 0.2601, lumen dice: 0.9519, wall dice: 0.8709, distal recall: 0.8996
epoch: 119, iter: 370/3251, distal-aware loss: 0.2596, lumen dice: 0.9521, wall dice: 0.8711, distal recall: 0.8999
epoch: 119, iter: 380/3251, distal-aware loss: 0.2593, lumen dice: 0.9523, wall dice: 0.8712, distal recall: 0.8999
epoch: 119, iter: 390/3251, distal-aware loss: 0.2601, lumen dice: 0.9508, wall dice: 0.8706, distal recall: 0.8997
epoch: 119, iter: 400/3251, distal-aware loss: 0.2599, lumen dice: 0.9510, wall dice: 0.8708, distal recall: 0.8993
epoch: 119, iter: 410/3251, distal-aware loss: 0.2603, lumen dice: 0.9510, wall dice: 0.8708, distal recall: 0.8990
epoch: 119, iter: 420/3251, distal-aware loss: 0.2607, lumen dice: 0.9510, wall dice: 0.8707, distal recall: 0.8986
epoch: 119, iter: 430/3251, distal-aware loss: 0.2610, lumen dice: 0.9509, wall dice: 0.8707, distal recall: 0.8985
epoch: 119, iter: 440/3251, distal-aware loss: 0.2617, lumen dice: 0.9507, wall dice: 0.8704, distal recall: 0.8980
epoch: 119, iter: 450/3251, distal-aware loss: 0.2620, lumen dice: 0.9505, wall dice: 0.8698, distal recall: 0.8982
epoch: 119, iter: 460/3251, distal-aware loss: 0.2618, lumen dice: 0.9505, wall dice: 0.8700, distal recall: 0.8982
epoch: 119, iter: 470/3251, distal-aware loss: 0.2618, lumen dice: 0.9504, wall dice: 0.8699, distal recall: 0.8981
epoch: 119, iter: 480/3251, distal-aware loss: 0.2619, lumen dice: 0.9506, wall dice: 0.8700, distal recall: 0.8979
epoch: 119, iter: 490/3251, distal-aware loss: 0.2621, lumen dice: 0.9506, wall dice: 0.8701, distal recall: 0.8977
epoch: 119, iter: 500/3251, distal-aware loss: 0.2621, lumen dice: 0.9508, wall dice: 0.8702, distal recall: 0.8975
epoch: 119, iter: 510/3251, distal-aware loss: 0.2619, lumen dice: 0.9508, wall dice: 0.8704, distal recall: 0.8979
epoch: 119, iter: 520/3251, distal-aware loss: 0.2618, lumen dice: 0.9507, wall dice: 0.8705, distal recall: 0.8979
epoch: 119, iter: 530/3251, distal-aware loss: 0.2618, lumen dice: 0.9507, wall dice: 0.8704, distal recall: 0.8982
epoch: 119, iter: 540/3251, distal-aware loss: 0.2615, lumen dice: 0.9507, wall dice: 0.8706, distal recall: 0.8983
epoch: 119, iter: 550/3251, distal-aware loss: 0.2617, lumen dice: 0.9506, wall dice: 0.8704, distal recall: 0.8982
epoch: 119, iter: 560/3251, distal-aware loss: 0.2617, lumen dice: 0.9505, wall dice: 0.8704, distal recall: 0.8981
epoch: 119, iter: 570/3251, distal-aware loss: 0.2624, lumen dice: 0.9501, wall dice: 0.8698, distal recall: 0.8978
epoch: 119, iter: 580/3251, distal-aware loss: 0.2624, lumen dice: 0.9502, wall dice: 0.8699, distal recall: 0.8979
epoch: 119, iter: 590/3251, distal-aware loss: 0.2623, lumen dice: 0.9501, wall dice: 0.8699, distal recall: 0.8979
epoch: 119, iter: 600/3251, distal-aware loss: 0.2622, lumen dice: 0.9504, wall dice: 0.8701, distal recall: 0.8981
epoch: 119, iter: 610/3251, distal-aware loss: 0.2618, lumen dice: 0.9506, wall dice: 0.8703, distal recall: 0.8983
epoch: 119, iter: 620/3251, distal-aware loss: 0.2622, lumen dice: 0.9507, wall dice: 0.8702, distal recall: 0.8981
epoch: 119, iter: 630/3251, distal-aware loss: 0.2617, lumen dice: 0.9508, wall dice: 0.8704, distal recall: 0.8982
epoch: 119, iter: 640/3251, distal-aware loss: 0.2613, lumen dice: 0.9509, wall dice: 0.8705, distal recall: 0.8985
epoch: 119, iter: 650/3251, distal-aware loss: 0.2618, lumen dice: 0.9508, wall dice: 0.8704, distal recall: 0.8982
epoch: 119, iter: 660/3251, distal-aware loss: 0.2620, lumen dice: 0.9508, wall dice: 0.8704, distal recall: 0.8980
epoch: 119, iter: 670/3251, distal-aware loss: 0.2625, lumen dice: 0.9500, wall dice: 0.8703, distal recall: 0.8980
epoch: 119, iter: 680/3251, distal-aware loss: 0.2625, lumen dice: 0.9500, wall dice: 0.8703, distal recall: 0.8979
epoch: 119, iter: 690/3251, distal-aware loss: 0.2626, lumen dice: 0.9500, wall dice: 0.8703, distal recall: 0.8982
epoch: 119, iter: 700/3251, distal-aware loss: 0.2632, lumen dice: 0.9499, wall dice: 0.8699, distal recall: 0.8981
epoch: 119, iter: 710/3251, distal-aware loss: 0.2632, lumen dice: 0.9499, wall dice: 0.8700, distal recall: 0.8980
epoch: 119, iter: 720/3251, distal-aware loss: 0.2628, lumen dice: 0.9501, wall dice: 0.8702, distal recall: 0.8982
epoch: 119, iter: 730/3251, distal-aware loss: 0.2627, lumen dice: 0.9502, wall dice: 0.8704, distal recall: 0.8982
epoch: 119, iter: 740/3251, distal-aware loss: 0.2627, lumen dice: 0.9503, wall dice: 0.8705, distal recall: 0.8982
epoch: 119, iter: 750/3251, distal-aware loss: 0.2629, lumen dice: 0.9502, wall dice: 0.8705, distal recall: 0.8981
epoch: 119, iter: 760/3251, distal-aware loss: 0.2628, lumen dice: 0.9504, wall dice: 0.8705, distal recall: 0.8982
epoch: 119, iter: 770/3251, distal-aware loss: 0.2626, lumen dice: 0.9504, wall dice: 0.8706, distal recall: 0.8982
epoch: 119, iter: 780/3251, distal-aware loss: 0.2622, lumen dice: 0.9505, wall dice: 0.8708, distal recall: 0.8981
epoch: 119, iter: 790/3251, distal-aware loss: 0.2627, lumen dice: 0.9504, wall dice: 0.8702, distal recall: 0.8979
epoch: 119, iter: 800/3251, distal-aware loss: 0.2631, lumen dice: 0.9501, wall dice: 0.8701, distal recall: 0.8979
epoch: 119, iter: 810/3251, distal-aware loss: 0.2631, lumen dice: 0.9501, wall dice: 0.8702, distal recall: 0.8980
epoch: 119, iter: 820/3251, distal-aware loss: 0.2629, lumen dice: 0.9502, wall dice: 0.8702, distal recall: 0.8980
epoch: 119, iter: 830/3251, distal-aware loss: 0.2629, lumen dice: 0.9503, wall dice: 0.8702, distal recall: 0.8979
epoch: 119, iter: 840/3251, distal-aware loss: 0.2629, lumen dice: 0.9504, wall dice: 0.8702, distal recall: 0.8979
epoch: 119, iter: 850/3251, distal-aware loss: 0.2627, lumen dice: 0.9505, wall dice: 0.8704, distal recall: 0.8981
epoch: 119, iter: 860/3251, distal-aware loss: 0.2631, lumen dice: 0.9505, wall dice: 0.8703, distal recall: 0.8979
epoch: 119, iter: 870/3251, distal-aware loss: 0.2632, lumen dice: 0.9505, wall dice: 0.8703, distal recall: 0.8980
epoch: 119, iter: 880/3251, distal-aware loss: 0.2632, lumen dice: 0.9504, wall dice: 0.8703, distal recall: 0.8982
epoch: 119, iter: 890/3251, distal-aware loss: 0.2630, lumen dice: 0.9505, wall dice: 0.8704, distal recall: 0.8982
epoch: 119, iter: 900/3251, distal-aware loss: 0.2629, lumen dice: 0.9505, wall dice: 0.8704, distal recall: 0.8983
epoch: 119, iter: 910/3251, distal-aware loss: 0.2632, lumen dice: 0.9504, wall dice: 0.8704, distal recall: 0.8984
epoch: 119, iter: 920/3251, distal-aware loss: 0.2631, lumen dice: 0.9505, wall dice: 0.8706, distal recall: 0.8983
epoch: 119, iter: 930/3251, distal-aware loss: 0.2630, lumen dice: 0.9506, wall dice: 0.8707, distal recall: 0.8984
epoch: 119, iter: 940/3251, distal-aware loss: 0.2632, lumen dice: 0.9505, wall dice: 0.8704, distal recall: 0.8985
epoch: 119, iter: 950/3251, distal-aware loss: 0.2633, lumen dice: 0.9506, wall dice: 0.8705, distal recall: 0.8983
epoch: 119, iter: 960/3251, distal-aware loss: 0.2636, lumen dice: 0.9506, wall dice: 0.8703, distal recall: 0.8982
epoch: 119, iter: 970/3251, distal-aware loss: 0.2636, lumen dice: 0.9505, wall dice: 0.8703, distal recall: 0.8983
epoch: 119, iter: 980/3251, distal-aware loss: 0.2638, lumen dice: 0.9505, wall dice: 0.8703, distal recall: 0.8981
epoch: 119, iter: 990/3251, distal-aware loss: 0.2639, lumen dice: 0.9505, wall dice: 0.8703, distal recall: 0.8982
epoch: 119, iter: 1000/3251, distal-aware loss: 0.2638, lumen dice: 0.9505, wall dice: 0.8704, distal recall: 0.8984
epoch: 119, iter: 1010/3251, distal-aware loss: 0.2639, lumen dice: 0.9503, wall dice: 0.8703, distal recall: 0.8983
epoch: 119, iter: 1020/3251, distal-aware loss: 0.2638, lumen dice: 0.9501, wall dice: 0.8702, distal recall: 0.8984
epoch: 119, iter: 1030/3251, distal-aware loss: 0.2637, lumen dice: 0.9502, wall dice: 0.8703, distal recall: 0.8984
epoch: 119, iter: 1040/3251, distal-aware loss: 0.2638, lumen dice: 0.9502, wall dice: 0.8703, distal recall: 0.8984
epoch: 119, iter: 1050/3251, distal-aware loss: 0.2638, lumen dice: 0.9503, wall dice: 0.8703, distal recall: 0.8982
epoch: 119, iter: 1060/3251, distal-aware loss: 0.2636, lumen dice: 0.9504, wall dice: 0.8703, distal recall: 0.8984
epoch: 119, iter: 1070/3251, distal-aware loss: 0.2634, lumen dice: 0.9505, wall dice: 0.8704, distal recall: 0.8985
epoch: 119, iter: 1080/3251, distal-aware loss: 0.2632, lumen dice: 0.9506, wall dice: 0.8705, distal recall: 0.8984
epoch: 119, iter: 1090/3251, distal-aware loss: 0.2631, lumen dice: 0.9506, wall dice: 0.8706, distal recall: 0.8985
epoch: 119, iter: 1100/3251, distal-aware loss: 0.2628, lumen dice: 0.9506, wall dice: 0.8708, distal recall: 0.8986
epoch: 119, iter: 1110/3251, distal-aware loss: 0.2628, lumen dice: 0.9507, wall dice: 0.8708, distal recall: 0.8984
epoch: 119, iter: 1120/3251, distal-aware loss: 0.2627, lumen dice: 0.9507, wall dice: 0.8709, distal recall: 0.8985
epoch: 119, iter: 1130/3251, distal-aware loss: 0.2625, lumen dice: 0.9509, wall dice: 0.8709, distal recall: 0.8985
epoch: 119, iter: 1140/3251, distal-aware loss: 0.2625, lumen dice: 0.9509, wall dice: 0.8710, distal recall: 0.8985
epoch: 119, iter: 1150/3251, distal-aware loss: 0.2627, lumen dice: 0.9509, wall dice: 0.8706, distal recall: 0.8985
epoch: 119, iter: 1160/3251, distal-aware loss: 0.2630, lumen dice: 0.9508, wall dice: 0.8705, distal recall: 0.8983
epoch: 119, iter: 1170/3251, distal-aware loss: 0.2630, lumen dice: 0.9508, wall dice: 0.8705, distal recall: 0.8985
epoch: 119, iter: 1180/3251, distal-aware loss: 0.2632, lumen dice: 0.9508, wall dice: 0.8705, distal recall: 0.8985
epoch: 119, iter: 1190/3251, distal-aware loss: 0.2632, lumen dice: 0.9508, wall dice: 0.8706, distal recall: 0.8984
epoch: 119, iter: 1200/3251, distal-aware loss: 0.2636, lumen dice: 0.9507, wall dice: 0.8705, distal recall: 0.8983
epoch: 119, iter: 1210/3251, distal-aware loss: 0.2636, lumen dice: 0.9506, wall dice: 0.8705, distal recall: 0.8982
epoch: 119, iter: 1220/3251, distal-aware loss: 0.2636, lumen dice: 0.9507, wall dice: 0.8705, distal recall: 0.8981
epoch: 119, iter: 1230/3251, distal-aware loss: 0.2640, lumen dice: 0.9506, wall dice: 0.8703, distal recall: 0.8980
epoch: 119, iter: 1240/3251, distal-aware loss: 0.2640, lumen dice: 0.9506, wall dice: 0.8703, distal recall: 0.8979
epoch: 119, iter: 1250/3251, distal-aware loss: 0.2638, lumen dice: 0.9507, wall dice: 0.8704, distal recall: 0.8980
epoch: 119, iter: 1260/3251, distal-aware loss: 0.2637, lumen dice: 0.9507, wall dice: 0.8704, distal recall: 0.8980
epoch: 119, iter: 1270/3251, distal-aware loss: 0.2636, lumen dice: 0.9508, wall dice: 0.8705, distal recall: 0.8980
epoch: 119, iter: 1280/3251, distal-aware loss: 0.2637, lumen dice: 0.9505, wall dice: 0.8705, distal recall: 0.8980
epoch: 119, iter: 1290/3251, distal-aware loss: 0.2636, lumen dice: 0.9506, wall dice: 0.8705, distal recall: 0.8980
epoch: 119, iter: 1300/3251, distal-aware loss: 0.2638, lumen dice: 0.9506, wall dice: 0.8702, distal recall: 0.8980
epoch: 119, iter: 1310/3251, distal-aware loss: 0.2637, lumen dice: 0.9505, wall dice: 0.8703, distal recall: 0.8980
epoch: 119, iter: 1320/3251, distal-aware loss: 0.2640, lumen dice: 0.9505, wall dice: 0.8702, distal recall: 0.8974
epoch: 119, iter: 1330/3251, distal-aware loss: 0.2644, lumen dice: 0.9504, wall dice: 0.8699, distal recall: 0.8975
epoch: 119, iter: 1340/3251, distal-aware loss: 0.2643, lumen dice: 0.9505, wall dice: 0.8699, distal recall: 0.8974
epoch: 119, iter: 1350/3251, distal-aware loss: 0.2645, lumen dice: 0.9504, wall dice: 0.8698, distal recall: 0.8971
epoch: 119, iter: 1360/3251, distal-aware loss: 0.2647, lumen dice: 0.9503, wall dice: 0.8697, distal recall: 0.8971
epoch: 119, iter: 1370/3251, distal-aware loss: 0.2648, lumen dice: 0.9503, wall dice: 0.8696, distal recall: 0.8971
epoch: 119, iter: 1380/3251, distal-aware loss: 0.2649, lumen dice: 0.9500, wall dice: 0.8696, distal recall: 0.8971
epoch: 119, iter: 1390/3251, distal-aware loss: 0.2648, lumen dice: 0.9500, wall dice: 0.8697, distal recall: 0.8971
epoch: 119, iter: 1400/3251, distal-aware loss: 0.2649, lumen dice: 0.9499, wall dice: 0.8697, distal recall: 0.8971
epoch: 119, iter: 1410/3251, distal-aware loss: 0.2648, lumen dice: 0.9499, wall dice: 0.8696, distal recall: 0.8974
epoch: 119, iter: 1420/3251, distal-aware loss: 0.2648, lumen dice: 0.9499, wall dice: 0.8696, distal recall: 0.8972
epoch: 119, iter: 1430/3251, distal-aware loss: 0.2648, lumen dice: 0.9500, wall dice: 0.8696, distal recall: 0.8974
epoch: 119, iter: 1440/3251, distal-aware loss: 0.2647, lumen dice: 0.9500, wall dice: 0.8697, distal recall: 0.8974
epoch: 119, iter: 1450/3251, distal-aware loss: 0.2648, lumen dice: 0.9500, wall dice: 0.8694, distal recall: 0.8973
epoch: 119, iter: 1460/3251, distal-aware loss: 0.2648, lumen dice: 0.9500, wall dice: 0.8693, distal recall: 0.8974
epoch: 119, iter: 1470/3251, distal-aware loss: 0.2649, lumen dice: 0.9500, wall dice: 0.8693, distal recall: 0.8972
epoch: 119, iter: 1480/3251, distal-aware loss: 0.2649, lumen dice: 0.9500, wall dice: 0.8693, distal recall: 0.8972
epoch: 119, iter: 1490/3251, distal-aware loss: 0.2649, lumen dice: 0.9500, wall dice: 0.8692, distal recall: 0.8972
epoch: 119, iter: 1500/3251, distal-aware loss: 0.2649, lumen dice: 0.9500, wall dice: 0.8693, distal recall: 0.8972
epoch: 119, iter: 1510/3251, distal-aware loss: 0.2649, lumen dice: 0.9500, wall dice: 0.8693, distal recall: 0.8972
epoch: 119, iter: 1520/3251, distal-aware loss: 0.2651, lumen dice: 0.9500, wall dice: 0.8691, distal recall: 0.8971
epoch: 119, iter: 1530/3251, distal-aware loss: 0.2651, lumen dice: 0.9499, wall dice: 0.8691, distal recall: 0.8971
epoch: 119, iter: 1540/3251, distal-aware loss: 0.2651, lumen dice: 0.9500, wall dice: 0.8691, distal recall: 0.8970
epoch: 119, iter: 1550/3251, distal-aware loss: 0.2650, lumen dice: 0.9500, wall dice: 0.8691, distal recall: 0.8970
epoch: 119, iter: 1560/3251, distal-aware loss: 0.2651, lumen dice: 0.9500, wall dice: 0.8690, distal recall: 0.8971
epoch: 119, iter: 1570/3251, distal-aware loss: 0.2651, lumen dice: 0.9500, wall dice: 0.8689, distal recall: 0.8971
epoch: 119, iter: 1580/3251, distal-aware loss: 0.2650, lumen dice: 0.9500, wall dice: 0.8690, distal recall: 0.8972
epoch: 119, iter: 1590/3251, distal-aware loss: 0.2652, lumen dice: 0.9499, wall dice: 0.8687, distal recall: 0.8971
epoch: 119, iter: 1600/3251, distal-aware loss: 0.2651, lumen dice: 0.9499, wall dice: 0.8688, distal recall: 0.8972
epoch: 119, iter: 1610/3251, distal-aware loss: 0.2653, lumen dice: 0.9498, wall dice: 0.8687, distal recall: 0.8972
epoch: 119, iter: 1620/3251, distal-aware loss: 0.2652, lumen dice: 0.9499, wall dice: 0.8688, distal recall: 0.8973
epoch: 119, iter: 1630/3251, distal-aware loss: 0.2651, lumen dice: 0.9499, wall dice: 0.8688, distal recall: 0.8974
epoch: 119, iter: 1640/3251, distal-aware loss: 0.2651, lumen dice: 0.9500, wall dice: 0.8688, distal recall: 0.8973
epoch: 119, iter: 1650/3251, distal-aware loss: 0.2651, lumen dice: 0.9500, wall dice: 0.8688, distal recall: 0.8974
epoch: 119, iter: 1660/3251, distal-aware loss: 0.2651, lumen dice: 0.9500, wall dice: 0.8686, distal recall: 0.8973
epoch: 119, iter: 1670/3251, distal-aware loss: 0.2650, lumen dice: 0.9501, wall dice: 0.8687, distal recall: 0.8974
epoch: 119, iter: 1680/3251, distal-aware loss: 0.2651, lumen dice: 0.9500, wall dice: 0.8687, distal recall: 0.8974
epoch: 119, iter: 1690/3251, distal-aware loss: 0.2649, lumen dice: 0.9501, wall dice: 0.8688, distal recall: 0.8974
epoch: 119, iter: 1700/3251, distal-aware loss: 0.2649, lumen dice: 0.9501, wall dice: 0.8688, distal recall: 0.8974
epoch: 119, iter: 1710/3251, distal-aware loss: 0.2648, lumen dice: 0.9502, wall dice: 0.8689, distal recall: 0.8974
epoch: 119, iter: 1720/3251, distal-aware loss: 0.2647, lumen dice: 0.9502, wall dice: 0.8690, distal recall: 0.8974
epoch: 119, iter: 1730/3251, distal-aware loss: 0.2645, lumen dice: 0.9503, wall dice: 0.8691, distal recall: 0.8975
epoch: 119, iter: 1740/3251, distal-aware loss: 0.2647, lumen dice: 0.9502, wall dice: 0.8690, distal recall: 0.8973
epoch: 119, iter: 1750/3251, distal-aware loss: 0.2646, lumen dice: 0.9502, wall dice: 0.8690, distal recall: 0.8974
epoch: 119, iter: 1760/3251, distal-aware loss: 0.2644, lumen dice: 0.9503, wall dice: 0.8691, distal recall: 0.8975
epoch: 119, iter: 1770/3251, distal-aware loss: 0.2644, lumen dice: 0.9503, wall dice: 0.8690, distal recall: 0.8975
epoch: 119, iter: 1780/3251, distal-aware loss: 0.2643, lumen dice: 0.9504, wall dice: 0.8691, distal recall: 0.8975
epoch: 119, iter: 1790/3251, distal-aware loss: 0.2643, lumen dice: 0.9503, wall dice: 0.8691, distal recall: 0.8976
epoch: 119, iter: 1800/3251, distal-aware loss: 0.2642, lumen dice: 0.9504, wall dice: 0.8691, distal recall: 0.8977
epoch: 119, iter: 1810/3251, distal-aware loss: 0.2643, lumen dice: 0.9501, wall dice: 0.8691, distal recall: 0.8976
epoch: 119, iter: 1820/3251, distal-aware loss: 0.2644, lumen dice: 0.9501, wall dice: 0.8691, distal recall: 0.8976
epoch: 119, iter: 1830/3251, distal-aware loss: 0.2644, lumen dice: 0.9501, wall dice: 0.8691, distal recall: 0.8976
epoch: 119, iter: 1840/3251, distal-aware loss: 0.2644, lumen dice: 0.9501, wall dice: 0.8691, distal recall: 0.8975
epoch: 119, iter: 1850/3251, distal-aware loss: 0.2644, lumen dice: 0.9502, wall dice: 0.8691, distal recall: 0.8975
epoch: 119, iter: 1860/3251, distal-aware loss: 0.2644, lumen dice: 0.9502, wall dice: 0.8691, distal recall: 0.8975
epoch: 119, iter: 1870/3251, distal-aware loss: 0.2644, lumen dice: 0.9502, wall dice: 0.8691, distal recall: 0.8975
epoch: 119, iter: 1880/3251, distal-aware loss: 0.2644, lumen dice: 0.9501, wall dice: 0.8689, distal recall: 0.8975
epoch: 119, iter: 1890/3251, distal-aware loss: 0.2644, lumen dice: 0.9501, wall dice: 0.8690, distal recall: 0.8975
epoch: 119, iter: 1900/3251, distal-aware loss: 0.2642, lumen dice: 0.9502, wall dice: 0.8691, distal recall: 0.8976
epoch: 119, iter: 1910/3251, distal-aware loss: 0.2643, lumen dice: 0.9501, wall dice: 0.8691, distal recall: 0.8976
epoch: 119, iter: 1920/3251, distal-aware loss: 0.2642, lumen dice: 0.9502, wall dice: 0.8691, distal recall: 0.8977
epoch: 119, iter: 1930/3251, distal-aware loss: 0.2641, lumen dice: 0.9502, wall dice: 0.8692, distal recall: 0.8978
epoch: 119, iter: 1940/3251, distal-aware loss: 0.2641, lumen dice: 0.9502, wall dice: 0.8692, distal recall: 0.8978
epoch: 119, iter: 1950/3251, distal-aware loss: 0.2641, lumen dice: 0.9501, wall dice: 0.8692, distal recall: 0.8978
epoch: 119, iter: 1960/3251, distal-aware loss: 0.2641, lumen dice: 0.9501, wall dice: 0.8692, distal recall: 0.8978
epoch: 119, iter: 1970/3251, distal-aware loss: 0.2641, lumen dice: 0.9501, wall dice: 0.8692, distal recall: 0.8978
epoch: 119, iter: 1980/3251, distal-aware loss: 0.2640, lumen dice: 0.9501, wall dice: 0.8692, distal recall: 0.8979
epoch: 119, iter: 1990/3251, distal-aware loss: 0.2642, lumen dice: 0.9500, wall dice: 0.8691, distal recall: 0.8979
epoch: 119, iter: 2000/3251, distal-aware loss: 0.2642, lumen dice: 0.9501, wall dice: 0.8691, distal recall: 0.8979
epoch: 119, iter: 2010/3251, distal-aware loss: 0.2641, lumen dice: 0.9501, wall dice: 0.8692, distal recall: 0.8980
epoch: 119, iter: 2020/3251, distal-aware loss: 0.2641, lumen dice: 0.9502, wall dice: 0.8693, distal recall: 0.8980
epoch: 119, iter: 2030/3251, distal-aware loss: 0.2641, lumen dice: 0.9502, wall dice: 0.8693, distal recall: 0.8980
epoch: 119, iter: 2040/3251, distal-aware loss: 0.2641, lumen dice: 0.9502, wall dice: 0.8692, distal recall: 0.8979
epoch: 119, iter: 2050/3251, distal-aware loss: 0.2642, lumen dice: 0.9501, wall dice: 0.8692, distal recall: 0.8979
epoch: 119, iter: 2060/3251, distal-aware loss: 0.2642, lumen dice: 0.9501, wall dice: 0.8693, distal recall: 0.8980
epoch: 119, iter: 2070/3251, distal-aware loss: 0.2641, lumen dice: 0.9502, wall dice: 0.8693, distal recall: 0.8979
epoch: 119, iter: 2080/3251, distal-aware loss: 0.2643, lumen dice: 0.9500, wall dice: 0.8692, distal recall: 0.8980
epoch: 119, iter: 2090/3251, distal-aware loss: 0.2644, lumen dice: 0.9500, wall dice: 0.8691, distal recall: 0.8980
epoch: 119, iter: 2100/3251, distal-aware loss: 0.2644, lumen dice: 0.9500, wall dice: 0.8691, distal recall: 0.8980
epoch: 119, iter: 2110/3251, distal-aware loss: 0.2644, lumen dice: 0.9500, wall dice: 0.8691, distal recall: 0.8980
epoch: 119, iter: 2120/3251, distal-aware loss: 0.2644, lumen dice: 0.9500, wall dice: 0.8692, distal recall: 0.8980
epoch: 119, iter: 2130/3251, distal-aware loss: 0.2645, lumen dice: 0.9500, wall dice: 0.8690, distal recall: 0.8980
epoch: 119, iter: 2140/3251, distal-aware loss: 0.2645, lumen dice: 0.9499, wall dice: 0.8690, distal recall: 0.8980
epoch: 119, iter: 2150/3251, distal-aware loss: 0.2646, lumen dice: 0.9500, wall dice: 0.8690, distal recall: 0.8980
epoch: 119, iter: 2160/3251, distal-aware loss: 0.2646, lumen dice: 0.9499, wall dice: 0.8690, distal recall: 0.8979
epoch: 119, iter: 2170/3251, distal-aware loss: 0.2647, lumen dice: 0.9499, wall dice: 0.8690, distal recall: 0.8979
epoch: 119, iter: 2180/3251, distal-aware loss: 0.2647, lumen dice: 0.9500, wall dice: 0.8690, distal recall: 0.8980
epoch: 119, iter: 2190/3251, distal-aware loss: 0.2647, lumen dice: 0.9499, wall dice: 0.8690, distal recall: 0.8980
epoch: 119, iter: 2200/3251, distal-aware loss: 0.2647, lumen dice: 0.9499, wall dice: 0.8690, distal recall: 0.8980
epoch: 119, iter: 2210/3251, distal-aware loss: 0.2647, lumen dice: 0.9499, wall dice: 0.8690, distal recall: 0.8979
epoch: 119, iter: 2220/3251, distal-aware loss: 0.2648, lumen dice: 0.9499, wall dice: 0.8690, distal recall: 0.8979
epoch: 119, iter: 2230/3251, distal-aware loss: 0.2657, lumen dice: 0.9494, wall dice: 0.8687, distal recall: 0.8979
epoch: 119, iter: 2240/3251, distal-aware loss: 0.2659, lumen dice: 0.9494, wall dice: 0.8686, distal recall: 0.8975
epoch: 119, iter: 2250/3251, distal-aware loss: 0.2661, lumen dice: 0.9494, wall dice: 0.8685, distal recall: 0.8973
epoch: 119, iter: 2260/3251, distal-aware loss: 0.2661, lumen dice: 0.9492, wall dice: 0.8683, distal recall: 0.8973
epoch: 119, iter: 2270/3251, distal-aware loss: 0.2663, lumen dice: 0.9493, wall dice: 0.8683, distal recall: 0.8971
epoch: 119, iter: 2280/3251, distal-aware loss: 0.2664, lumen dice: 0.9492, wall dice: 0.8681, distal recall: 0.8971
epoch: 119, iter: 2290/3251, distal-aware loss: 0.2664, lumen dice: 0.9492, wall dice: 0.8681, distal recall: 0.8970
epoch: 119, iter: 2300/3251, distal-aware loss: 0.2666, lumen dice: 0.9492, wall dice: 0.8680, distal recall: 0.8970
epoch: 119, iter: 2310/3251, distal-aware loss: 0.2666, lumen dice: 0.9491, wall dice: 0.8680, distal recall: 0.8969
epoch: 119, iter: 2320/3251, distal-aware loss: 0.2668, lumen dice: 0.9490, wall dice: 0.8679, distal recall: 0.8969
epoch: 119, iter: 2330/3251, distal-aware loss: 0.2667, lumen dice: 0.9490, wall dice: 0.8680, distal recall: 0.8969
epoch: 119, iter: 2340/3251, distal-aware loss: 0.2668, lumen dice: 0.9490, wall dice: 0.8679, distal recall: 0.8967
epoch: 119, iter: 2350/3251, distal-aware loss: 0.2668, lumen dice: 0.9491, wall dice: 0.8679, distal recall: 0.8967
epoch: 119, iter: 2360/3251, distal-aware loss: 0.2669, lumen dice: 0.9491, wall dice: 0.8679, distal recall: 0.8966
epoch: 119, iter: 2370/3251, distal-aware loss: 0.2669, lumen dice: 0.9491, wall dice: 0.8678, distal recall: 0.8965
epoch: 119, iter: 2380/3251, distal-aware loss: 0.2669, lumen dice: 0.9491, wall dice: 0.8678, distal recall: 0.8965
epoch: 119, iter: 2390/3251, distal-aware loss: 0.2670, lumen dice: 0.9491, wall dice: 0.8678, distal recall: 0.8965
epoch: 119, iter: 2400/3251, distal-aware loss: 0.2671, lumen dice: 0.9491, wall dice: 0.8677, distal recall: 0.8964
epoch: 119, iter: 2410/3251, distal-aware loss: 0.2671, lumen dice: 0.9490, wall dice: 0.8676, distal recall: 0.8964
epoch: 119, iter: 2420/3251, distal-aware loss: 0.2671, lumen dice: 0.9490, wall dice: 0.8676, distal recall: 0.8964
epoch: 119, iter: 2430/3251, distal-aware loss: 0.2672, lumen dice: 0.9490, wall dice: 0.8676, distal recall: 0.8963
epoch: 119, iter: 2440/3251, distal-aware loss: 0.2673, lumen dice: 0.9490, wall dice: 0.8676, distal recall: 0.8962
epoch: 119, iter: 2450/3251, distal-aware loss: 0.2673, lumen dice: 0.9491, wall dice: 0.8676, distal recall: 0.8961
epoch: 119, iter: 2460/3251, distal-aware loss: 0.2673, lumen dice: 0.9491, wall dice: 0.8676, distal recall: 0.8961
epoch: 119, iter: 2470/3251, distal-aware loss: 0.2672, lumen dice: 0.9491, wall dice: 0.8676, distal recall: 0.8961
epoch: 119, iter: 2480/3251, distal-aware loss: 0.2671, lumen dice: 0.9492, wall dice: 0.8676, distal recall: 0.8961
epoch: 119, iter: 2490/3251, distal-aware loss: 0.2670, lumen dice: 0.9492, wall dice: 0.8677, distal recall: 0.8961
epoch: 119, iter: 2500/3251, distal-aware loss: 0.2669, lumen dice: 0.9493, wall dice: 0.8677, distal recall: 0.8962
epoch: 119, iter: 2510/3251, distal-aware loss: 0.2669, lumen dice: 0.9493, wall dice: 0.8676, distal recall: 0.8962
epoch: 119, iter: 2520/3251, distal-aware loss: 0.2669, lumen dice: 0.9493, wall dice: 0.8677, distal recall: 0.8961
epoch: 119, iter: 2530/3251, distal-aware loss: 0.2668, lumen dice: 0.9493, wall dice: 0.8677, distal recall: 0.8961
epoch: 119, iter: 2540/3251, distal-aware loss: 0.2668, lumen dice: 0.9493, wall dice: 0.8677, distal recall: 0.8962
epoch: 119, iter: 2550/3251, distal-aware loss: 0.2669, lumen dice: 0.9493, wall dice: 0.8677, distal recall: 0.8962
epoch: 119, iter: 2560/3251, distal-aware loss: 0.2669, lumen dice: 0.9493, wall dice: 0.8677, distal recall: 0.8961
epoch: 119, iter: 2570/3251, distal-aware loss: 0.2670, lumen dice: 0.9493, wall dice: 0.8676, distal recall: 0.8961
epoch: 119, iter: 2580/3251, distal-aware loss: 0.2670, lumen dice: 0.9493, wall dice: 0.8677, distal recall: 0.8961
epoch: 119, iter: 2590/3251, distal-aware loss: 0.2670, lumen dice: 0.9492, wall dice: 0.8677, distal recall: 0.8961
epoch: 119, iter: 2600/3251, distal-aware loss: 0.2670, lumen dice: 0.9492, wall dice: 0.8676, distal recall: 0.8962
epoch: 119, iter: 2610/3251, distal-aware loss: 0.2670, lumen dice: 0.9492, wall dice: 0.8676, distal recall: 0.8962
epoch: 119, iter: 2620/3251, distal-aware loss: 0.2670, lumen dice: 0.9493, wall dice: 0.8677, distal recall: 0.8962
epoch: 119, iter: 2630/3251, distal-aware loss: 0.2670, lumen dice: 0.9493, wall dice: 0.8677, distal recall: 0.8962
epoch: 119, iter: 2640/3251, distal-aware loss: 0.2670, lumen dice: 0.9493, wall dice: 0.8677, distal recall: 0.8962
epoch: 119, iter: 2650/3251, distal-aware loss: 0.2670, lumen dice: 0.9492, wall dice: 0.8678, distal recall: 0.8963
epoch: 119, iter: 2660/3251, distal-aware loss: 0.2669, lumen dice: 0.9493, wall dice: 0.8678, distal recall: 0.8963
epoch: 119, iter: 2670/3251, distal-aware loss: 0.2669, lumen dice: 0.9493, wall dice: 0.8678, distal recall: 0.8963
epoch: 119, iter: 2680/3251, distal-aware loss: 0.2668, lumen dice: 0.9493, wall dice: 0.8678, distal recall: 0.8964
epoch: 119, iter: 2690/3251, distal-aware loss: 0.2669, lumen dice: 0.9493, wall dice: 0.8678, distal recall: 0.8964
epoch: 119, iter: 2700/3251, distal-aware loss: 0.2670, lumen dice: 0.9493, wall dice: 0.8677, distal recall: 0.8964
epoch: 119, iter: 2710/3251, distal-aware loss: 0.2669, lumen dice: 0.9493, wall dice: 0.8677, distal recall: 0.8964
epoch: 119, iter: 2720/3251, distal-aware loss: 0.2668, lumen dice: 0.9493, wall dice: 0.8677, distal recall: 0.8965
epoch: 119, iter: 2730/3251, distal-aware loss: 0.2669, lumen dice: 0.9493, wall dice: 0.8678, distal recall: 0.8965
epoch: 119, iter: 2740/3251, distal-aware loss: 0.2669, lumen dice: 0.9493, wall dice: 0.8678, distal recall: 0.8965
epoch: 119, iter: 2750/3251, distal-aware loss: 0.2668, lumen dice: 0.9493, wall dice: 0.8678, distal recall: 0.8965
epoch: 119, iter: 2760/3251, distal-aware loss: 0.2668, lumen dice: 0.9493, wall dice: 0.8678, distal recall: 0.8964
epoch: 119, iter: 2770/3251, distal-aware loss: 0.2667, lumen dice: 0.9493, wall dice: 0.8678, distal recall: 0.8964
epoch: 119, iter: 2780/3251, distal-aware loss: 0.2667, lumen dice: 0.9493, wall dice: 0.8678, distal recall: 0.8965
epoch: 119, iter: 2790/3251, distal-aware loss: 0.2667, lumen dice: 0.9493, wall dice: 0.8677, distal recall: 0.8964
epoch: 119, iter: 2800/3251, distal-aware loss: 0.2667, lumen dice: 0.9494, wall dice: 0.8677, distal recall: 0.8964
epoch: 119, iter: 2810/3251, distal-aware loss: 0.2667, lumen dice: 0.9494, wall dice: 0.8677, distal recall: 0.8964
epoch: 119, iter: 2820/3251, distal-aware loss: 0.2669, lumen dice: 0.9493, wall dice: 0.8677, distal recall: 0.8964
epoch: 119, iter: 2830/3251, distal-aware loss: 0.2669, lumen dice: 0.9493, wall dice: 0.8676, distal recall: 0.8964
epoch: 119, iter: 2840/3251, distal-aware loss: 0.2668, lumen dice: 0.9493, wall dice: 0.8677, distal recall: 0.8964
epoch: 119, iter: 2850/3251, distal-aware loss: 0.2670, lumen dice: 0.9493, wall dice: 0.8676, distal recall: 0.8964
epoch: 119, iter: 2860/3251, distal-aware loss: 0.2670, lumen dice: 0.9493, wall dice: 0.8676, distal recall: 0.8964
epoch: 119, iter: 2870/3251, distal-aware loss: 0.2670, lumen dice: 0.9493, wall dice: 0.8676, distal recall: 0.8964
epoch: 119, iter: 2880/3251, distal-aware loss: 0.2674, lumen dice: 0.9490, wall dice: 0.8674, distal recall: 0.8964
epoch: 119, iter: 2890/3251, distal-aware loss: 0.2677, lumen dice: 0.9489, wall dice: 0.8673, distal recall: 0.8964
epoch: 119, iter: 2900/3251, distal-aware loss: 0.2676, lumen dice: 0.9489, wall dice: 0.8673, distal recall: 0.8964
epoch: 119, iter: 2910/3251, distal-aware loss: 0.2677, lumen dice: 0.9490, wall dice: 0.8673, distal recall: 0.8964
epoch: 119, iter: 2920/3251, distal-aware loss: 0.2677, lumen dice: 0.9490, wall dice: 0.8672, distal recall: 0.8963
epoch: 119, iter: 2930/3251, distal-aware loss: 0.2677, lumen dice: 0.9490, wall dice: 0.8672, distal recall: 0.8964
epoch: 119, iter: 2940/3251, distal-aware loss: 0.2676, lumen dice: 0.9490, wall dice: 0.8673, distal recall: 0.8964
epoch: 119, iter: 2950/3251, distal-aware loss: 0.2675, lumen dice: 0.9490, wall dice: 0.8674, distal recall: 0.8965
epoch: 119, iter: 2960/3251, distal-aware loss: 0.2675, lumen dice: 0.9490, wall dice: 0.8674, distal recall: 0.8965
epoch: 119, iter: 2970/3251, distal-aware loss: 0.2675, lumen dice: 0.9490, wall dice: 0.8673, distal recall: 0.8964
epoch: 119, iter: 2980/3251, distal-aware loss: 0.2674, lumen dice: 0.9491, wall dice: 0.8674, distal recall: 0.8965
epoch: 119, iter: 2990/3251, distal-aware loss: 0.2675, lumen dice: 0.9490, wall dice: 0.8673, distal recall: 0.8964
epoch: 119, iter: 3000/3251, distal-aware loss: 0.2676, lumen dice: 0.9490, wall dice: 0.8672, distal recall: 0.8964
epoch: 119, iter: 3010/3251, distal-aware loss: 0.2676, lumen dice: 0.9490, wall dice: 0.8673, distal recall: 0.8964
epoch: 119, iter: 3020/3251, distal-aware loss: 0.2675, lumen dice: 0.9491, wall dice: 0.8673, distal recall: 0.8963
epoch: 119, iter: 3030/3251, distal-aware loss: 0.2676, lumen dice: 0.9491, wall dice: 0.8672, distal recall: 0.8963
epoch: 119, iter: 3040/3251, distal-aware loss: 0.2676, lumen dice: 0.9490, wall dice: 0.8672, distal recall: 0.8963
epoch: 119, iter: 3050/3251, distal-aware loss: 0.2676, lumen dice: 0.9490, wall dice: 0.8672, distal recall: 0.8963
epoch: 119, iter: 3060/3251, distal-aware loss: 0.2676, lumen dice: 0.9490, wall dice: 0.8672, distal recall: 0.8963
epoch: 119, iter: 3070/3251, distal-aware loss: 0.2677, lumen dice: 0.9490, wall dice: 0.8672, distal recall: 0.8962
epoch: 119, iter: 3080/3251, distal-aware loss: 0.2677, lumen dice: 0.9490, wall dice: 0.8671, distal recall: 0.8962
epoch: 119, iter: 3090/3251, distal-aware loss: 0.2678, lumen dice: 0.9490, wall dice: 0.8671, distal recall: 0.8962
epoch: 119, iter: 3100/3251, distal-aware loss: 0.2679, lumen dice: 0.9489, wall dice: 0.8669, distal recall: 0.8962
epoch: 119, iter: 3110/3251, distal-aware loss: 0.2678, lumen dice: 0.9490, wall dice: 0.8669, distal recall: 0.8962
epoch: 119, iter: 3120/3251, distal-aware loss: 0.2680, lumen dice: 0.9489, wall dice: 0.8668, distal recall: 0.8961
epoch: 119, iter: 3130/3251, distal-aware loss: 0.2682, lumen dice: 0.9489, wall dice: 0.8667, distal recall: 0.8960
epoch: 119, iter: 3140/3251, distal-aware loss: 0.2681, lumen dice: 0.9489, wall dice: 0.8668, distal recall: 0.8961
epoch: 119, iter: 3150/3251, distal-aware loss: 0.2681, lumen dice: 0.9489, wall dice: 0.8668, distal recall: 0.8961
epoch: 119, iter: 3160/3251, distal-aware loss: 0.2682, lumen dice: 0.9488, wall dice: 0.8667, distal recall: 0.8961
epoch: 119, iter: 3170/3251, distal-aware loss: 0.2682, lumen dice: 0.9489, wall dice: 0.8667, distal recall: 0.8961
epoch: 119, iter: 3180/3251, distal-aware loss: 0.2682, lumen dice: 0.9488, wall dice: 0.8667, distal recall: 0.8961
epoch: 119, iter: 3190/3251, distal-aware loss: 0.2682, lumen dice: 0.9489, wall dice: 0.8666, distal recall: 0.8960
epoch: 119, iter: 3200/3251, distal-aware loss: 0.2682, lumen dice: 0.9489, wall dice: 0.8666, distal recall: 0.8960
epoch: 119, iter: 3210/3251, distal-aware loss: 0.2682, lumen dice: 0.9489, wall dice: 0.8666, distal recall: 0.8960
epoch: 119, iter: 3220/3251, distal-aware loss: 0.2682, lumen dice: 0.9489, wall dice: 0.8666, distal recall: 0.8961
epoch: 119, iter: 3230/3251, distal-aware loss: 0.2682, lumen dice: 0.9489, wall dice: 0.8666, distal recall: 0.8960
epoch: 119, iter: 3240/3251, distal-aware loss: 0.2682, lumen dice: 0.9489, wall dice: 0.8666, distal recall: 0.8960
epoch: 119, iter: 3250/3251, distal-aware loss: 0.2682, lumen dice: 0.9489, wall dice: 0.8666, distal recall: 0.8961
epoch: 119, val distal-aware loss: 0.2773, val lumen dice: 0.9561, val wall dice: 0.8888, val distal recall: 0.9073
